{
    "thrust": 0.10843748810547245,
    "discharge_current": 11.167078071016464,
    "ion_velocity": [
        -1235.5371018024339,
        -257.4482229545267,
        1306.1215839992842,
        4491.091328964929,
        9710.161553610573,
        14327.779674324196,
        17547.58226991669,
        19528.44192752184,
        20572.542513630848,
        21045.305692736005,
        21245.878104147057
    ],
    "z_normalized": [
        0.0,
        0.0076,
        0.0156,
        0.0236,
        0.0316,
        0.039599999999999996,
        0.0476,
        0.0556,
        0.0636,
        0.0716,
        0.0796
    ]
}