{
    "thrust": 0.09405482572102186,
    "discharge_current": 64.90384987365587,
    "ion_velocity": [
        -2521.1825691697504,
        2002.8841856209597,
        4252.046804101319,
        7887.7969255662365,
        12053.11578563417,
        15799.599558336195,
        18580.93041569425,
        20312.539730449822,
        21262.015178662627,
        21728.668014758165,
        21970.12296171692
    ],
    "z_normalized": [
        0.0,
        0.0076,
        0.0156,
        0.0236,
        0.0316,
        0.039599999999999996,
        0.0476,
        0.0556,
        0.0636,
        0.0716,
        0.0796
    ]
}