{
    "thrust": 0.06096522790152297,
    "discharge_current": 0.4631218181716735,
    "ion_velocity": [
        -176.89798367879465,
        715.8887901861905,
        708.4120921298675,
        431.74014851487806,
        2319.5165848108973,
        3044.480638187164,
        3795.661743011416,
        5017.559794820396,
        5296.432492995297,
        5755.353644992982,
        6833.1467511036935
    ],
    "z_normalized": [
        0.0,
        0.0076,
        0.0156,
        0.0236,
        0.0316,
        0.039599999999999996,
        0.0476,
        0.0556,
        0.0636,
        0.0716,
        0.0796
    ]
}