{
    "thrust": 0.10614500349697852,
    "discharge_current": 10.234792565694578,
    "ion_velocity": [
        -1235.4352224289769,
        -234.66113035871084,
        889.0402936492926,
        3456.9714635967644,
        8950.736821310371,
        13905.013726368215,
        17343.89839552439,
        19444.127570676446,
        20544.226466946468,
        21038.76295409884,
        21246.25611223105
    ],
    "z_normalized": [
        0.0,
        0.0076,
        0.0156,
        0.0236,
        0.0316,
        0.039599999999999996,
        0.0476,
        0.0556,
        0.0636,
        0.0716,
        0.0796
    ]
}