{
    "thrust": 0.10511310142403879,
    "discharge_current": 20.001122792846544,
    "ion_velocity": [
        -1619.874993517769,
        707.0812788331533,
        2944.437953348998,
        6366.925716982052,
        11197.98116287531,
        15260.658102805148,
        18057.006571892733,
        19837.790135182873,
        20817.902584894877,
        21280.69464246044,
        21493.603793231097
    ],
    "z_normalized": [
        0.0,
        0.0076,
        0.0156,
        0.0236,
        0.0316,
        0.039599999999999996,
        0.0476,
        0.0556,
        0.0636,
        0.0716,
        0.0796
    ]
}