{
    "thrust": 0.10658500814905404,
    "discharge_current": 18.41628523488665,
    "ion_velocity": [
        -1495.8473588600386,
        47.200274420836784,
        1516.187382233779,
        3238.5510570331917,
        8865.277955860005,
        13971.659707318893,
        17378.7253834946,
        19490.291256916124,
        20646.629435376442,
        21188.37307413431,
        21435.838626873352
    ],
    "z_normalized": [
        0.0,
        0.0076,
        0.0156,
        0.0236,
        0.0316,
        0.039599999999999996,
        0.0476,
        0.0556,
        0.0636,
        0.0716,
        0.0796
    ]
}