{
    "thrust": 3.2140858555504317e-12,
    "discharge_current": 1.242383768873318e-10,
    "ion_velocity": [
        -1204.6729034692885,
        1334.3016197793552,
        2686.9157715050596,
        4188.435698406694,
        10364.646760662867,
        14736.116359122183,
        16573.044556040393,
        16383.186680539171,
        15847.112539082107,
        15290.376446203243,
        14729.164542563749
    ],
    "z_normalized": [
        0.0,
        0.0076,
        0.0156,
        0.0236,
        0.0316,
        0.039599999999999996,
        0.0476,
        0.0556,
        0.0636,
        0.0716,
        0.0796
    ]
}