{
    "thrust": 0.10447040072033546,
    "discharge_current": 20.38800350893668,
    "ion_velocity": [
        -1642.1467861387534,
        811.5704389750765,
        3195.248050349736,
        6926.283933478409,
        11628.878857610262,
        15503.074585570488,
        18187.13048517191,
        19905.095372835804,
        20851.630628015588,
        21299.394863993817,
        21505.738880307083
    ],
    "z_normalized": [
        0.0,
        0.0076,
        0.0156,
        0.0236,
        0.0316,
        0.039599999999999996,
        0.0476,
        0.0556,
        0.0636,
        0.0716,
        0.0796
    ]
}