{
    "thrust": 0.10736973824087956,
    "discharge_current": 11.064095410384777,
    "ion_velocity": [
        -1235.5025102866186,
        -254.13580430893842,
        1491.232791448584,
        4966.305278178791,
        10071.455505651571,
        14529.089678784117,
        17650.042725174826,
        19573.810786822247,
        20588.302666580086,
        21047.975433852425,
        21242.866227840314
    ],
    "z_normalized": [
        0.0,
        0.0076,
        0.0156,
        0.0236,
        0.0316,
        0.039599999999999996,
        0.0476,
        0.0556,
        0.0636,
        0.0716,
        0.0796
    ]
}