{
    "thrust": 0.0967152366317979,
    "discharge_current": 54.306066662365446,
    "ion_velocity": [
        -2347.8539854558294,
        1832.006098063929,
        3997.191525118282,
        7592.05926847377,
        11804.199592298743,
        15627.991348736232,
        18455.48716922188,
        20206.005326386457,
        21168.257035013412,
        21638.68438006652,
        21877.161397084
    ],
    "z_normalized": [
        0.0,
        0.0076,
        0.0156,
        0.0236,
        0.0316,
        0.039599999999999996,
        0.0476,
        0.0556,
        0.0636,
        0.0716,
        0.0796
    ]
}