{
    "thrust": 0.10526665760025544,
    "discharge_current": 9.83650163911625,
    "ion_velocity": [
        -1235.076758264623,
        -222.9569868585625,
        944.2864206463771,
        3649.7507971629975,
        9088.068700401813,
        13974.7370521566,
        17379.118991550866,
        19456.751636243338,
        20542.56516688103,
        21029.423585862256,
        21232.42228155118
    ],
    "z_normalized": [
        0.0,
        0.0076,
        0.0156,
        0.0236,
        0.0316,
        0.039599999999999996,
        0.0476,
        0.0556,
        0.0636,
        0.0716,
        0.0796
    ]
}