{
    "thrust": 0.09304417825080591,
    "discharge_current": 69.33708186797236,
    "ion_velocity": [
        -2585.817747588546,
        2053.9479807670373,
        4303.515111827581,
        7897.68182925127,
        12062.620054223311,
        15812.314775074257,
        18599.285501729817,
        20337.8418020914,
        21290.332377775198,
        21759.333121793763,
        22003.811991573348
    ],
    "z_normalized": [
        0.0,
        0.0076,
        0.0156,
        0.0236,
        0.0316,
        0.039599999999999996,
        0.0476,
        0.0556,
        0.0636,
        0.0716,
        0.0796
    ]
}