{
    "thrust": 0.1061419071181407,
    "discharge_current": 10.442032683243726,
    "ion_velocity": [
        -1235.5573399761836,
        -238.45928295171638,
        881.6493157590193,
        3402.6506259487915,
        8911.185038247073,
        13885.726602925355,
        17332.869790561486,
        19439.638174666856,
        20544.90775550555,
        21042.6498561202,
        21252.31986725485
    ],
    "z_normalized": [
        0.0,
        0.0076,
        0.0156,
        0.0236,
        0.0316,
        0.039599999999999996,
        0.0476,
        0.0556,
        0.0636,
        0.0716,
        0.0796
    ]
}