{
    "thrust": 0.10679642863787642,
    "discharge_current": 9.330897307318217,
    "ion_velocity": [
        -1235.688320119433,
        -238.6362472614977,
        248.6221208834494,
        1690.431576915375,
        7655.310781871452,
        13167.107192699827,
        16985.894552967784,
        19294.840999690405,
        20493.01318041226,
        21025.8775648893,
        21245.58659602374
    ],
    "z_normalized": [
        0.0,
        0.0076,
        0.0156,
        0.0236,
        0.0316,
        0.039599999999999996,
        0.0476,
        0.0556,
        0.0636,
        0.0716,
        0.0796
    ]
}