{
    "thrust": [
        0.1882390556138366
    ],
    "time": [
        0.001
    ],
    "discharge_current": [
        12.29832836226925
    ],
    "z_normalized": [
        0.0,
        0.18999999999999997,
        0.38999999999999996,
        0.59,
        0.7899999999999999,
        0.99,
        1.19,
        1.3900000000000001,
        1.5899999999999999,
        1.7899999999999998,
        1.99
    ],
    "ion_velocity": [
        [
            -1329.7537842289166,
            -61.48231750053524,
            261.93750289383735,
            596.6487156584417,
            3939.845542661519,
            9216.503027114846,
            12827.67543888673,
            15472.779117201844,
            17690.51585177607,
            19550.14073631858,
            21405.423795529205
        ]
    ]
}