{
    "thrust": [
        0.1882008237812686
    ],
    "time": [
        0.001
    ],
    "discharge_current": [
        12.311126871280848
    ],
    "z_normalized": [
        0.0,
        0.18999999999999997,
        0.38999999999999996,
        0.59,
        0.7899999999999999,
        0.99,
        1.19,
        1.3900000000000001,
        1.5899999999999999,
        1.7899999999999998,
        1.99
    ],
    "ion_velocity": [
        [
            -1327.1095379531894,
            -61.2151295418155,
            261.802050109423,
            598.2235253304101,
            3970.4195902222796,
            9250.299145987301,
            12852.146153127178,
            15488.905883728012,
            17700.142941057147,
            19555.023431534482,
            21405.808515304732
        ]
    ]
}