{
    "thrust": [
        0.18829853947587244
    ],
    "time": [
        0.001
    ],
    "discharge_current": [
        12.296090751404698
    ],
    "z_normalized": [
        0.0,
        0.18999999999999997,
        0.38999999999999996,
        0.59,
        0.7899999999999999,
        0.99,
        1.19,
        1.3900000000000001,
        1.5899999999999999,
        1.7899999999999998,
        1.99
    ],
    "ion_velocity": [
        [
            -1325.4517194361053,
            -61.647661113346196,
            261.9873691959334,
            596.4770723131247,
            3933.451336685003,
            9209.264008831242,
            12822.109603283145,
            15468.725774480366,
            17687.757423985655,
            19548.51101502206,
            21405.08846680235
        ]
    ]
}