{
    "thrust": [
        0.1858649168623024
    ],
    "time": [
        0.001
    ],
    "discharge_current": [
        18.472245674109256
    ],
    "z_normalized": [
        0.0,
        0.18999999999999997,
        0.38999999999999996,
        0.59,
        0.7899999999999999,
        0.99,
        1.19,
        1.3900000000000001,
        1.5899999999999999,
        1.7899999999999998,
        1.99
    ],
    "ion_velocity": [
        [
            -1346.2646011226327,
            -39.971660711068495,
            341.0145391803462,
            1571.0572231509104,
            4460.693989099043,
            7928.63998540683,
            11661.155838055118,
            14715.940895018475,
            17210.50295389331,
            19267.258759418324,
            21399.262483076425
        ]
    ]
}