{
    "thrust": [
        0.18947385120540075
    ],
    "time": [
        0.001
    ],
    "discharge_current": [
        12.181905605913816
    ],
    "z_normalized": [
        0.0,
        0.18999999999999997,
        0.38999999999999996,
        0.59,
        0.7899999999999999,
        0.99,
        1.19,
        1.3900000000000001,
        1.5899999999999999,
        1.7899999999999998,
        1.99
    ],
    "ion_velocity": [
        [
            -1334.2326548258147,
            -64.29871150474052,
            262.36448626387505,
            585.3422497915378,
            3629.7846733830334,
            8874.867962578797,
            12593.252918816097,
            15331.554163947003,
            17615.734773972625,
            19518.273168552594,
            21410.222580668596
        ]
    ]
}