{
    "thrust": [
        0.18085568753484046
    ],
    "time": [
        0.001
    ],
    "discharge_current": [
        23.349668854463594
    ],
    "z_normalized": [
        0.0,
        0.18999999999999997,
        0.38999999999999996,
        0.59,
        0.7899999999999999,
        0.99,
        1.19,
        1.3900000000000001,
        1.5899999999999999,
        1.7899999999999998,
        1.99
    ],
    "ion_velocity": [
        [
            -1330.4855034903376,
            -57.37944020866017,
            411.35392074206766,
            2334.8834152529835,
            5557.153597867381,
            9187.533327724645,
            12621.915469395788,
            15321.367984975743,
            17537.521876072336,
            19400.385470566955,
            21355.22787049952
        ]
    ]
}