{
    "thrust": [
        0.18823290207897111
    ],
    "time": [
        0.001
    ],
    "discharge_current": [
        12.303804185125102
    ],
    "z_normalized": [
        0.0,
        0.18999999999999997,
        0.38999999999999996,
        0.59,
        0.7899999999999999,
        0.99,
        1.19,
        1.3900000000000001,
        1.5899999999999999,
        1.7899999999999998,
        1.99
    ],
    "ion_velocity": [
        [
            -1330.2594493524878,
            -61.40392433794125,
            261.9817105998087,
            596.5738114763296,
            3939.996701177906,
            9217.2331431171,
            12828.461716288219,
            15473.188386112664,
            17690.42428294923,
            19549.653509145286,
            21404.699923567878
        ]
    ]
}