{
    "thrust": [
        0.1881456974604433
    ],
    "time": [
        0.001
    ],
    "discharge_current": [
        12.299252023478047
    ],
    "z_normalized": [
        0.0,
        0.18999999999999997,
        0.38999999999999996,
        0.59,
        0.7899999999999999,
        0.99,
        1.19,
        1.3900000000000001,
        1.5899999999999999,
        1.7899999999999998,
        1.99
    ],
    "ion_velocity": [
        [
            -1339.0571544927789,
            -61.68205616908053,
            262.0979530027193,
            596.3679059248745,
            3931.1214934879863,
            9206.536667757884,
            12820.204550049826,
            15467.593860720537,
            17687.183139958866,
            19548.271596015435,
            21405.073383151193
        ]
    ]
}