{
    "c1": 0.11040295558758037,
    "alpha": 1.47704172938676
}