{
    "v1": -3.911847459661687,
    "alpha": 0.0034823109127133803
}