{
    "thrust": 0.12911430184151762,
    "discharge_current": 19.137165390262197,
    "ion_velocity": [
        -1224.6978278985705,
        565.5159537962971,
        1643.3915783133154,
        2918.8647875356446,
        4643.665168944113,
        6419.976393212971,
        9312.881215491785,
        16023.123760202217,
        19320.424513406993,
        19577.66829237588,
        19545.094702544968
    ],
    "z_normalized": [
        0.0,
        0.0076,
        0.0156,
        0.0236,
        0.0316,
        0.039599999999999996,
        0.0476,
        0.0556,
        0.0636,
        0.0716,
        0.0796
    ]
}