{
    "thrust": 0.09851035621859379,
    "discharge_current": 30.949354396465313
}