{
    "thrust": 0.09851035621859379,
    "discharge_current": 30.949354396465313,
    "ion_velocity": [
        -1954.0318136253188,
        1532.897065537175,
        4754.143507289632,
        10064.008390500489,
        13862.965998329473,
        16833.34351706478,
        18986.23685927889,
        20357.03389174386,
        21136.90860260155,
        21517.89268125176,
        21689.32867788214
    ],
    "z_normalized": [
        0.0,
        0.0076,
        0.0156,
        0.0236,
        0.0316,
        0.039599999999999996,
        0.0476,
        0.0556,
        0.0636,
        0.0716,
        0.0796
    ]
}