{
    "thrust": 0.07964283656408315,
    "discharge_current": 13.090598394789343,
    "ion_velocity": [
        -1283.1706769587668,
        856.4346875372038,
        2973.4238990951967,
        5658.160687990591,
        9100.71461995824,
        12935.188826976593,
        16148.667428792329,
        18257.340817496806,
        19485.898874988616,
        20107.76470747441,
        20398.800056383774
    ],
    "z_normalized": [
        0.0,
        0.0076,
        0.0156,
        0.0236,
        0.0316,
        0.039599999999999996,
        0.0476,
        0.0556,
        0.0636,
        0.0716,
        0.0796
    ]
}