{
    "thrust": [
        0.18756397873881378
    ],
    "time": [
        0.001
    ],
    "discharge_current": [
        10.361619319582642
    ],
    "z_normalized": [
        0.0,
        0.18999999999999997,
        0.38999999999999996,
        0.59,
        0.7899999999999999,
        0.99,
        1.19,
        1.3900000000000001,
        1.5899999999999999,
        1.7899999999999998,
        1.99
    ],
    "ion_velocity": [
        [
            -1332.4950009002055,
            -55.38666528282158,
            261.5598292555646,
            431.26931207717416,
            2454.60167200456,
            9948.245971993156,
            13565.755225818108,
            15971.48369341959,
            18030.767867958162,
            19749.09055161278,
            21406.097743961975
        ]
    ]
}