{
    "thrust": [
        0.19007822966920204
    ],
    "time": [
        0.001
    ],
    "discharge_current": [
        11.100996814448491
    ],
    "z_normalized": [
        0.0,
        0.18999999999999997,
        0.38999999999999996,
        0.59,
        0.7899999999999999,
        0.99,
        1.19,
        1.3900000000000001,
        1.5899999999999999,
        1.7899999999999998,
        1.99
    ],
    "ion_velocity": [
        [
            -1342.002790060287,
            -59.54618981351536,
            251.00225807443275,
            452.2015003292792,
            2493.4810161967,
            9278.310147532,
            13021.386964249708,
            15613.086241679615,
            17805.63392132806,
            19644.00154338807,
            21439.28433993986
        ]
    ]
}