{
    "thrust": [
        0.190812417941147
    ],
    "time": [
        0.001
    ],
    "discharge_current": [
        11.410494446475196
    ],
    "z_normalized": [
        0.0,
        0.18999999999999997,
        0.38999999999999996,
        0.59,
        0.7899999999999999,
        0.99,
        1.19,
        1.3900000000000001,
        1.5899999999999999,
        1.7899999999999998,
        1.99
    ],
    "ion_velocity": [
        [
            -1346.5306501380455,
            -63.37992610932096,
            257.4916071253174,
            484.1950388990942,
            2684.3880236571877,
            8812.93260686288,
            12641.844552496368,
            15355.56844526621,
            17631.156925522224,
            19529.25150869674,
            21402.06584063032
        ]
    ]
}