{
    "thrust": [
        0.18842528673261585
    ],
    "time": [
        0.001
    ],
    "discharge_current": [
        10.543348270810613
    ],
    "z_normalized": [
        0.0,
        0.18999999999999997,
        0.38999999999999996,
        0.59,
        0.7899999999999999,
        0.99,
        1.19,
        1.3900000000000001,
        1.5899999999999999,
        1.7899999999999998,
        1.99
    ],
    "ion_velocity": [
        [
            -1324.5353456287648,
            -58.184952912242935,
            258.6863415089586,
            434.91656588939446,
            2409.420997346154,
            9812.37304013358,
            13463.310192103192,
            15890.969749109352,
            17967.437545660494,
            19709.981574405134,
            21411.101657365045
        ]
    ]
}