{
    "thrust": [
        0.1890701635313844
    ],
    "time": [
        0.001
    ],
    "discharge_current": [
        11.07905817976736
    ],
    "z_normalized": [
        0.0,
        0.18999999999999997,
        0.38999999999999996,
        0.59,
        0.7899999999999999,
        0.99,
        1.19,
        1.3900000000000001,
        1.5899999999999999,
        1.7899999999999998,
        1.99
    ],
    "ion_velocity": [
        [
            -1362.2781962111717,
            -55.981901324020804,
            249.10071952468542,
            451.43312837431876,
            2642.183142199177,
            9589.517688463127,
            13249.587193414452,
            15762.889531124047,
            17891.208436839333,
            19678.873038990547,
            21424.80926726289
        ]
    ]
}