{"input":{"config":{"thruster":{"name":"noname","geometry":{"channel_length":0.025,"inner_radius":0.0345,"outer_radius":0.05},"magnetic_field":{"file":"config/bfield_spt100.csv","z":[0.00023880597014925425,0.0009552238805970153,0.002746268656716417,0.00453731343283582,0.006208955223880597,0.007641791044776119,0.008716417910447763,0.009791044776119404,0.010985074626865671,0.011820895522388061,0.012298507462686566,0.013134328358208953,0.013850746268656716,0.014328358208955224,0.015044776119402987,0.015402985074626865,0.016,0.016895522388059706,0.01791044776119403,0.0191044776119403,0.020417910447761194,0.02185074626865672,0.023044776119402983,0.023701492537313427,0.024716417910447763,0.025432835820895526,0.026507462686567167,0.027462686567164177,0.028656716417910455,0.03044776119402985,0.03247761194029851,0.03402985074626866,0.03516417910447761,0.03617910447761194,0.03773134328358209,0.03880597014925372,0.040238805970149255,0.04167164179104478,0.04298507462686567,0.04513432835820896,0.04692537313432836,0.048835820895522394,0.05062686567164179,0.05265671641791045,0.05456716417910448,0.057074626865671635,0.05898507462686568,0.06137313432835821,0.06435820895522387,0.06698507462686568,0.06985074626865673,0.07271641791044776,0.07582089552238806,0.07976119402985075,0.08429850746268656,0.08811940298507463,0.09170149253731344,0.09504477611940298],"B":[0.001270040153019022,0.001467461349175923,0.0020671890123341295,0.0028358293053351745,0.0037191082181385403,0.004606722945787747,0.005348984422672734,0.0061518490385550064,0.007106028751421144,0.007805795179397711,0.008214857910454315,0.008942316376541201,0.009572823024272148,0.009994090166874652,0.010623386057112418,0.010935332619067374,0.011448720516107215,0.012196794800466586,0.012999300346450053,0.01385940403645398,0.014670376745944609,0.015357532671917147,0.015749232171269584,0.015888908345819713,0.01599468393778214,0.015995374820542696,0.015943988547241574,0.015850949821945355,0.015673220818814174,0.015283734862952779,0.014677278758243503,0.01410822780888086,0.013642076561325158,0.013193576942214671,0.0124591377045839,0.011922716073683335,0.01118107549748052,0.010419336428956982,0.009712537394814098,0.008559014472546093,0.007619675655572734,0.006658003411988738,0.005807248414778584,0.00491453334486483,0.004151576363180176,0.0032705646950853453,0.00269178355105873,0.0020769791212909487,0.0014652864326227175,0.0010536927792397402,0.0007176911394078401,0.0004765994944840449,0.0002972572662202792,0.00015642617423371023,7.038182556168168e-5,3.419586575717889e-5,1.668425983528285e-5,8.239491733736346e-6]},"shielded":false},"domain":[0.0,0.08],"discharge_voltage":300.0,"anode_mass_flow_rate":5.0e-6,"ncharge":1,"propellant":"Xenon","cathode_coupling_voltage":0.0,"anode_boundary_condition":"sheath","anode_Tev":2.0,"cathode_Tev":2.0,"anom_model":{"type":"MultiLogBohm","zs":[0.0,0.01,0.02,0.03,0.04,0.05,0.06,0.07],"cs":[0.02,0.024,0.028,0.033,0.04,0.004,0.004,0.05]},"wall_loss_model":{"type":"WallSheath","material":"BNSiO2","loss_scale":1.0},"conductivity_model":{"type":"Mitchner"},"electron_ion_collisions":true,"neutral_velocity":150.0,"neutral_temperature_K":500.0,"ion_temperature_K":1000.0,"ion_wall_losses":false,"background_pressure_Torr":0.0,"background_temperature_K":100.0,"neutral_ingestion_multiplier":1.0,"solve_plume":false,"apply_thrust_divergence_correction":false,"electron_plume_loss_scale":1.0,"magnetic_field_scale":1.0,"transition_length":0.0025000000000000005,"scheme":{"flux_function":"rusanov","limiter":"van_leer","reconstruct":true},"initial_condition":{"type":"DefaultInitialization","max_electron_temperature":-1.0,"min_ion_density":2.0e17,"max_ion_density":1.0e18},"implicit_energy":1.0,"reaction_rate_directories":[],"anom_smoothing_iters":0,"LANDMARK":false,"ionization_model":"Lookup","excitation_model":"Lookup","electron_neutral_model":"Lookup"},"simulation":{"grid":{"type":"EvenGrid","num_cells":100},"dt":1.0e-6,"duration":0.001,"num_save":1000,"verbose":true,"print_errors":true,"adaptive":true,"CFL":0.799,"min_dt":1.0e-10,"max_dt":1.0e-7,"max_small_steps":100,"current_control":{"type":"NoController"}},"postprocess":{"output_file":"results_test/postprocess/output_multilogbohm.json","average_start_time":-1.0,"save_time_resolved":false}},"output":{"retcode":"success","error":""}}