{
    "thrust": [
        0.19209520847760914
    ],
    "time": [
        0.001
    ],
    "discharge_current": [
        11.46636106232457
    ],
    "z_normalized": [
        0.0,
        0.18999999999999997,
        0.38999999999999996,
        0.59,
        0.7899999999999999,
        0.99,
        1.19,
        1.3900000000000001,
        1.5899999999999999,
        1.7899999999999998,
        1.99
    ],
    "ion_velocity": [
        [
            -1348.1349925407437,
            -69.64541762591503,
            255.3963616427652,
            484.4982866069168,
            2339.8258233002402,
            8096.001654548722,
            12100.924716859134,
            14996.036721000883,
            17418.837471254174,
            19428.595461952988,
            21410.076173243742
        ]
    ]
}