{
    "thrust": [
        0.19033097964318058
    ],
    "time": [
        0.001
    ],
    "discharge_current": [
        11.372533764666924
    ],
    "z_normalized": [
        0.0,
        0.18999999999999997,
        0.38999999999999996,
        0.59,
        0.7899999999999999,
        0.99,
        1.19,
        1.3900000000000001,
        1.5899999999999999,
        1.7899999999999998,
        1.99
    ],
    "ion_velocity": [
        [
            -1345.7414321945148,
            -59.25340813283618,
            258.50773083292074,
            481.764844484851,
            2768.4999925651477,
            9030.261816259073,
            12810.456315836089,
            15470.681045734924,
            17698.88665418919,
            19557.281602728282,
            21392.149860861577
        ]
    ]
}