{
    "thrust": [
        0.1814024995147904
    ],
    "time": [
        0.001
    ],
    "discharge_current": [
        27.59935321680245
    ],
    "z_normalized": [
        0.0,
        0.18999999999999997,
        0.38999999999999996,
        0.59,
        0.7899999999999999,
        0.99,
        1.19,
        1.3900000000000001,
        1.5899999999999999,
        1.7899999999999998,
        1.99
    ],
    "ion_velocity": [
        [
            -1375.0961832762682,
            -24.073230191877496,
            847.813607448308,
            3403.5943570722247,
            7264.677137632847,
            11066.14075404953,
            14006.61016909668,
            16230.704434174573,
            18087.61537149705,
            19698.462718882474,
            21390.494834222438
        ]
    ]
}