{
    "thrust": [
        0.1537875214008351
    ],
    "time": [
        0.001
    ],
    "discharge_current": [
        88.34994555637411
    ],
    "z_normalized": [
        0.0,
        0.18999999999999997,
        0.38999999999999996,
        0.59,
        0.7899999999999999,
        0.99,
        1.19,
        1.3900000000000001,
        1.5899999999999999,
        1.7899999999999998,
        1.99
    ],
    "ion_velocity": [
        [
            -2414.4260831372544,
            1602.5567729107518,
            2295.095130789271,
            3563.256487544238,
            5444.41235994341,
            7650.080307608011,
            11411.646450036198,
            14587.702090277491,
            17306.851009596106,
            19593.000318556715,
            21928.609096619246
        ]
    ]
}