{
    "thrust": [
        0.19010539888481975
    ],
    "time": [
        0.001
    ],
    "discharge_current": [
        11.144280316570388
    ],
    "z_normalized": [
        0.0,
        0.18999999999999997,
        0.38999999999999996,
        0.59,
        0.7899999999999999,
        0.99,
        1.19,
        1.3900000000000001,
        1.5899999999999999,
        1.7899999999999998,
        1.99
    ],
    "ion_velocity": [
        [
            -1325.6116221048067,
            -62.8678471639304,
            256.7952986030944,
            458.7075828956899,
            2502.0668086912538,
            9183.7880396078,
            12944.274151447695,
            15547.379403115694,
            17742.366456478445,
            19584.356426050173,
            21401.045701082727
        ]
    ]
}