{
    "thrust": [
        0.18588039029851344
    ],
    "time": [
        0.001
    ],
    "discharge_current": [
        14.950629229823571
    ],
    "z_normalized": [
        0.0,
        0.18999999999999997,
        0.38999999999999996,
        0.59,
        0.7899999999999999,
        0.99,
        1.19,
        1.3900000000000001,
        1.5899999999999999,
        1.7899999999999998,
        1.99
    ],
    "ion_velocity": [
        [
            -1342.168170979418,
            -57.53000856775574,
            294.61935656867144,
            1080.7536386459944,
            4379.231154204102,
            8373.582540239575,
            12060.949734171621,
            14971.246282110878,
            17374.32948094766,
            19370.327420087404,
            21407.356624224696
        ]
    ]
}