{
    "thrust": [
        0.1491235537357127
    ],
    "time": [
        0.001
    ],
    "discharge_current": [
        99.85473820607218
    ],
    "z_normalized": [
        0.0,
        0.18999999999999997,
        0.38999999999999996,
        0.59,
        0.7899999999999999,
        0.99,
        1.19,
        1.3900000000000001,
        1.5899999999999999,
        1.7899999999999998,
        1.99
    ],
    "ion_velocity": [
        [
            -2543.1505080545303,
            1704.7077603308567,
            2368.0454583021983,
            3587.159335153606,
            5368.631486389085,
            7487.2822574414795,
            11329.213031060412,
            14549.883955768746,
            17302.334576734538,
            19617.753138144548,
            21996.680574355025
        ]
    ]
}