{
    "thrust": [
        0.18980997076383854
    ],
    "time": [
        0.001
    ],
    "discharge_current": [
        11.04573537731393
    ],
    "z_normalized": [
        0.0,
        0.18999999999999997,
        0.38999999999999996,
        0.59,
        0.7899999999999999,
        0.99,
        1.19,
        1.3900000000000001,
        1.5899999999999999,
        1.7899999999999998,
        1.99
    ],
    "ion_velocity": [
        [
            -1329.261606121802,
            -59.22683689348078,
            249.36904816174405,
            448.4370593067202,
            2545.6367503342317,
            9496.177909146598,
            13189.452199624213,
            15733.234843393293,
            17880.690769509227,
            19677.327871555757,
            21428.345944874898
        ]
    ]
}