{
    "thrust": [
        0.18303106685792178
    ],
    "time": [
        0.001
    ],
    "discharge_current": [
        20.15468597295325
    ],
    "z_normalized": [
        0.0,
        0.18999999999999997,
        0.38999999999999996,
        0.59,
        0.7899999999999999,
        0.99,
        1.19,
        1.3900000000000001,
        1.5899999999999999,
        1.7899999999999998,
        1.99
    ],
    "ion_velocity": [
        [
            -1353.5401606546673,
            -38.557677283899594,
            370.6986006888642,
            2094.7185404757447,
            5549.075582230163,
            9343.265177230673,
            12764.028504930775,
            15430.898020077984,
            17630.284306662823,
            19481.395290428794,
            21409.109900235057
        ]
    ]
}