{
    "thrust": [
        0.18853843877450938
    ],
    "time": [
        0.001
    ],
    "discharge_current": [
        10.623464421470258
    ],
    "z_normalized": [
        0.0,
        0.18999999999999997,
        0.38999999999999996,
        0.59,
        0.7899999999999999,
        0.99,
        1.19,
        1.3900000000000001,
        1.5899999999999999,
        1.7899999999999998,
        1.99
    ],
    "ion_velocity": [
        [
            -1344.5121359576601,
            -57.650750609588464,
            256.3728411393428,
            436.9451429792566,
            2309.0964485212485,
            9643.535630666021,
            13342.294034735192,
            15821.31482254325,
            17931.316176219523,
            19693.811374592344,
            21413.288159595824
        ]
    ]
}