{
    "thrust": [
        0.1817598763586362
    ],
    "time": [
        0.001
    ],
    "discharge_current": [
        26.669996376333692
    ],
    "z_normalized": [
        0.0,
        0.18999999999999997,
        0.38999999999999996,
        0.59,
        0.7899999999999999,
        0.99,
        1.19,
        1.3900000000000001,
        1.5899999999999999,
        1.7899999999999998,
        1.99
    ],
    "ion_velocity": [
        [
            -1328.9905622761828,
            -39.18359287588377,
            675.8135136640063,
            3003.5313285162733,
            6539.839916605199,
            10268.961868475913,
            13418.439820745687,
            15838.660472949317,
            17842.839085452608,
            19558.425993481287,
            21363.674855205212
        ]
    ]
}