{
    "thrust": [
        0.15827050652651786
    ],
    "time": [
        0.001
    ],
    "discharge_current": [
        79.5124357803758
    ],
    "z_normalized": [
        0.0,
        0.18999999999999997,
        0.38999999999999996,
        0.59,
        0.7899999999999999,
        0.99,
        1.19,
        1.3900000000000001,
        1.5899999999999999,
        1.7899999999999998,
        1.99
    ],
    "ion_velocity": [
        [
            -2307.0535015835435,
            1465.682798676685,
            2063.5439083335796,
            3143.6673939218967,
            4774.104137572426,
            6857.477385359941,
            10666.646061143114,
            14034.792181832214,
            16940.258933999998,
            19385.827991914735,
            21866.624550263943
        ]
    ]
}