{
    "thrust": [
        0.18812265428494493
    ],
    "time": [
        0.001
    ],
    "discharge_current": [
        10.608422302519408
    ],
    "z_normalized": [
        0.0,
        0.18999999999999997,
        0.38999999999999996,
        0.59,
        0.7899999999999999,
        0.99,
        1.19,
        1.3900000000000001,
        1.5899999999999999,
        1.7899999999999998,
        1.99
    ],
    "ion_velocity": [
        [
            -1336.2356461054792,
            -56.510804643337316,
            257.87940350462634,
            432.9881207035497,
            2288.67743030972,
            9637.293967759608,
            13338.982625499631,
            15809.494383232604,
            17916.108404552426,
            19685.399378040383,
            21419.360342283966
        ]
    ]
}