{
    "thrust": [
        0.18675941679083072
    ],
    "time": [
        0.001
    ],
    "discharge_current": [
        10.259542637329968
    ],
    "z_normalized": [
        0.0,
        0.18999999999999997,
        0.38999999999999996,
        0.59,
        0.7899999999999999,
        0.99,
        1.19,
        1.3900000000000001,
        1.5899999999999999,
        1.7899999999999998,
        1.99
    ],
    "ion_velocity": [
        [
            -1362.9207924479967,
            -58.11091717301096,
            258.50946749689905,
            429.0106752382482,
            2614.9357296907656,
            10061.773735913208,
            13656.272060234767,
            16057.549392603732,
            18113.29241848359,
            19807.5727772887,
            21431.71479599328
        ]
    ]
}