{
    "thrust": [
        0.18741596070748529
    ],
    "time": [
        0.001
    ],
    "discharge_current": [
        13.505080332267223
    ],
    "z_normalized": [
        0.0,
        0.18999999999999997,
        0.38999999999999996,
        0.59,
        0.7899999999999999,
        0.99,
        1.19,
        1.3900000000000001,
        1.5899999999999999,
        1.7899999999999998,
        1.99
    ],
    "ion_velocity": [
        [
            -1323.712821936295,
            -50.5102752294888,
            283.0823764927971,
            835.2752861742754,
            4643.699320806045,
            9303.35948521667,
            12823.590051181665,
            15467.743146934426,
            17676.99412322599,
            19532.730740534575,
            21404.872051026894
        ]
    ]
}