{
    "thrust": [
        0.19161043025618224
    ],
    "time": [
        0.001
    ],
    "discharge_current": [
        11.37086906391536
    ],
    "z_normalized": [
        0.0,
        0.18999999999999997,
        0.38999999999999996,
        0.59,
        0.7899999999999999,
        0.99,
        1.19,
        1.3900000000000001,
        1.5899999999999999,
        1.7899999999999998,
        1.99
    ],
    "ion_velocity": [
        [
            -1344.432441927261,
            -66.84927239390828,
            255.57236077626024,
            477.26160539272615,
            2347.2587811977705,
            8327.416686411774,
            12287.544507316292,
            15114.359627758056,
            17485.914677336026,
            19461.451913065746,
            21410.79680502005
        ]
    ]
}