{
    "thrust": [
        0.1907778037404161
    ],
    "time": [
        0.001
    ],
    "discharge_current": [
        12.00249089163628
    ],
    "z_normalized": [
        0.0,
        0.18999999999999997,
        0.38999999999999996,
        0.59,
        0.7899999999999999,
        0.99,
        1.19,
        1.3900000000000001,
        1.5899999999999999,
        1.7899999999999998,
        1.99
    ],
    "ion_velocity": [
        [
            -1352.1201657065635,
            -63.678358656067246,
            261.97886321392576,
            552.7588307260035,
            3106.3449798074453,
            8376.251197654394,
            12232.294535508769,
            15082.00598871684,
            17459.548774579907,
            19437.81929519055,
            21407.11322401049
        ]
    ]
}