{
    "thrust": [
        0.18982203254803698
    ],
    "time": [
        0.001
    ],
    "discharge_current": [
        13.389967372763813
    ],
    "z_normalized": [
        0.0,
        0.18999999999999997,
        0.38999999999999996,
        0.59,
        0.7899999999999999,
        0.99,
        1.19,
        1.3900000000000001,
        1.5899999999999999,
        1.7899999999999998,
        1.99
    ],
    "ion_velocity": [
        [
            -1345.7637669889123,
            -58.05169537185694,
            274.93286817319415,
            698.8651961587059,
            3485.8726346020576,
            7712.903506658649,
            11594.540429746095,
            14662.017919511622,
            17198.147679671896,
            19290.54868420706,
            21399.976546015463
        ]
    ]
}