{
    "thrust": [
        0.18771682698241438
    ],
    "time": [
        0.001
    ],
    "discharge_current": [
        11.721070385114446
    ],
    "z_normalized": [
        0.0,
        0.18999999999999997,
        0.38999999999999996,
        0.59,
        0.7899999999999999,
        0.99,
        1.19,
        1.3900000000000001,
        1.5899999999999999,
        1.7899999999999998,
        1.99
    ],
    "ion_velocity": [
        [
            -1348.5813993633467,
            -60.697319882993185,
            255.98249522182073,
            527.8827614359375,
            3752.2908710539846,
            9680.124489482794,
            13218.802936107257,
            15734.198543986924,
            17855.20493416578,
            19640.781062699396,
            21409.011622071408
        ]
    ]
}