{
    "thrust": [
        0.1869286139088015
    ],
    "time": [
        0.001
    ],
    "discharge_current": [
        15.66903257313138
    ],
    "z_normalized": [
        0.0,
        0.18999999999999997,
        0.38999999999999996,
        0.59,
        0.7899999999999999,
        0.99,
        1.19,
        1.3900000000000001,
        1.5899999999999999,
        1.7899999999999998,
        1.99
    ],
    "ion_velocity": [
        [
            -1321.9971715070508,
            -55.15340258245488,
            302.70484393705283,
            1172.9039120471623,
            4353.3184672100415,
            8188.770876242767,
            11897.374468956368,
            14858.3792930082,
            17296.105508534823,
            19316.383430616483,
            21384.973851887207
        ]
    ]
}