{
    "thrust": 0.10252370477613511,
    "discharge_current": 9.803194433493413,
    "ion_velocity": [
        -1236.3562431636185,
        -220.50755477351197,
        193.284046867969,
        934.9556553253583,
        6871.938539485319,
        12730.34880343788,
        16745.98959032683,
        19170.38832849769,
        20436.550673567774,
        21003.874211928447,
        21242.345370137053
    ],
    "z_normalized": [
        0.0,
        0.0076,
        0.0156,
        0.0236,
        0.0316,
        0.039599999999999996,
        0.0476,
        0.0556,
        0.0636,
        0.0716,
        0.0796
    ]
}