{
    "thrust": 0.10483856838429101,
    "discharge_current": 25.80479715882103,
    "ion_velocity": [
        -1730.7558825874848,
        767.5850293504391,
        2275.5863365637933,
        4532.704322162015,
        9753.461877914197,
        14395.03315805138,
        17685.297446284847,
        19674.474658070118,
        20800.3209691827,
        21344.232145489044,
        21564.431659962895
    ],
    "z_normalized": [
        0.0,
        0.0076,
        0.0156,
        0.0236,
        0.0316,
        0.039599999999999996,
        0.0476,
        0.0556,
        0.0636,
        0.0716,
        0.0796
    ]
}