{
    "thrust": 3.2249103516209364e-12,
    "discharge_current": 1.1662288385075707e-10,
    "ion_velocity": [
        -1209.2817573768868,
        1301.3098622017249,
        2361.796414186456,
        3412.7338953566177,
        12635.212644669335,
        15607.608586180137,
        8126.246668277983,
        4637.000436467362,
        4004.876232180269,
        3690.461012703905,
        3289.1405771684
    ],
    "z_normalized": [
        0.0,
        0.0076,
        0.0156,
        0.0236,
        0.0316,
        0.039599999999999996,
        0.0476,
        0.0556,
        0.0636,
        0.0716,
        0.0796
    ]
}