{
    "thrust": 0.05698075591859828,
    "discharge_current": 4.390665429646582,
    "ion_velocity": [
        -1230.0909670917633,
        1017.5720413219294,
        2443.961437812928,
        2812.247743337456,
        6225.351234476773,
        8835.065397523249,
        11313.69677259515,
        13239.166873912713,
        15452.006878065635,
        15429.230631001728,
        14390.929990676157
    ],
    "z_normalized": [
        0.0,
        0.0076,
        0.0156,
        0.0236,
        0.0316,
        0.039599999999999996,
        0.0476,
        0.0556,
        0.0636,
        0.0716,
        0.0796
    ]
}