{
    "thrust": 3.1532303880095575e-12,
    "discharge_current": 1.1641527477988033e-10,
    "ion_velocity": [
        -1206.090098028577,
        1433.4376256424573,
        2975.044022053675,
        4815.997309549432,
        11722.421029836072,
        15985.19151074436,
        14151.77327282213,
        10418.908417014658,
        8786.341097198976,
        8338.173047339746,
        7943.8560845417305
    ],
    "z_normalized": [
        0.0,
        0.0076,
        0.0156,
        0.0236,
        0.0316,
        0.039599999999999996,
        0.0476,
        0.0556,
        0.0636,
        0.0716,
        0.0796
    ]
}