{
    "thrust": 0.10262912106285994,
    "discharge_current": 6.31331922945201,
    "ion_velocity": [
        -1212.6527354219347,
        -97.41004423097971,
        272.5677342721724,
        1172.859037887123,
        6725.62923301226,
        11938.754402604623,
        15963.20328732455,
        18384.49905005567,
        19600.663675448355,
        20115.674392742025,
        20306.215448794846
    ],
    "z_normalized": [
        0.0,
        0.0076,
        0.0156,
        0.0236,
        0.0316,
        0.039599999999999996,
        0.0476,
        0.0556,
        0.0636,
        0.0716,
        0.0796
    ]
}