{
    "thrust": 3.181399382840498e-12,
    "discharge_current": 1.1615260670265072e-10,
    "ion_velocity": [
        -1208.0969019299923,
        1334.7069167588602,
        2585.6848595186675,
        3952.701920053403,
        11604.996603496664,
        16222.130051520027,
        13030.173197675738,
        8841.12706578773,
        7267.400222173764,
        6862.367545088018,
        6494.903103518959
    ],
    "z_normalized": [
        0.0,
        0.0076,
        0.0156,
        0.0236,
        0.0316,
        0.039599999999999996,
        0.0476,
        0.0556,
        0.0636,
        0.0716,
        0.0796
    ]
}