{
    "thrust": 3.1768088582147e-12,
    "discharge_current": 1.166174049475042e-10,
    "ion_velocity": [
        -1210.1373270231206,
        1283.6060510463465,
        2181.9581086139474,
        3039.6816664350076,
        10906.746412726696,
        15870.459938914457,
        14285.6091190573,
        10253.010641121871,
        8457.274498360252,
        8003.78930342392,
        7619.377798567913
    ],
    "z_normalized": [
        0.0,
        0.0076,
        0.0156,
        0.0236,
        0.0316,
        0.039599999999999996,
        0.0476,
        0.0556,
        0.0636,
        0.0716,
        0.0796
    ]
}