{
    "thrust": 0.09887003513388767,
    "discharge_current": 48.29767709940937,
    "ion_velocity": [
        -2236.802520518654,
        1570.9723224668655,
        3356.3864306044898,
        6368.493766134195,
        10749.775704871807,
        14971.122035019982,
        18089.851472339495,
        20013.062968188384,
        21065.70149353731,
        21580.68816936985,
        21825.574171219083
    ],
    "z_normalized": [
        0.0,
        0.0076,
        0.0156,
        0.0236,
        0.0316,
        0.039599999999999996,
        0.0476,
        0.0556,
        0.0636,
        0.0716,
        0.0796
    ]
}