{
    "thrust": 0.09366225064002735,
    "discharge_current": 65.97803851296698,
    "ion_velocity": [
        -2541.1323768782377,
        2030.8514483169415,
        4315.455174415544,
        7998.528255603191,
        12148.636267732487,
        15860.660253775071,
        18617.53693443347,
        20335.198632086925,
        21277.43035161383,
        21740.898396856832,
        21981.17148494289
    ],
    "z_normalized": [
        0.0,
        0.0076,
        0.0156,
        0.0236,
        0.0316,
        0.039599999999999996,
        0.0476,
        0.0556,
        0.0636,
        0.0716,
        0.0796
    ]
}