{
    "thrust": 3.6231324111902678e-06,
    "discharge_current": 0.001831921613925174,
    "ion_velocity": [
        -1298.5366024530317,
        131.06517640903346,
        523.3472606338504,
        1317.020774816988,
        13189.045149566042,
        8891.24866627062,
        1559.8291275948543,
        842.9489711776644,
        714.2503815030707,
        625.6571232722198,
        520.8472945164928
    ],
    "z_normalized": [
        0.0,
        0.0076,
        0.0156,
        0.0236,
        0.0316,
        0.039599999999999996,
        0.0476,
        0.0556,
        0.0636,
        0.0716,
        0.0796
    ]
}