{
    "thrust": 0.10385197900608709,
    "discharge_current": 15.187625317783553,
    "ion_velocity": [
        -1312.9818304193118,
        -173.9532031161532,
        488.1959573454748,
        1596.286314461231,
        7692.054516155196,
        13287.582689873883,
        17016.226601707873,
        19296.674094222475,
        20530.006053097506,
        21101.46773726894,
        21357.797590997863
    ],
    "z_normalized": [
        0.0,
        0.0076,
        0.0156,
        0.0236,
        0.0316,
        0.039599999999999996,
        0.0476,
        0.0556,
        0.0636,
        0.0716,
        0.0796
    ]
}