{
    "thrust": 0.09755471088930891,
    "discharge_current": 50.82400463406317,
    "ion_velocity": [
        -2289.968206099431,
        1751.439123413915,
        3830.372581819156,
        7322.960405044541,
        11590.832326194783,
        15493.226457996456,
        18373.068455317338,
        20151.72953469312,
        21129.8562764735,
        21606.994532249526,
        21847.1349730585
    ],
    "z_normalized": [
        0.0,
        0.0076,
        0.0156,
        0.0236,
        0.0316,
        0.039599999999999996,
        0.0476,
        0.0556,
        0.0636,
        0.0716,
        0.0796
    ]
}