{
    "thrust": 3.14600732731738e-12,
    "discharge_current": 1.16667388202287e-10,
    "ion_velocity": [
        -1205.6488320959538,
        1452.1291294022717,
        3041.9351452880255,
        4966.5484764852445,
        11679.332387880073,
        15856.817427123682,
        14613.658041264212,
        11122.476608387446,
        9495.792920339647,
        9028.543401867792,
        8619.047221414192
    ],
    "z_normalized": [
        0.0,
        0.0076,
        0.0156,
        0.0236,
        0.0316,
        0.039599999999999996,
        0.0476,
        0.0556,
        0.0636,
        0.0716,
        0.0796
    ]
}