{
    "thrust": 0.09644753618508788,
    "discharge_current": 60.53882228515509,
    "ion_velocity": [
        -2431.2331588162833,
        1795.3260634214664,
        3670.7536324471494,
        6751.243816378598,
        10960.297704536075,
        15113.238744086557,
        18197.212584490935,
        20112.813187644995,
        21156.19269094391,
        21668.30833526936,
        21923.288640831783
    ],
    "z_normalized": [
        0.0,
        0.0076,
        0.0156,
        0.0236,
        0.0316,
        0.039599999999999996,
        0.0476,
        0.0556,
        0.0636,
        0.0716,
        0.0796
    ]
}