{
    "thrust": 3.20961967811795e-12,
    "discharge_current": 1.1610651690395177e-10,
    "ion_velocity": [
        -1208.8470216664618,
        1317.5819205883367,
        2472.1544043820713,
        3688.951798071167,
        11877.534008126413,
        16290.265326425972,
        11486.588604276707,
        7226.129204071294,
        5932.40847618162,
        5570.1410199433185,
        5212.91935538642
    ],
    "z_normalized": [
        0.0,
        0.0076,
        0.0156,
        0.0236,
        0.0316,
        0.039599999999999996,
        0.0476,
        0.0556,
        0.0636,
        0.0716,
        0.0796
    ]
}