{
    "thrust": 3.187029425196394e-12,
    "discharge_current": 1.1615024819841262e-10,
    "ion_velocity": [
        -1208.2249371290218,
        1331.395035299986,
        2566.1691753088608,
        3907.4067894129544,
        11647.73272717187,
        16286.132290609801,
        12776.733616232485,
        8555.163234203266,
        7021.777581222352,
        6624.941059184926,
        6260.497947494456
    ],
    "z_normalized": [
        0.0,
        0.0076,
        0.0156,
        0.0236,
        0.0316,
        0.039599999999999996,
        0.0476,
        0.0556,
        0.0636,
        0.0716,
        0.0796
    ]
}