{
    "thrust": 3.157383425704473e-12,
    "discharge_current": 1.164321610568758e-10,
    "ion_velocity": [
        -1206.562363130223,
        1406.321969697877,
        2879.9838861845583,
        4606.0204594624065,
        11628.797158830552,
        15983.622196092425,
        14118.12159119035,
        10327.128421140722,
        8675.216547148228,
        8229.484785149069,
        7837.849728169644
    ],
    "z_normalized": [
        0.0,
        0.0076,
        0.0156,
        0.0236,
        0.0316,
        0.039599999999999996,
        0.0476,
        0.0556,
        0.0636,
        0.0716,
        0.0796
    ]
}