{
    "thrust": 3.171824976397251e-12,
    "discharge_current": 1.1621494571452273e-10,
    "ion_velocity": [
        -1207.587138423631,
        1354.4296494707137,
        2685.7930751302297,
        4177.649557719028,
        11615.940667306688,
        16133.800061637365,
        13391.055773581193,
        9308.769358447322,
        7696.478215915289,
        7278.558125294444,
        6904.774496530087
    ],
    "z_normalized": [
        0.0,
        0.0076,
        0.0156,
        0.0236,
        0.0316,
        0.039599999999999996,
        0.0476,
        0.0556,
        0.0636,
        0.0716,
        0.0796
    ]
}