{
    "thrust": 0.10892583292098944,
    "discharge_current": 10.972896612438987,
    "ion_velocity": [
        -1235.4254454598045,
        -257.94324889351185,
        1194.202975738773,
        4271.25655431812,
        9543.181338932522,
        14229.75729148466,
        17497.95137927885,
        19505.28350159544,
        20561.71715860204,
        21039.224995613284,
        21241.168996355576
    ],
    "z_normalized": [
        0.0,
        0.0076,
        0.0156,
        0.0236,
        0.0316,
        0.039599999999999996,
        0.0476,
        0.0556,
        0.0636,
        0.0716,
        0.0796
    ]
}