{
    "thrust": 0.07811045895097388,
    "discharge_current": 56.545332294405576,
    "ion_velocity": [
        -2679.0107619325718,
        2286.5117942643915,
        4640.738021504886,
        8546.957191103085,
        12601.804438301602,
        16160.17880313743,
        18818.93575078812,
        20490.673626644537,
        21409.897157132276,
        21865.454320647565,
        22103.72101676883
    ],
    "z_normalized": [
        0.0,
        0.0076,
        0.0156,
        0.0236,
        0.0316,
        0.039599999999999996,
        0.0476,
        0.0556,
        0.0636,
        0.0716,
        0.0796
    ]
}