{
    "thrust": 0.08215769267796402,
    "discharge_current": 45.79223166109197,
    "ion_velocity": [
        -2422.723436697295,
        1926.060423555355,
        3825.5851280010934,
        7032.585613328162,
        11312.753795938057,
        15331.538101610762,
        18321.355239367742,
        20184.18029365812,
        21200.65789156553,
        21698.554182009946,
        21952.798020515074
    ],
    "z_normalized": [
        0.0,
        0.0076,
        0.0156,
        0.0236,
        0.0316,
        0.039599999999999996,
        0.0476,
        0.0556,
        0.0636,
        0.0716,
        0.0796
    ]
}