{
    "thrust": 0.09565547580254152,
    "discharge_current": 12.729996909141787,
    "ion_velocity": [
        -1293.1060062881652,
        -220.18480027242413,
        2409.523427688222,
        7343.893631967098,
        12013.764222632572,
        15638.824165258324,
        18154.109663578944,
        19784.368088053645,
        20709.558643529563,
        21152.18071561096,
        21324.201312535213
    ],
    "z_normalized": [
        0.0,
        0.0076,
        0.0156,
        0.0236,
        0.0316,
        0.039599999999999996,
        0.0476,
        0.0556,
        0.0636,
        0.0716,
        0.0796
    ]
}