{
    "thrust": 0.07954403859366425,
    "discharge_current": 53.5192527845552,
    "ion_velocity": [
        -2589.7018168197637,
        2097.918456616447,
        4066.8464450820825,
        7335.799342383628,
        11549.383964180117,
        15498.626176822872,
        18443.70742023415,
        20288.034171177478,
        21294.46397209273,
        21789.92839490079,
        22047.549805546834
    ],
    "z_normalized": [
        0.0,
        0.0076,
        0.0156,
        0.0236,
        0.0316,
        0.039599999999999996,
        0.0476,
        0.0556,
        0.0636,
        0.0716,
        0.0796
    ]
}