{
    "thrust": 0.07993073292761478,
    "discharge_current": 50.89970063356747,
    "ion_velocity": [
        -2552.0070314849213,
        2176.3748163629552,
        4602.120894145992,
        8629.388422842318,
        12550.096952205562,
        16111.681410161158,
        18767.503797002784,
        20431.40706972053,
        21346.39775983191,
        21797.885288369074,
        22031.033272195207
    ],
    "z_normalized": [
        0.0,
        0.0076,
        0.0156,
        0.0236,
        0.0316,
        0.039599999999999996,
        0.0476,
        0.0556,
        0.0636,
        0.0716,
        0.0796
    ]
}