{
    "thrust": 0.07997424590844085,
    "discharge_current": 47.57725086503255,
    "ion_velocity": [
        -2534.4542991303865,
        2296.8556614154913,
        5255.378436350208,
        10211.362388405534,
        13949.25313760887,
        16980.153631912573,
        19235.30121890739,
        20652.90171183066,
        21442.981318334958,
        21835.212500531077,
        22035.6224000764
    ],
    "z_normalized": [
        0.0,
        0.0076,
        0.0156,
        0.0236,
        0.0316,
        0.039599999999999996,
        0.0476,
        0.0556,
        0.0636,
        0.0716,
        0.0796
    ]
}