{
    "thrust": 0.0786925770764528,
    "discharge_current": 55.982877003578665,
    "ion_velocity": [
        -2647.1983327350945,
        2183.043809315823,
        4253.235303129351,
        7677.828905546872,
        11859.433215056453,
        15696.946177947955,
        18561.683828517842,
        20359.111801271334,
        21341.98000513411,
        21827.06493660457,
        22080.604503529066
    ],
    "z_normalized": [
        0.0,
        0.0076,
        0.0156,
        0.0236,
        0.0316,
        0.039599999999999996,
        0.0476,
        0.0556,
        0.0636,
        0.0716,
        0.0796
    ]
}