{
    "thrust": 0.07845803274405616,
    "discharge_current": 56.809892421749936,
    "ion_velocity": [
        -2663.2147856745605,
        2210.641446206719,
        4320.288657204467,
        7799.828297748997,
        11968.589234022053,
        15765.709966935048,
        18601.2692353313,
        20381.53628783979,
        21355.796538933584,
        21837.073064385342,
        22089.029432129584
    ],
    "z_normalized": [
        0.0,
        0.0076,
        0.0156,
        0.0236,
        0.0316,
        0.039599999999999996,
        0.0476,
        0.0556,
        0.0636,
        0.0716,
        0.0796
    ]
}