{
    "thrust": 0.08338205737296372,
    "discharge_current": 35.964941877804876,
    "ion_velocity": [
        -2282.3753140698705,
        2112.5603894685296,
        5543.8240121464105,
        11179.962131225415,
        14735.756575919331,
        17428.599077763152,
        19413.77436841009,
        20667.9841681683,
        21376.353116738956,
        21726.90682789716,
        21898.79457556025
    ],
    "z_normalized": [
        0.0,
        0.0076,
        0.0156,
        0.0236,
        0.0316,
        0.039599999999999996,
        0.0476,
        0.0556,
        0.0636,
        0.0716,
        0.0796
    ]
}