{
    "thrust": 0.0931702945538223,
    "discharge_current": 16.40464163018156,
    "ion_velocity": [
        -1625.7244338112569,
        818.4629154653016,
        5441.457590666218,
        12897.002359290957,
        15988.915971169403,
        17991.372923441693,
        19514.649962669213,
        20539.915764514906,
        21118.66542867753,
        21400.22696892902,
        21521.46717955784
    ],
    "z_normalized": [
        0.0,
        0.0076,
        0.0156,
        0.0236,
        0.0316,
        0.039599999999999996,
        0.0476,
        0.0556,
        0.0636,
        0.0716,
        0.0796
    ]
}