{
    "thrust": 0.08344503035250991,
    "discharge_current": 39.572500237832,
    "ion_velocity": [
        -2301.875632436196,
        1872.539708803565,
        4224.91480192563,
        8125.088212488325,
        12228.947925297412,
        15867.124143349687,
        18578.891274753663,
        20270.15490849543,
        21204.76570384382,
        21665.25801511664,
        21894.01053903589
    ],
    "z_normalized": [
        0.0,
        0.0076,
        0.0156,
        0.0236,
        0.0316,
        0.039599999999999996,
        0.0476,
        0.0556,
        0.0636,
        0.0716,
        0.0796
    ]
}