{
    "thrust": 0.08802111084164278,
    "discharge_current": 26.18732655391059,
    "ion_velocity": [
        -1955.631284136021,
        1528.5655437241858,
        4703.561804041879,
        9918.806942882142,
        13722.857490568525,
        16735.619794757924,
        18945.017125619917,
        20340.71837885751,
        21134.624894843048,
        21523.984817791723,
        21705.554647322206
    ],
    "z_normalized": [
        0.0,
        0.0076,
        0.0156,
        0.0236,
        0.0316,
        0.039599999999999996,
        0.0476,
        0.0556,
        0.0636,
        0.0716,
        0.0796
    ]
}