{
    "thrust": 0.0869660808482587,
    "discharge_current": 32.50585391917747,
    "ion_velocity": [
        -2106.051289719476,
        1503.2384671713342,
        3286.449889083043,
        6289.434566499531,
        10822.332854277021,
        15004.76842264294,
        18085.099090617965,
        19982.111455017057,
        21024.23843002401,
        21529.372157140904,
        21777.861584432547
    ],
    "z_normalized": [
        0.0,
        0.0076,
        0.0156,
        0.0236,
        0.0316,
        0.039599999999999996,
        0.0476,
        0.0556,
        0.0636,
        0.0716,
        0.0796
    ]
}