{
    "thrust": 0.08065763081488608,
    "discharge_current": 43.41739789652203,
    "ion_velocity": [
        -2476.270058546339,
        2359.9300271643297,
        5775.271145772427,
        11614.460567319275,
        14989.098462623942,
        17625.310325573795,
        19573.59719285086,
        20803.66064725455,
        21495.094643052653,
        21838.568663943177,
        22011.804202059062
    ],
    "z_normalized": [
        0.0,
        0.0076,
        0.0156,
        0.0236,
        0.0316,
        0.039599999999999996,
        0.0476,
        0.0556,
        0.0636,
        0.0716,
        0.0796
    ]
}