{
    "thrust": 0.07859720679488769,
    "discharge_current": 56.34094120780443,
    "ion_velocity": [
        -2655.789578967617,
        2195.116951903867,
        4265.737581097991,
        7691.28696280354,
        11883.152243594088,
        15712.42437986266,
        18571.589338393707,
        20365.975032029004,
        21347.33141636179,
        21831.80966425931,
        22085.216853582886
    ],
    "z_normalized": [
        0.0,
        0.0076,
        0.0156,
        0.0236,
        0.0316,
        0.039599999999999996,
        0.0476,
        0.0556,
        0.0636,
        0.0716,
        0.0796
    ]
}