{
    "thrust": 0.07836869981950442,
    "discharge_current": 55.75076420764145,
    "ion_velocity": [
        -2660.6770258927722,
        2275.5587183178554,
        4656.137118241558,
        8606.455021035936,
        12627.61181855099,
        16174.226996127198,
        18822.93654210661,
        20487.371044197145,
        21402.860071023675,
        21856.24207883552,
        22093.010223312238
    ],
    "z_normalized": [
        0.0,
        0.0076,
        0.0156,
        0.0236,
        0.0316,
        0.039599999999999996,
        0.0476,
        0.0556,
        0.0636,
        0.0716,
        0.0796
    ]
}