{
    "thrust": 0.07891879128252471,
    "discharge_current": 52.59482029446315,
    "ion_velocity": [
        -2615.5164678747783,
        2303.5620817361405,
        4959.4827008912,
        9388.976424380782,
        13283.540507137346,
        16575.439015712465,
        19031.670970132614,
        20575.623942256643,
        21429.9444482014,
        21853.85184409792,
        22073.456998742808
    ],
    "z_normalized": [
        0.0,
        0.0076,
        0.0156,
        0.0236,
        0.0316,
        0.039599999999999996,
        0.0476,
        0.0556,
        0.0636,
        0.0716,
        0.0796
    ]
}