{
    "thrust": 0.07845277436721221,
    "discharge_current": 54.771927724327455,
    "ion_velocity": [
        -2651.8724564791496,
        2283.581733828484,
        4736.079677488705,
        8809.621012126176,
        12824.888890962104,
        16294.513105640373,
        18886.46692915498,
        20516.032718831426,
        21414.093052344953,
        21859.443634657142,
        22091.390401409873
    ],
    "z_normalized": [
        0.0,
        0.0076,
        0.0156,
        0.0236,
        0.0316,
        0.039599999999999996,
        0.0476,
        0.0556,
        0.0636,
        0.0716,
        0.0796
    ]
}