{
    "thrust": 0.07862055260706978,
    "discharge_current": 53.90966487585553,
    "ion_velocity": [
        -2638.1189623567425,
        2303.211101336653,
        4873.341219057959,
        9159.132434125815,
        13092.182723357475,
        16459.89214346435,
        18973.856896299072,
        20554.18271921785,
        21426.85629807232,
        21859.70159364937,
        22084.694956453888
    ],
    "z_normalized": [
        0.0,
        0.0076,
        0.0156,
        0.0236,
        0.0316,
        0.039599999999999996,
        0.0476,
        0.0556,
        0.0636,
        0.0716,
        0.0796
    ]
}