{
    "thrust": 0.08607255798688648,
    "discharge_current": 28.342500026823352,
    "ion_velocity": [
        -2079.9698462553542,
        1908.2537848523875,
        5826.391396106048,
        12142.86899945045,
        15483.503366010507,
        17850.145176464157,
        19571.26463935651,
        20690.25269783766,
        21325.169006298514,
        21638.325515484645,
        21786.471917605024
    ],
    "z_normalized": [
        0.0,
        0.0076,
        0.0156,
        0.0236,
        0.0316,
        0.039599999999999996,
        0.0476,
        0.0556,
        0.0636,
        0.0716,
        0.0796
    ]
}