{
    "thrust": 0.09376404586828156,
    "discharge_current": 16.219439419930943,
    "ion_velocity": [
        -1605.0483478253752,
        701.4276300611663,
        4925.225621204971,
        11896.853149418455,
        15251.524912872865,
        17551.190009471306,
        19258.388098349442,
        20407.675772088405,
        21057.78221411125,
        21373.37555939311,
        21508.336993822722
    ],
    "z_normalized": [
        0.0,
        0.0076,
        0.0156,
        0.0236,
        0.0316,
        0.039599999999999996,
        0.0476,
        0.0556,
        0.0636,
        0.0716,
        0.0796
    ]
}