{
    "thrust": 0.0792135424994174,
    "discharge_current": 51.36098910107494,
    "ion_velocity": [
        -2593.6868228806957,
        2293.7837461152326,
        5000.290000695036,
        9510.303481630579,
        13388.716757985563,
        16637.695693963884,
        19061.164639773673,
        20584.195512401355,
        21427.80920155674,
        21846.435459798733,
        22062.545254413475
    ],
    "z_normalized": [
        0.0,
        0.0076,
        0.0156,
        0.0236,
        0.0316,
        0.039599999999999996,
        0.0476,
        0.0556,
        0.0636,
        0.0716,
        0.0796
    ]
}