{
    "thrust": 0.07941829791488705,
    "discharge_current": 51.71053651854809,
    "ion_velocity": [
        -2584.4929475850654,
        2217.7664607077695,
        4685.045061821556,
        8747.910957857564,
        12779.039614467865,
        16253.725054984207,
        18849.203027822485,
        20479.282294645385,
        21378.02104917167,
        21823.38179686524,
        22053.397933046555
    ],
    "z_normalized": [
        0.0,
        0.0076,
        0.0156,
        0.0236,
        0.0316,
        0.039599999999999996,
        0.0476,
        0.0556,
        0.0636,
        0.0716,
        0.0796
    ]
}