{
    "thrust": 0.08530230476909913,
    "discharge_current": 31.011642655887346,
    "ion_velocity": [
        -2150.7217751011267,
        1973.1470183777378,
        5652.655896973847,
        11615.872611329347,
        15077.945492648456,
        17614.86997841381,
        19470.74460288579,
        20658.857755905672,
        21332.553643044364,
        21665.16177154259,
        21824.638636245916
    ],
    "z_normalized": [
        0.0,
        0.0076,
        0.0156,
        0.0236,
        0.0316,
        0.039599999999999996,
        0.0476,
        0.0556,
        0.0636,
        0.0716,
        0.0796
    ]
}