{
    "thrust": 0.08285377026938695,
    "discharge_current": 34.46728415891838,
    "ion_velocity": [
        -2301.501540868077,
        2325.9840093779367,
        6425.2123929791705,
        13487.308019276676,
        16413.124348201716,
        18481.918156825912,
        19986.368396528116,
        20963.068868317576,
        21515.283867664388,
        21789.494361152458,
        21922.985999119926
    ],
    "z_normalized": [
        0.0,
        0.0076,
        0.0156,
        0.0236,
        0.0316,
        0.039599999999999996,
        0.0476,
        0.0556,
        0.0636,
        0.0716,
        0.0796
    ]
}