{
    "thrust": 0.0863083508393173,
    "discharge_current": 30.562365589742445,
    "ion_velocity": [
        -2090.2146069614646,
        1733.192452383751,
        4769.5493583327725,
        9744.72845065676,
        13581.338796824131,
        16672.45451774669,
        18955.005274270996,
        20385.287006187064,
        21193.408112066267,
        21590.874808174765,
        21780.842698774573
    ],
    "z_normalized": [
        0.0,
        0.0076,
        0.0156,
        0.0236,
        0.0316,
        0.039599999999999996,
        0.0476,
        0.0556,
        0.0636,
        0.0716,
        0.0796
    ]
}