{
    "thrust": 0.09549738014950546,
    "discharge_current": 11.157435749017703,
    "ion_velocity": [
        -1253.6313686991155,
        -242.51278637596596,
        4227.611973450945,
        13271.346268174131,
        16189.28719442262,
        18046.518934829648,
        19468.52035101867,
        20410.825604439837,
        20937.127618415554,
        21188.524333450485,
        21286.277959742307
    ],
    "z_normalized": [
        0.0,
        0.0076,
        0.0156,
        0.0236,
        0.0316,
        0.039599999999999996,
        0.0476,
        0.0556,
        0.0636,
        0.0716,
        0.0796
    ]
}