{
    "thrust": 0.08504480566235575,
    "discharge_current": 34.484864895610535,
    "ion_velocity": [
        -2197.7287396468164,
        1856.7769492254267,
        4719.084803649127,
        9418.158665543888,
        13315.844882435063,
        16525.92149899266,
        18906.66112291811,
        20394.400349666295,
        21228.984975233914,
        21640.187739696983,
        21840.371515827064
    ],
    "z_normalized": [
        0.0,
        0.0076,
        0.0156,
        0.0236,
        0.0316,
        0.039599999999999996,
        0.0476,
        0.0556,
        0.0636,
        0.0716,
        0.0796
    ]
}