{
    "thrust": 0.06734215348786984,
    "discharge_current": 4.902233132242976,
    "ion_velocity": [
        -1261.2318656212567,
        990.8012052445578,
        4070.1933675940422,
        8306.012906023021,
        11223.193885553597,
        13814.218187230843,
        15436.559219586099,
        16789.22322256146,
        17594.413277732867,
        17919.03066347629,
        18023.095051646542
    ],
    "z_normalized": [
        0.0,
        0.0076,
        0.0156,
        0.0236,
        0.0316,
        0.039599999999999996,
        0.0476,
        0.0556,
        0.0636,
        0.0716,
        0.0796
    ]
}