{
    "thrust": 0.08489564099583016,
    "discharge_current": 35.05549488871636,
    "ion_velocity": [
        -2212.2552984340537,
        1879.967222627407,
        4748.218194365454,
        9448.978060796819,
        13341.657807564055,
        16544.09476809626,
        18919.828220680614,
        20404.84466339302,
        21237.51191747549,
        21647.916014424365,
        21848.195365709333
    ],
    "z_normalized": [
        0.0,
        0.0076,
        0.0156,
        0.0236,
        0.0316,
        0.039599999999999996,
        0.0476,
        0.0556,
        0.0636,
        0.0716,
        0.0796
    ]
}