{
    "thrust": 0.08556569691913771,
    "discharge_current": 35.38264040409405,
    "ion_velocity": [
        -2197.7995195593157,
        1455.0524190005237,
        2689.601328642793,
        4748.474208058255,
        9627.236048818235,
        14302.382694832215,
        17740.8386552929,
        19858.53556857398,
        21006.218875744726,
        21562.557986617867,
        21839.21965251385
    ],
    "z_normalized": [
        0.0,
        0.0076,
        0.0156,
        0.0236,
        0.0316,
        0.039599999999999996,
        0.0476,
        0.0556,
        0.0636,
        0.0716,
        0.0796
    ]
}