{
    "thrust": 0.08250472083163143,
    "discharge_current": 44.32275364413391,
    "ion_velocity": [
        -2388.833806828512,
        1779.3138908236285,
        3347.7671990911144,
        6038.664177762639,
        10459.769054693585,
        14812.11294530396,
        18040.604803302398,
        20047.202769003485,
        21135.53741287079,
        21666.92307480045,
        21937.539620876443
    ],
    "z_normalized": [
        0.0,
        0.0076,
        0.0156,
        0.0236,
        0.0316,
        0.039599999999999996,
        0.0476,
        0.0556,
        0.0636,
        0.0716,
        0.0796
    ]
}