{
    "thrust": 0.09063905533445592,
    "discharge_current": 21.213885861258362,
    "ion_velocity": [
        -1777.1955419840147,
        1134.629938648949,
        4272.283638192138,
        9520.52862275705,
        13435.930786292778,
        16526.8674574958,
        18767.75078105552,
        20204.031777857694,
        21024.70803661537,
        21425.109251609334,
        21604.780852075444
    ],
    "z_normalized": [
        0.0,
        0.0076,
        0.0156,
        0.0236,
        0.0316,
        0.039599999999999996,
        0.0476,
        0.0556,
        0.0636,
        0.0716,
        0.0796
    ]
}