{
    "thrust": 0.08608633408530102,
    "discharge_current": 27.285756302659273,
    "ion_velocity": [
        -2067.1521191175816,
        1959.8514533381,
        6202.873138818003,
        13071.485067239444,
        16179.141236089343,
        18275.575206030473,
        19796.301047880053,
        20800.71374099797,
        21369.970501680484,
        21651.022372529158,
        21783.17398122717
    ],
    "z_normalized": [
        0.0,
        0.0076,
        0.0156,
        0.0236,
        0.0316,
        0.039599999999999996,
        0.0476,
        0.0556,
        0.0636,
        0.0716,
        0.0796
    ]
}