{
    "thrust": 0.0871282431345209,
    "discharge_current": 29.417054548353747,
    "ion_velocity": [
        -2034.700059221051,
        1563.0484093877071,
        4239.321478376893,
        8688.785856205825,
        12707.45679265923,
        16123.148171593723,
        18650.175883747335,
        20221.83971210637,
        21106.24344467501,
        21540.217962223192,
        21746.094303970505
    ],
    "z_normalized": [
        0.0,
        0.0076,
        0.0156,
        0.0236,
        0.0316,
        0.039599999999999996,
        0.0476,
        0.0556,
        0.0636,
        0.0716,
        0.0796
    ]
}