{
    "thrust": 0.07866108908453949,
    "discharge_current": 54.43321250656094,
    "ion_velocity": [
        -2638.9345714153474,
        2253.22829547059,
        4641.879927956684,
        8587.714770388251,
        12647.382255170387,
        16180.62356183041,
        18820.94616726661,
        20480.574930471983,
        21394.22380292877,
        21847.120157369525,
        22082.735749411517
    ],
    "z_normalized": [
        0.0,
        0.0076,
        0.0156,
        0.0236,
        0.0316,
        0.039599999999999996,
        0.0476,
        0.0556,
        0.0636,
        0.0716,
        0.0796
    ]
}