{
    "thrust": 0.09520661167433409,
    "discharge_current": 12.254857238674012,
    "ion_velocity": [
        -1329.3505065472812,
        -138.52216271243645,
        4020.9874484844026,
        11839.51139898819,
        15202.020375513037,
        17465.75827814098,
        19156.62763870073,
        20282.656962670877,
        20914.820741058233,
        21217.977106487175,
        21338.38279215715
    ],
    "z_normalized": [
        0.0,
        0.0076,
        0.0156,
        0.0236,
        0.0316,
        0.039599999999999996,
        0.0476,
        0.0556,
        0.0636,
        0.0716,
        0.0796
    ]
}