{
    "thrust": 0.08355547511201529,
    "discharge_current": 41.025079793070006,
    "ion_velocity": [
        -2312.086915711293,
        1680.766644291184,
        3226.459282161073,
        5894.150992284145,
        10326.384829220755,
        14724.290918422232,
        17980.351764788276,
        19998.48458888491,
        21093.077238440143,
        21626.35277234064,
        21895.566298910006
    ],
    "z_normalized": [
        0.0,
        0.0076,
        0.0156,
        0.0236,
        0.0316,
        0.039599999999999996,
        0.0476,
        0.0556,
        0.0636,
        0.0716,
        0.0796
    ]
}