{
    "thrust": 0.08547416713628266,
    "discharge_current": 34.35183655692549,
    "ion_velocity": [
        -2173.0429955134014,
        1748.8552140551092,
        4303.031382218871,
        8532.21923516254,
        12571.304120948273,
        16059.34178892756,
        18651.21451797795,
        20264.75029128631,
        21164.626221193757,
        21607.27128782736,
        21822.452323795867
    ],
    "z_normalized": [
        0.0,
        0.0076,
        0.0156,
        0.0236,
        0.0316,
        0.039599999999999996,
        0.0476,
        0.0556,
        0.0636,
        0.0716,
        0.0796
    ]
}