{
    "thrust": 0.08478780072927311,
    "discharge_current": 33.09410745119037,
    "ion_velocity": [
        -2199.203397721025,
        2000.359163247587,
        5468.8471903587615,
        11105.02973166599,
        14679.055641964625,
        17376.23828239608,
        19359.966024770398,
        20616.72938238471,
        21328.11205876344,
        21679.462264654638,
        21849.563616025203
    ],
    "z_normalized": [
        0.0,
        0.0076,
        0.0156,
        0.0236,
        0.0316,
        0.039599999999999996,
        0.0476,
        0.0556,
        0.0636,
        0.0716,
        0.0796
    ]
}