{
    "thrust": 0.08967662366735005,
    "discharge_current": 21.78633810707798,
    "ion_velocity": [
        -1827.0208881464046,
        1358.029097637524,
        5123.8591971483565,
        11248.35879933534,
        14785.910215063252,
        17355.55032950766,
        19214.797138920952,
        20442.015249450676,
        21140.406381390334,
        21482.144798725218,
        21636.9983322559
    ],
    "z_normalized": [
        0.0,
        0.0076,
        0.0156,
        0.0236,
        0.0316,
        0.039599999999999996,
        0.0476,
        0.0556,
        0.0636,
        0.0716,
        0.0796
    ]
}