{
    "thrust": 0.0840388295714262,
    "discharge_current": 30.774314692316036,
    "ion_velocity": [
        -2218.2184418935044,
        2288.8549614448316,
        6730.393512916914,
        14391.454472268077,
        17056.069352364,
        18857.905187600103,
        20167.701615059512,
        21031.680326959242,
        21519.960937544227,
        21762.237323451875,
        21878.114975062585
    ],
    "z_normalized": [
        0.0,
        0.0076,
        0.0156,
        0.0236,
        0.0316,
        0.039599999999999996,
        0.0476,
        0.0556,
        0.0636,
        0.0716,
        0.0796
    ]
}