{
    "thrust": 0.09582489019798618,
    "discharge_current": 12.156958734340096,
    "ion_velocity": [
        -1254.7290695181434,
        -252.47708696549458,
        2398.703245205707,
        7693.435351076967,
        12275.20089806077,
        15774.30933496616,
        18220.22118174871,
        19808.66531054082,
        20707.765740292907,
        21136.898137944612,
        21301.360182431126
    ],
    "z_normalized": [
        0.0,
        0.0076,
        0.0156,
        0.0236,
        0.0316,
        0.039599999999999996,
        0.0476,
        0.0556,
        0.0636,
        0.0716,
        0.0796
    ]
}