{
    "thrust": 0.08324724704394182,
    "discharge_current": 39.79964314869917,
    "ion_velocity": [
        -2314.6143450921895,
        1922.8164437613877,
        4413.2060299981185,
        8524.886500831912,
        12572.053685178358,
        16081.843195664089,
        18696.939248258994,
        20329.605422160323,
        21234.480821775942,
        21680.722485488153,
        21902.67050367299
    ],
    "z_normalized": [
        0.0,
        0.0076,
        0.0156,
        0.0236,
        0.0316,
        0.039599999999999996,
        0.0476,
        0.0556,
        0.0636,
        0.0716,
        0.0796
    ]
}