{
    "thrust": 0.09423040588860492,
    "discharge_current": 14.621295165025535,
    "ion_velocity": [
        -1542.2311063843651,
        497.6495720411268,
        5741.439912939704,
        14158.59023569768,
        16857.592334181918,
        18510.229662723083,
        19796.32789429885,
        20654.26358632656,
        21136.40529733599,
        21370.382580961115,
        21468.83192600293
    ],
    "z_normalized": [
        0.0,
        0.0076,
        0.0156,
        0.0236,
        0.0316,
        0.039599999999999996,
        0.0476,
        0.0556,
        0.0636,
        0.0716,
        0.0796
    ]
}