{
    "thrust": 0.09064377233804728,
    "discharge_current": 21.044683363628227,
    "ion_velocity": [
        -1775.19241078749,
        1147.573798101538,
        4403.811517327934,
        9833.570404887016,
        13679.505763042413,
        16673.172782144073,
        18840.66079191783,
        20240.11329961226,
        21039.271368488076,
        21429.226340456305,
        21604.123478339952
    ],
    "z_normalized": [
        0.0,
        0.0076,
        0.0156,
        0.0236,
        0.0316,
        0.039599999999999996,
        0.0476,
        0.0556,
        0.0636,
        0.0716,
        0.0796
    ]
}