{
    "thrust": 0.08609493876913017,
    "discharge_current": 26.6491213490935,
    "ion_velocity": [
        -2059.290144767321,
        1977.308362191286,
        6363.326717053262,
        13496.736025023716,
        16489.3559221568,
        18463.05147811695,
        19897.24756404088,
        20850.16415970523,
        21389.897686303066,
        21656.46843391046,
        21781.35922430075
    ],
    "z_normalized": [
        0.0,
        0.0076,
        0.0156,
        0.0236,
        0.0316,
        0.039599999999999996,
        0.0476,
        0.0556,
        0.0636,
        0.0716,
        0.0796
    ]
}