{
    "thrust": 0.09549999532250332,
    "discharge_current": 11.261473512753616,
    "ion_velocity": [
        -1257.2106663025002,
        -239.56198620893917,
        4066.2219413556727,
        12790.752393476854,
        15860.0140355666,
        17846.71590335261,
        19356.914603804897,
        20358.85841216543,
        20918.974492338883,
        21186.529647863517,
        21290.539955486965
    ],
    "z_normalized": [
        0.0,
        0.0076,
        0.0156,
        0.0236,
        0.0316,
        0.039599999999999996,
        0.0476,
        0.0556,
        0.0636,
        0.0716,
        0.0796
    ]
}