{
    "thrust": 0.08737608828317127,
    "discharge_current": 28.83402152122489,
    "ion_velocity": [
        -2015.8701473750168,
        1525.3330012881622,
        4172.152788608799,
        8584.079297520162,
        12622.629873761623,
        16068.345789004694,
        18616.394763180426,
        20200.0276096304,
        21091.555279976503,
        21528.809260259102,
        21735.527209219086
    ],
    "z_normalized": [
        0.0,
        0.0076,
        0.0156,
        0.0236,
        0.0316,
        0.039599999999999996,
        0.0476,
        0.0556,
        0.0636,
        0.0716,
        0.0796
    ]
}