{
    "thrust": 0.08674887244351598,
    "discharge_current": 27.6705601437622,
    "ion_velocity": [
        -2036.7767892398679,
        1770.6862859242108,
        5401.849004982298,
        11274.243361888533,
        14810.201512560461,
        17423.746696386017,
        19330.934977483183,
        20556.848785128743,
        21253.312369696414,
        21596.061177130327,
        21757.580735163723
    ],
    "z_normalized": [
        0.0,
        0.0076,
        0.0156,
        0.0236,
        0.0316,
        0.039599999999999996,
        0.0476,
        0.0556,
        0.0636,
        0.0716,
        0.0796
    ]
}