{
    "thrust": 0.08117485522913401,
    "discharge_current": 48.741095567408514,
    "ion_velocity": [
        -2485.216145553405,
        1952.768529082417,
        3746.649560968376,
        6767.005970396778,
        11079.726839124813,
        15197.78046902803,
        18262.577600280336,
        20175.003418479857,
        21215.77490203985,
        21726.04512917121,
        21988.560418379755
    ],
    "z_normalized": [
        0.0,
        0.0076,
        0.0156,
        0.0236,
        0.0316,
        0.039599999999999996,
        0.0476,
        0.0556,
        0.0636,
        0.0716,
        0.0796
    ]
}