{
    "thrust": 0.08618627661621504,
    "discharge_current": 25.387658405717378,
    "ion_velocity": [
        -2038.5119553152267,
        2024.8940681117822,
        6768.292663721566,
        14600.47704303501,
        17262.508958930084,
        18924.935797948765,
        20153.293895043425,
        20973.279470766825,
        21436.97032759813,
        21666.234687360928,
        21772.7359500336
    ],
    "z_normalized": [
        0.0,
        0.0076,
        0.0156,
        0.0236,
        0.0316,
        0.039599999999999996,
        0.0476,
        0.0556,
        0.0636,
        0.0716,
        0.0796
    ]
}