{
    "thrust": 0.07876452831136697,
    "discharge_current": 55.69958332475411,
    "ion_velocity": [
        -2641.1940191943295,
        2180.035508552072,
        4265.74484584643,
        7715.921498697127,
        11883.795934571484,
        15711.219391666442,
        18568.22612707603,
        20360.598691763633,
        21340.8912702582,
        21824.679719992328,
        22077.38629820367
    ],
    "z_normalized": [
        0.0,
        0.0076,
        0.0156,
        0.0236,
        0.0316,
        0.039599999999999996,
        0.0476,
        0.0556,
        0.0636,
        0.0716,
        0.0796
    ]
}