{
    "thrust": 0.08050324121101807,
    "discharge_current": 48.14128554329181,
    "ion_velocity": [
        -2508.715295838144,
        2134.906228641787,
        4596.395377273607,
        8645.51465894835,
        12689.106057103052,
        16185.534532033445,
        18796.131616790564,
        20433.137255431986,
        21336.37959145363,
        21783.37320781586,
        22011.931988307766
    ],
    "z_normalized": [
        0.0,
        0.0076,
        0.0156,
        0.0236,
        0.0316,
        0.039599999999999996,
        0.0476,
        0.0556,
        0.0636,
        0.0716,
        0.0796
    ]
}