{
    "thrust": 0.09239352570034881,
    "discharge_current": 16.548291263958316,
    "ion_velocity": [
        -1652.8368556766484,
        978.1714924636584,
        6207.824351572578,
        14375.031767520135,
        17050.299485411408,
        18651.150721879727,
        19902.142668371987,
        20738.650489725424,
        21209.819536199466,
        21439.742019317157,
        21539.23088339213
    ],
    "z_normalized": [
        0.0,
        0.0076,
        0.0156,
        0.0236,
        0.0316,
        0.039599999999999996,
        0.0476,
        0.0556,
        0.0636,
        0.0716,
        0.0796
    ]
}