{
    "thrust": 0.0906257355974911,
    "discharge_current": 19.15982733045435,
    "ion_velocity": [
        -1753.0296438196024,
        1270.0294367840306,
        5838.065490536493,
        13082.066958693598,
        16172.194293966395,
        18145.2333977185,
        19628.581290169674,
        20630.632423448813,
        21197.594132745908,
        21474.94638671348,
        21598.245718516373
    ],
    "z_normalized": [
        0.0,
        0.0076,
        0.0156,
        0.0236,
        0.0316,
        0.039599999999999996,
        0.0476,
        0.0556,
        0.0636,
        0.0716,
        0.0796
    ]
}