{
    "thrust": 0.07858091295629982,
    "discharge_current": 54.40656587885203,
    "ion_velocity": [
        -2643.201143238562,
        2269.982874197233,
        4706.325903821592,
        8744.379322091945,
        12774.842391779308,
        16261.462852412986,
        18866.39051554296,
        20503.92570493773,
        21406.200974839972,
        21853.588763316387,
        22086.363608118558
    ],
    "z_normalized": [
        0.0,
        0.0076,
        0.0156,
        0.0236,
        0.0316,
        0.039599999999999996,
        0.0476,
        0.0556,
        0.0636,
        0.0716,
        0.0796
    ]
}