{
    "thrust": 0.08248398617153167,
    "discharge_current": 35.933774395366804,
    "ion_velocity": [
        -2333.0066149516047,
        2332.8898604811748,
        6300.161870363968,
        13119.528680159183,
        16147.742046026036,
        18323.458309841102,
        19910.002940387654,
        20933.23622408628,
        21511.704737801334,
        21799.017043492484,
        21939.812134854215
    ],
    "z_normalized": [
        0.0,
        0.0076,
        0.0156,
        0.0236,
        0.0316,
        0.039599999999999996,
        0.0476,
        0.0556,
        0.0636,
        0.0716,
        0.0796
    ]
}