{
    "thrust": 0.08152372130048606,
    "discharge_current": 45.11694576335483,
    "ion_velocity": [
        -2438.3725737552804,
        2050.0815227898593,
        4478.114350594276,
        8476.520337715861,
        12540.304883736015,
        16081.541523560558,
        18724.389170257127,
        20378.865264354485,
        21292.17204567116,
        21743.486838732795,
        21972.1193911083
    ],
    "z_normalized": [
        0.0,
        0.0076,
        0.0156,
        0.0236,
        0.0316,
        0.039599999999999996,
        0.0476,
        0.0556,
        0.0636,
        0.0716,
        0.0796
    ]
}