{
    "thrust": 0.08599898746474996,
    "discharge_current": 32.09701470927462,
    "ion_velocity": [
        -2122.441962526771,
        1724.9871931094938,
        4502.81687624133,
        9087.14823087739,
        13038.111963422883,
        16341.099271324838,
        18788.642193425596,
        20314.94283660646,
        21172.173528607193,
        21593.730922939543,
        21796.640262687954
    ],
    "z_normalized": [
        0.0,
        0.0076,
        0.0156,
        0.0236,
        0.0316,
        0.039599999999999996,
        0.0476,
        0.0556,
        0.0636,
        0.0716,
        0.0796
    ]
}