{
    "thrust": 0.09812205160977248,
    "discharge_current": 8.551598883341317,
    "ion_velocity": [
        -1236.5401396852978,
        -257.44857399924314,
        2978.622572679543,
        13084.663135691255,
        16133.509025206087,
        18023.08465208593,
        19457.66342394977,
        20397.28537503568,
        20916.491424484953,
        21157.86760641818,
        21240.490890116067
    ],
    "z_normalized": [
        0.0,
        0.0076,
        0.0156,
        0.0236,
        0.0316,
        0.039599999999999996,
        0.0476,
        0.0556,
        0.0636,
        0.0716,
        0.0796
    ]
}