{
    "thrust": 0.0850382473530038,
    "discharge_current": 27.62298930097028,
    "ion_velocity": [
        -2126.899301118627,
        2185.31812775538,
        6863.352200891309,
        14815.606617091717,
        17381.488816497997,
        19028.655595231674,
        20237.96651062936,
        21041.53558560983,
        21495.726857876394,
        21720.805035457928,
        21826.676976585517
    ],
    "z_normalized": [
        0.0,
        0.0076,
        0.0156,
        0.0236,
        0.0316,
        0.039599999999999996,
        0.0476,
        0.0556,
        0.0636,
        0.0716,
        0.0796
    ]
}