{
    "thrust": 0.0813645270118437,
    "discharge_current": 43.94330582197162,
    "ion_velocity": [
        -2440.645977436911,
        2169.0050951022554,
        5046.7088553851145,
        9787.890812522142,
        13627.13156323578,
        16761.2914653995,
        19093.657622070663,
        20556.884297608365,
        21372.286892194363,
        21776.211381072702,
        21980.180192841606
    ],
    "z_normalized": [
        0.0,
        0.0076,
        0.0156,
        0.0236,
        0.0316,
        0.039599999999999996,
        0.0476,
        0.0556,
        0.0636,
        0.0716,
        0.0796
    ]
}