{
    "thrust": 0.08678560514545261,
    "discharge_current": 25.25149171911432,
    "ion_velocity": [
        -2006.6824767847013,
        1890.7025636980393,
        6353.534449885686,
        13537.684353006263,
        16520.46356679153,
        18464.627031977994,
        19881.119142028354,
        20826.948722607114,
        21362.62961487573,
        21626.866036847,
        21749.65900713045
    ],
    "z_normalized": [
        0.0,
        0.0076,
        0.0156,
        0.0236,
        0.0316,
        0.039599999999999996,
        0.0476,
        0.0556,
        0.0636,
        0.0716,
        0.0796
    ]
}