{
    "thrust": 0.08742308476137016,
    "discharge_current": 23.654134618424237,
    "ion_velocity": [
        -1955.1969459779796,
        1813.8431263057325,
        6441.458292240387,
        13849.089939459353,
        16744.341468948318,
        18580.181091757666,
        19931.487636188613,
        20838.232441909677,
        21351.433492715016,
        21604.329370497966,
        21720.68306159235
    ],
    "z_normalized": [
        0.0,
        0.0076,
        0.0156,
        0.0236,
        0.0316,
        0.039599999999999996,
        0.0476,
        0.0556,
        0.0636,
        0.0716,
        0.0796
    ]
}