{
    "thrust": 0.0823868346323242,
    "discharge_current": 43.790559314599406,
    "ion_velocity": [
        -2382.905541748019,
        2011.1670955775694,
        4497.13420331519,
        8644.419828530796,
        12442.576809089314,
        16020.219727417561,
        18681.417247118574,
        20341.544324777242,
        21256.420998445643,
        21705.55118274877,
        21933.35700304921
    ],
    "z_normalized": [
        0.0,
        0.0076,
        0.0156,
        0.0236,
        0.0316,
        0.039599999999999996,
        0.0476,
        0.0556,
        0.0636,
        0.0716,
        0.0796
    ]
}