{
    "thrust": 0.09680228355018446,
    "discharge_current": 9.446820700990248,
    "ion_velocity": [
        -1236.597376593194,
        -258.1485349061715,
        3747.7406504282053,
        13840.85785735486,
        16610.974309767247,
        18311.093099317528,
        19615.52395506023,
        20472.960365567273,
        20948.68784684669,
        21172.780943368653,
        21254.562278440684
    ],
    "z_normalized": [
        0.0,
        0.0076,
        0.0156,
        0.0236,
        0.0316,
        0.039599999999999996,
        0.0476,
        0.0556,
        0.0636,
        0.0716,
        0.0796
    ]
}