{
    "thrust": 0.08053503110301571,
    "discharge_current": 46.419638194204644,
    "ion_velocity": [
        -2498.2809972677824,
        2226.9514735912426,
        5078.330932757597,
        9804.336096996405,
        13638.291302952024,
        16778.502517723067,
        19117.085287218877,
        20585.171856276047,
        21401.842371121005,
        21806.785423927704,
        22012.859688868604
    ],
    "z_normalized": [
        0.0,
        0.0076,
        0.0156,
        0.0236,
        0.0316,
        0.039599999999999996,
        0.0476,
        0.0556,
        0.0636,
        0.0716,
        0.0796
    ]
}