{
    "thrust": 0.08807480288377308,
    "discharge_current": 23.864415816630967,
    "ion_velocity": [
        -1926.7382712310746,
        1651.7960849152146,
        5769.518787917901,
        12346.608873146439,
        15636.329022235263,
        17901.619607495497,
        19543.97335009694,
        20634.56543949766,
        21253.61615890415,
        21557.80593933665,
        21697.95355078553
    ],
    "z_normalized": [
        0.0,
        0.0076,
        0.0156,
        0.0236,
        0.0316,
        0.039599999999999996,
        0.0476,
        0.0556,
        0.0636,
        0.0716,
        0.0796
    ]
}