{
    "thrust": 0.07823801990266202,
    "discharge_current": 55.86752855595011,
    "ion_velocity": [
        -2668.6160237025965,
        2290.094500709864,
        4698.133783248504,
        8700.852646749534,
        12720.506353636298,
        16232.888209747734,
        18856.54201401682,
        20505.93858814943,
        21413.88849162885,
        21863.89139030971,
        22098.93346199653
    ],
    "z_normalized": [
        0.0,
        0.0076,
        0.0156,
        0.0236,
        0.0316,
        0.039599999999999996,
        0.0476,
        0.0556,
        0.0636,
        0.0716,
        0.0796
    ]
}