{
    "thrust": 0.07906467719826052,
    "discharge_current": 52.15574212801825,
    "ion_velocity": [
        -2606.0071698618367,
        2268.9858636522235,
        4846.226845230531,
        9126.5673864452,
        13086.374780088925,
        16450.349188670996,
        18961.70048781546,
        20539.870907568125,
        21412.03196788946,
        21844.623988499596,
        22068.43998314744
    ],
    "z_normalized": [
        0.0,
        0.0076,
        0.0156,
        0.0236,
        0.0316,
        0.039599999999999996,
        0.0476,
        0.0556,
        0.0636,
        0.0716,
        0.0796
    ]
}