{
    "thrust": 0.09549226931575713,
    "discharge_current": 11.01751508886078,
    "ion_velocity": [
        -1249.1473407722822,
        -246.2254523840825,
        4473.606662735484,
        13977.612142834674,
        16678.395806214903,
        18347.90335376668,
        19636.911841617268,
        20489.05392500424,
        20964.468943125845,
        21191.534955223582,
        21279.860394660147
    ],
    "z_normalized": [
        0.0,
        0.0076,
        0.0156,
        0.0236,
        0.0316,
        0.039599999999999996,
        0.0476,
        0.0556,
        0.0636,
        0.0716,
        0.0796
    ]
}