{
    "thrust": 0.09104385338401252,
    "discharge_current": 19.441412321529477,
    "ion_velocity": [
        -1740.4109319092113,
        1151.2947429388155,
        5117.503935427504,
        11581.321887441374,
        15044.378258657147,
        17479.106364767576,
        19247.4408662249,
        20436.281977296898,
        21111.692331211038,
        21441.34688781523,
        21587.76889606635
    ],
    "z_normalized": [
        0.0,
        0.0076,
        0.0156,
        0.0236,
        0.0316,
        0.039599999999999996,
        0.0476,
        0.0556,
        0.0636,
        0.0716,
        0.0796
    ]
}