{
    "thrust": 0.09251523423804374,
    "discharge_current": 17.050831250924663,
    "ion_velocity": [
        -1655.5280156119707,
        933.1898305579331,
        5511.916898927098,
        12867.79513899574,
        15981.184759983795,
        17993.106680409564,
        19521.165235939898,
        20551.097552085503,
        21132.974648970823,
        21416.44404604106,
        21539.556604652676
    ],
    "z_normalized": [
        0.0,
        0.0076,
        0.0156,
        0.0236,
        0.0316,
        0.039599999999999996,
        0.0476,
        0.0556,
        0.0636,
        0.0716,
        0.0796
    ]
}