{
    "thrust": 0.0908588842986246,
    "discharge_current": 19.71517420388686,
    "ion_velocity": [
        -1751.0227629626474,
        1181.1894675261592,
        5135.892474785889,
        11572.178713019974,
        15037.086275742815,
        17479.282164048986,
        19251.287142353645,
        20440.85677040344,
        21116.799940625,
        21446.841071071503,
        21593.82209876459
    ],
    "z_normalized": [
        0.0,
        0.0076,
        0.0156,
        0.0236,
        0.0316,
        0.039599999999999996,
        0.0476,
        0.0556,
        0.0636,
        0.0716,
        0.0796
    ]
}