{
    "thrust": 0.08331189396279452,
    "discharge_current": 41.803387667456235,
    "ion_velocity": [
        -2327.436682613354,
        1708.0201380339504,
        3284.9258922545673,
        6002.754823670088,
        10401.939445102002,
        14770.46574336558,
        18007.0457654039,
        20014.6208171158,
        21103.674394494108,
        21634.58800412002,
        21903.136669239793
    ],
    "z_normalized": [
        0.0,
        0.0076,
        0.0156,
        0.0236,
        0.0316,
        0.039599999999999996,
        0.0476,
        0.0556,
        0.0636,
        0.0716,
        0.0796
    ]
}