{
    "thrust": 0.07807349820488896,
    "discharge_current": 57.05946040279023,
    "ion_velocity": [
        -2683.489431911079,
        2278.732416859353,
        4582.0902386798,
        8396.217628779646,
        12474.548421486554,
        16081.80253533012,
        18777.173593360436,
        20471.73437263658,
        21402.254573532507,
        21863.173427805603,
        22104.48679820057
    ],
    "z_normalized": [
        0.0,
        0.0076,
        0.0156,
        0.0236,
        0.0316,
        0.039599999999999996,
        0.0476,
        0.0556,
        0.0636,
        0.0716,
        0.0796
    ]
}