{
    "thrust": 0.07844497661065662,
    "discharge_current": 54.6888318819711,
    "ion_velocity": [
        -2651.6414625981465,
        2297.484805199116,
        4798.639917079228,
        8964.193292374008,
        12939.948727947178,
        16367.006495534137,
        18926.321038007885,
        20535.2721651331,
        21422.467695484353,
        21862.439067717707,
        22091.548962068373
    ],
    "z_normalized": [
        0.0,
        0.0076,
        0.0156,
        0.0236,
        0.0316,
        0.039599999999999996,
        0.0476,
        0.0556,
        0.0636,
        0.0716,
        0.0796
    ]
}