{
    "thrust": 0.08027697544400006,
    "discharge_current": 47.172419163824394,
    "ion_velocity": [
        -2515.253050617205,
        2289.017591265691,
        5284.851594921225,
        10322.938976336072,
        13899.49278844315,
        16948.5130252625,
        19214.507265856017,
        20637.211621298233,
        21429.103972977864,
        21821.139328904006,
        22021.428826345207
    ],
    "z_normalized": [
        0.0,
        0.0076,
        0.0156,
        0.0236,
        0.0316,
        0.039599999999999996,
        0.0476,
        0.0556,
        0.0636,
        0.0716,
        0.0796
    ]
}