{
    "thrust": 0.09352531660909714,
    "discharge_current": 15.952244570566057,
    "ion_velocity": [
        -1609.4593932395503,
        765.3216616078545,
        5604.210978645087,
        13357.558653805783,
        16312.717154209096,
        18184.36508166595,
        19623.08129604936,
        20588.96824337847,
        21133.390751886014,
        21398.18110360726,
        21511.61256674314
    ],
    "z_normalized": [
        0.0,
        0.0076,
        0.0156,
        0.0236,
        0.0316,
        0.039599999999999996,
        0.0476,
        0.0556,
        0.0636,
        0.0716,
        0.0796
    ]
}