{
    "thrust": 0.097719322577271,
    "discharge_current": 9.15736100211391,
    "ion_velocity": [
        -1236.5320498024241,
        -252.4841320157276,
        2619.6096158222244,
        10969.722851029972,
        14670.365387937238,
        17146.28909144455,
        18974.427288156858,
        20174.146815803495,
        20841.040506216654,
        21152.986612117154,
        21260.99133070218
    ],
    "z_normalized": [
        0.0,
        0.0076,
        0.0156,
        0.0236,
        0.0316,
        0.039599999999999996,
        0.0476,
        0.0556,
        0.0636,
        0.0716,
        0.0796
    ]
}