{
    "thrust": 0.07989805045345952,
    "discharge_current": 48.29546368241378,
    "ion_velocity": [
        -2541.4933233255815,
        2307.797573606277,
        5268.448234119535,
        10254.814836217256,
        13874.506088693504,
        16936.76496670102,
        19214.029893623545,
        20644.447669576406,
        21440.25303514779,
        21834.57858522404,
        22036.662213118096
    ],
    "z_normalized": [
        0.0,
        0.0076,
        0.0156,
        0.0236,
        0.0316,
        0.039599999999999996,
        0.0476,
        0.0556,
        0.0636,
        0.0716,
        0.0796
    ]
}