{
    "thrust": 0.09426463709168953,
    "discharge_current": 15.31424679773151,
    "ion_velocity": [
        -1579.2662779552184,
        634.2715927096395,
        5557.634896084809,
        13487.029419698481,
        16392.047613478924,
        18228.24581863004,
        19642.584570650215,
        20590.259078069925,
        21123.817191402948,
        21382.931381748807,
        21492.858737408078
    ],
    "z_normalized": [
        0.0,
        0.0076,
        0.0156,
        0.0236,
        0.0316,
        0.039599999999999996,
        0.0476,
        0.0556,
        0.0636,
        0.0716,
        0.0796
    ]
}