{
    "thrust": 0.09525698326243874,
    "discharge_current": 11.62218283957919,
    "ion_velocity": [
        -1297.7785873862458,
        -179.90372021347957,
        4588.8058352815815,
        13655.790146803345,
        16456.9086088851,
        18218.18719948242,
        19574.614440946334,
        20474.06486409983,
        20976.86984408823,
        21217.814567210924,
        21313.026465832907
    ],
    "z_normalized": [
        0.0,
        0.0076,
        0.0156,
        0.0236,
        0.0316,
        0.039599999999999996,
        0.0476,
        0.0556,
        0.0636,
        0.0716,
        0.0796
    ]
}