{
    "thrust": 0.09227150142183589,
    "discharge_current": 17.828226816188963,
    "ion_velocity": [
        -1673.8132870502604,
        950.5774154209962,
        5021.7415727804055,
        11708.19397373299,
        15139.752217224335,
        17498.393397185984,
        19239.784359221983,
        20415.61452017614,
        21082.48984216503,
        21407.188872494266,
        21548.968355215544
    ],
    "z_normalized": [
        0.0,
        0.0076,
        0.0156,
        0.0236,
        0.0316,
        0.039599999999999996,
        0.0476,
        0.0556,
        0.0636,
        0.0716,
        0.0796
    ]
}