{
    "thrust": 0.09511306773124148,
    "discharge_current": 11.923317008046183,
    "ion_velocity": [
        -1328.8103220813707,
        -125.0646381104175,
        4919.909144640724,
        14133.232873288869,
        16793.600583655818,
        18432.644996091174,
        19702.565984753473,
        20544.09643603936,
        21014.660038452523,
        21240.641232844417,
        21330.863489014842
    ],
    "z_normalized": [
        0.0,
        0.0076,
        0.0156,
        0.0236,
        0.0316,
        0.039599999999999996,
        0.0476,
        0.0556,
        0.0636,
        0.0716,
        0.0796
    ]
}