{
    "thrust": 0.053547024750424825,
    "discharge_current": 3.5888916900868457,
    "ion_velocity": [
        -1191.5993284635788,
        1319.0583895098268,
        4127.023803840333,
        8864.63086644395,
        11067.83884446678,
        10210.606328599371,
        9803.839487214338,
        10944.815721551846,
        12276.223373126255,
        12826.57460840049,
        12762.420751074733
    ],
    "z_normalized": [
        0.0,
        0.0076,
        0.0156,
        0.0236,
        0.0316,
        0.039599999999999996,
        0.0476,
        0.0556,
        0.0636,
        0.0716,
        0.0796
    ]
}