{
    "thrust": 0.0952135072359058,
    "discharge_current": 12.349493434457937,
    "ion_velocity": [
        -1332.7205300350952,
        -135.67617958828956,
        3904.834154044146,
        11488.398877874592,
        14960.156235893677,
        17323.988582114256,
        19077.75455953714,
        20245.454232656495,
        20901.601099713323,
        21216.24633753216,
        21341.21161262201
    ],
    "z_normalized": [
        0.0,
        0.0076,
        0.0156,
        0.0236,
        0.0316,
        0.039599999999999996,
        0.0476,
        0.0556,
        0.0636,
        0.0716,
        0.0796
    ]
}