{
    "thrust": 0.09108242094406964,
    "discharge_current": 18.985629063346128,
    "ion_velocity": [
        -1733.3345751114362,
        1169.8621640844988,
        5453.826184807792,
        12343.185854967416,
        15622.273301636546,
        17812.77590565029,
        19432.11461987093,
        20527.10238175919,
        21147.67596309123,
        21450.74957806901,
        21585.047448249265
    ],
    "z_normalized": [
        0.0,
        0.0076,
        0.0156,
        0.0236,
        0.0316,
        0.039599999999999996,
        0.0476,
        0.0556,
        0.0636,
        0.0716,
        0.0796
    ]
}