{
    "thrust": 0.07964648341889775,
    "discharge_current": 48.55699606810535,
    "ion_velocity": [
        -2556.758897017165,
        2338.140002762687,
        5347.333991726086,
        10437.652088647044,
        14070.727845627162,
        17061.499736226026,
        19285.33222995677,
        20683.59322028913,
        21462.842341312036,
        21849.61894884257,
        22047.890077617238
    ],
    "z_normalized": [
        0.0,
        0.0076,
        0.0156,
        0.0236,
        0.0316,
        0.039599999999999996,
        0.0476,
        0.0556,
        0.0636,
        0.0716,
        0.0796
    ]
}