{
    "thrust": 0.0820574989156855,
    "discharge_current": 38.0107995479691,
    "ion_velocity": [
        -2369.7485444028193,
        2316.024762738055,
        6052.898331126471,
        12415.95310649329,
        15643.419017014357,
        18015.510713301403,
        19755.014545160684,
        20864.825000626013,
        21491.96045988249,
        21803.423353836475,
        21957.379052428554
    ],
    "z_normalized": [
        0.0,
        0.0076,
        0.0156,
        0.0236,
        0.0316,
        0.039599999999999996,
        0.0476,
        0.0556,
        0.0636,
        0.0716,
        0.0796
    ]
}