{
    "thrust": 0.08124628929838823,
    "discharge_current": 46.14100631560205,
    "ion_velocity": [
        -2458.7281199664644,
        2057.9347326672178,
        4430.351809344711,
        8337.813565378536,
        12423.695402829257,
        16012.377450885084,
        18691.752887601,
        20369.536367124325,
        21293.951315032748,
        21750.76955214599,
        21982.86140692974
    ],
    "z_normalized": [
        0.0,
        0.0076,
        0.0156,
        0.0236,
        0.0316,
        0.039599999999999996,
        0.0476,
        0.0556,
        0.0636,
        0.0716,
        0.0796
    ]
}