{
    "thrust": 0.08278834882834693,
    "discharge_current": 38.54841920624249,
    "ion_velocity": [
        -2332.972360411557,
        2123.821751920499,
        5331.137925045017,
        10602.507274312575,
        14280.267366276166,
        17152.268600885716,
        19278.68215920425,
        20615.88561257601,
        21367.72573239134,
        21739.881184476977,
        21924.27126581274
    ],
    "z_normalized": [
        0.0,
        0.0076,
        0.0156,
        0.0236,
        0.0316,
        0.039599999999999996,
        0.0476,
        0.0556,
        0.0636,
        0.0716,
        0.0796
    ]
}