{
    "thrust": 0.08762392098907966,
    "discharge_current": 23.232196227060747,
    "ion_velocity": [
        -1940.1002734943872,
        1784.7012282778674,
        6437.820503561027,
        13871.344986728272,
        16759.994527806095,
        18583.107413182806,
        19929.172072524365,
        20832.99613873925,
        21344.483977592605,
        21596.432636324193,
        21712.040028211228
    ],
    "z_normalized": [
        0.0,
        0.0076,
        0.0156,
        0.0236,
        0.0316,
        0.039599999999999996,
        0.0476,
        0.0556,
        0.0636,
        0.0716,
        0.0796
    ]
}