{
    "thrust": 0.08872213927585931,
    "discharge_current": 21.612781339947343,
    "ion_velocity": [
        -1867.7142432740425,
        1613.9533338127428,
        6304.139059256745,
        13697.73729357056,
        16632.153423791355,
        18474.999622805943,
        19847.29266202632,
        20771.31289538069,
        21294.14257386131,
        21551.08866072631,
        21667.675913790157
    ],
    "z_normalized": [
        0.0,
        0.0076,
        0.0156,
        0.0236,
        0.0316,
        0.039599999999999996,
        0.0476,
        0.0556,
        0.0636,
        0.0716,
        0.0796
    ]
}