{
    "thrust": 0.08403935893711989,
    "discharge_current": 38.3450783018244,
    "ion_velocity": [
        -2270.3058270242177,
        1832.4360841751497,
        4180.659700179121,
        8080.646038470411,
        12188.89924594684,
        15837.751954902504,
        18556.34992926199,
        20250.2490707272,
        21186.859754018464,
        21648.044480112047,
        21875.94674456543
    ],
    "z_normalized": [
        0.0,
        0.0076,
        0.0156,
        0.0236,
        0.0316,
        0.039599999999999996,
        0.0476,
        0.0556,
        0.0636,
        0.0716,
        0.0796
    ]
}