{
    "thrust": 0.09606877854129496,
    "discharge_current": 10.156919314260305,
    "ion_velocity": [
        -1236.584080430757,
        -267.7568955807299,
        3868.4569746477696,
        13332.095914679852,
        16248.3297436915,
        18083.795658776155,
        19487.53725754166,
        20414.10879648158,
        20929.93668088655,
        21174.554797802903,
        21266.38250682273
    ],
    "z_normalized": [
        0.0,
        0.0076,
        0.0156,
        0.0236,
        0.0316,
        0.039599999999999996,
        0.0476,
        0.0556,
        0.0636,
        0.0716,
        0.0796
    ]
}