{
    "thrust": 0.08300702385495458,
    "discharge_current": 34.21574876662898,
    "ion_velocity": [
        -2291.0891411254975,
        2287.4803132235475,
        6321.310990240009,
        13192.184368796137,
        16226.07333653357,
        18362.652600494257,
        19918.04000765131,
        20925.8013020209,
        21495.917741075045,
        21778.91485461856,
        21916.590182867963
    ],
    "z_normalized": [
        0.0,
        0.0076,
        0.0156,
        0.0236,
        0.0316,
        0.039599999999999996,
        0.0476,
        0.0556,
        0.0636,
        0.0716,
        0.0796
    ]
}