{
    "thrust": 0.08049492436673965,
    "discharge_current": 44.82051117012935,
    "ion_velocity": [
        -2492.252254122734,
        2334.3146259426057,
        5585.881697746045,
        11097.916033485622,
        14623.825646306876,
        17397.267741442593,
        19452.778623017795,
        20747.52279620357,
        21473.45487183544,
        21834.057003342114,
        22016.720797669946
    ],
    "z_normalized": [
        0.0,
        0.0076,
        0.0156,
        0.0236,
        0.0316,
        0.039599999999999996,
        0.0476,
        0.0556,
        0.0636,
        0.0716,
        0.0796
    ]
}