{
    "thrust": 0.07928935271022887,
    "discharge_current": 54.420857146735834,
    "ion_velocity": [
        -2607.0240279223117,
        2128.1526549694054,
        4141.362201573095,
        7469.164661608452,
        11666.517609733331,
        15572.234958710771,
        18486.012534328966,
        20311.990726325334,
        21309.206841135925,
        21800.57979756723,
        22056.542945353478
    ],
    "z_normalized": [
        0.0,
        0.0076,
        0.0156,
        0.0236,
        0.0316,
        0.039599999999999996,
        0.0476,
        0.0556,
        0.0636,
        0.0716,
        0.0796
    ]
}