{
    "thrust": 0.08735666023738856,
    "discharge_current": 25.072144019764238,
    "ion_velocity": [
        -1976.3080685474465,
        1751.906030755524,
        5855.46382118916,
        12433.272122196911,
        15703.600404151786,
        17957.59633810465,
        19592.091349749768,
        20672.765788816858,
        21286.035671596932,
        21587.811530156367,
        21727.95556189496
    ],
    "z_normalized": [
        0.0,
        0.0076,
        0.0156,
        0.0236,
        0.0316,
        0.039599999999999996,
        0.0476,
        0.0556,
        0.0636,
        0.0716,
        0.0796
    ]
}