{
    "thrust": 0.07892168261206466,
    "discharge_current": 53.08764912849176,
    "ion_velocity": [
        -2617.5271094919267,
        2283.7817919492422,
        4860.527578819119,
        9158.752807794182,
        13045.179805842192,
        16428.81313468805,
        18953.16613179473,
        20538.634748051314,
        21413.826949474733,
        21847.315997744114,
        22072.297308893096
    ],
    "z_normalized": [
        0.0,
        0.0076,
        0.0156,
        0.0236,
        0.0316,
        0.039599999999999996,
        0.0476,
        0.0556,
        0.0636,
        0.0716,
        0.0796
    ]
}