{
    "timestamp": "2024-12-22T00:06:45.297723",
    "initial_guess": {
        "v1": 2.0124301397620146,
        "v2": 2.0028894367014445
    },
    "initial_cov": [
        [
            0.15,
            0.0
        ],
        [
            0.0,
            0.015
        ]
    ],
    "v_log_initial": [
        0.3037208130436473,
        -0.002063836968121456
    ],
    "iterations": 200,
    "acceptance_rate": 0.115
}