{"samples": [[0.3037208130436473, -0.002063836968121456], [0.5647011067569603, 0.035407754461903446], [0.6623151545788187, 0.07193295948567063], [0.6623151545788187, 0.07193295948567063], [0.6623151545788187, 0.07193295948567063], [0.6623151545788187, 0.07193295948567063], [0.6623151545788187, 0.07193295948567063], [0.692254752041517, -0.015113113717048585], [0.692254752041517, -0.015113113717048585], [0.692254752041517, -0.015113113717048585], [0.7609559991308198, -0.019957795597840913], [0.7609559991308198, -0.019957795597840913], [0.7609559991308198, -0.019957795597840913], [0.7609559991308198, -0.019957795597840913], [0.7609559991308198, -0.019957795597840913], [0.7609559991308198, -0.019957795597840913], [0.7609559991308198, -0.019957795597840913], [0.7609559991308198, -0.019957795597840913], [0.7609559991308198, -0.019957795597840913], [0.8513184887522561, 0.07739062855102961], [1.0511779742835814, 0.09457088866470159], [1.0511779742835814, 0.09457088866470159], [1.2531364074830849, 0.11153330797684573], [1.1796169132689145, 0.038934390461472665], [1.405718540739934, -0.012539593069633544], [1.405718540739934, -0.012539593069633544], [1.405718540739934, -0.012539593069633544], [1.405718540739934, -0.012539593069633544], [1.405718540739934, -0.012539593069633544], [1.564056272524782, -0.059302351648452524]], "acceptance_rate": 1.0}