{"samples": [[-0.6410760445724816, -0.08670747223729658], [-0.6753358371918325, -0.04293844406022693], [-0.6753358371918325, -0.04293844406022693], [-0.6753358371918325, -0.04293844406022693], [-0.6753358371918325, -0.04293844406022693], [-0.6753358371918325, -0.04293844406022693], [-0.6753358371918325, -0.04293844406022693], [-0.6753358371918325, -0.04293844406022693], [-1.2082856755839475, 0.12343042339952442], [-1.4142647203720846, 0.10566029197248646]], "acceptance_rate": 1.0}