{"samples": [[0.3037208130436473, -0.002063836968121456], [0.3037208130436473, -0.002063836968121456], [0.3037208130436473, -0.002063836968121456], [0.9041010781702941, 0.11159602051239359], [0.928056672682734, 0.05924717962764859], [1.0146816607011169, 0.07430818766656018], [1.1934230622623396, 0.12055298429207942], [1.1934230622623396, 0.12055298429207942], [1.1934230622623396, 0.12055298429207942], [1.1796316964659432, 0.08764664186774077], [1.1796316964659432, 0.08764664186774077], [1.6283522604614766, 0.02549451178136864], [1.6283522604614766, 0.02549451178136864], [1.6283522604614766, 0.02549451178136864], [1.6562248055987492, -0.07963972017521456], [1.6562248055987492, -0.07963972017521456], [1.6562248055987492, -0.07963972017521456], [1.6562248055987492, -0.07963972017521456], [1.6562248055987492, -0.07963972017521456], [1.6562248055987492, -0.07963972017521456]], "acceptance_rate": 1.0}