{"samples": [[1.1971133768836475, -0.14737843189590635], [1.2065265986433267, 0.18905223951569025], [1.49230714019109, -0.053996036413550885], [1.49230714019109, -0.053996036413550885], [1.49230714019109, -0.053996036413550885], [1.49230714019109, -0.053996036413550885], [1.49230714019109, -0.053996036413550885], [1.49230714019109, -0.053996036413550885], [1.49230714019109, -0.053996036413550885], [1.49230714019109, -0.053996036413550885], [1.49230714019109, -0.053996036413550885], [1.5540316780027865, -0.0010198914809312967], [1.5540316780027865, -0.0010198914809312967], [1.5220195338150047, -0.033434306237438545], [1.5220195338150047, -0.033434306237438545], [1.5220195338150047, -0.033434306237438545], [1.5220195338150047, -0.033434306237438545], [1.5220195338150047, -0.033434306237438545], [1.6526991668744033, -0.06929869774042904], [1.6526991668744033, -0.06929869774042904]], "acceptance_rate": 1.0}