{"samples": [[0.3037208130436473, -0.002063836968121456], [0.3037208130436473, -0.002063836968121456], [0.3037208130436473, -0.002063836968121456], [0.3037208130436473, -0.002063836968121456], [0.3037208130436473, -0.002063836968121456], [0.3037208130436473, -0.002063836968121456], [0.3037208130436473, -0.002063836968121456], [0.3037208130436473, -0.002063836968121456], [0.3037208130436473, -0.002063836968121456], [0.3037208130436473, -0.002063836968121456], [0.3037208130436473, -0.002063836968121456], [0.3037208130436473, -0.002063836968121456], [0.3037208130436473, -0.002063836968121456], [1.1368047470193992, -0.11777039054991789], [1.1368047470193992, -0.11777039054991789], [1.1368047470193992, -0.11777039054991789], [1.1368047470193992, -0.11777039054991789], [1.1368047470193992, -0.11777039054991789], [1.1368047470193992, -0.11777039054991789], [1.1699313256658082, -0.07901437831866615], [1.4757025454088586, -0.1399963389311261], [1.5793277773265146, -0.1567855062172801], [1.7018640281263835, -0.19253305263005516], [1.7018640281263835, -0.19253305263005516], [1.7018640281263835, -0.19253305263005516], [1.7018640281263835, -0.19253305263005516], [1.7018640281263835, -0.19253305263005516], [1.7018640281263835, -0.19253305263005516], [1.7018640281263835, -0.19253305263005516], [1.7018640281263835, -0.19253305263005516]], "acceptance_rate": 1.0}