{"samples": [[0.3037208130436473, -0.002063836968121456], [0.3037208130436473, -0.002063836968121456], [0.3037208130436473, -0.002063836968121456], [0.3037208130436473, -0.002063836968121456], [0.3037208130436473, -0.002063836968121456], [1.0274903791455885, 0.005618689478793909], [1.5941878537550815, -0.20217226670882948], [1.5941878537550815, -0.20217226670882948], [1.5941878537550815, -0.20217226670882948], [1.6379294686814174, 0.034850832948387006]], "acceptance_rate": 1.0}