{"samples": [[0.3037208130436473, -0.002063836968121456], [0.3037208130436473, -0.002063836968121456], [0.3037208130436473, -0.002063836968121456], [0.3037208130436473, -0.002063836968121456], [0.3037208130436473, -0.002063836968121456], [0.3037208130436473, -0.002063836968121456], [0.3037208130436473, -0.002063836968121456], [0.3037208130436473, -0.002063836968121456], [0.3037208130436473, -0.002063836968121456], [0.9088312629161567, 0.11676673788787859], [0.9088312629161567, 0.11676673788787859], [0.9088312629161567, 0.11676673788787859], [1.1226455726453104, 0.13835846492295426], [1.1226455726453104, 0.13835846492295426], [1.1944198666325399, 0.10908540243500384], [1.1944198666325399, 0.10908540243500384], [1.3698625126997266, -0.04502042226603381], [1.3822875731582402, -0.043034578357735935], [1.3822875731582402, -0.043034578357735935], [1.3822875731582402, -0.043034578357735935]], "acceptance_rate": 1.0}