{"samples": [[0.3037208130436473, -0.002063836968121456], [0.3037208130436473, -0.002063836968121456], [0.3037208130436473, -0.002063836968121456], [0.3037208130436473, -0.002063836968121456], [0.3037208130436473, -0.002063836968121456], [0.3037208130436473, -0.002063836968121456], [0.3037208130436473, -0.002063836968121456], [0.3037208130436473, -0.002063836968121456], [0.3037208130436473, -0.002063836968121456], [0.3037208130436473, -0.002063836968121456], [0.8439856011841325, -0.04323379398632592], [0.8439856011841325, -0.04323379398632592], [0.8439856011841325, -0.04323379398632592], [0.9365711851368832, 0.049436202939405045], [0.9365711851368832, 0.049436202939405045], [1.1411168675898282, -0.03328467015368879], [1.1411168675898282, -0.03328467015368879], [1.1411168675898282, -0.03328467015368879], [1.3869201465510685, -0.1190495464427396], [1.4712136950584311, -0.02816269239073671]], "acceptance_rate": 1.0}