
{
    "v1": 0.02000351122413226,
    "v2": 0.02007329109585801
}