{
    "v1": 0.02000351122351038,
    "alpha": 1.0034883812015256
}