{
    "thrust": 0.07964283616587897,
    "discharge_current": 13.090598288415354,
    "ion_velocity": [
        -1283.1706768480067,
        856.4346871393925,
        2973.423901360442,
        5658.160692916095,
        9100.714630875234,
        12935.188827422548,
        16148.667425075797,
        18257.34081063067,
        19485.898868789547,
        20107.764702101307,
        20398.800050854756
    ],
    "z_normalized": [
        0.0,
        0.0076,
        0.0156,
        0.0236,
        0.0316,
        0.039599999999999996,
        0.0476,
        0.0556,
        0.0636,
        0.0716,
        0.0796
    ]
}