{
    "thrust": 0.1518158321280934,
    "discharge_current": 29.73669158439611,
    "ion_velocity": [
        -1253.6321479188043,
        567.6463852714497,
        1875.0698088523004,
        2945.902211756982,
        4014.714959460564,
        6155.983366037724,
        9492.409705325088,
        16054.618771124206,
        19795.064191660673,
        20408.19954479462,
        19641.327867227166
    ],
    "z_normalized": [
        0.0,
        0.0076,
        0.0156,
        0.0236,
        0.0316,
        0.039599999999999996,
        0.0476,
        0.0556,
        0.0636,
        0.0716,
        0.0796
    ]
}