{
    "v1": 2.0124301397620146,
    "v2": 2.0028894367014445
}