{
    "thrust": [
        0.14972733469235436
    ],
    "time": [
        0.001
    ],
    "discharge_current": [
        95.47945560774582
    ],
    "z_normalized": [
        0.0,
        0.18999999999999997,
        0.38999999999999996,
        0.59,
        0.7899999999999999,
        0.99,
        1.19,
        1.3900000000000001,
        1.5899999999999999,
        1.7899999999999998,
        1.99
    ],
    "ion_velocity": [
        [
            -2511.898747506574,
            1716.9445211130167,
            2489.7423123530916,
            3911.293759117168,
            5947.208336088176,
            8333.606589742143,
            12050.867349729646,
            15064.640910402904,
            17626.647411802995,
            19777.492484539394,
            21988.628727869054
        ]
    ]
}