{
    "iteration": 100,
    "checkpoint_samples": [
        [
            -1.3913547772504025,
            1.162135159887985
        ],
        [
            -1.459506849792919,
            0.16286440884856102
        ],
        [
            -1.0889827404426267,
            1.9401154729236811
        ],
        [
            -4.403412618466434,
            1.6483394283396846
        ],
        [
            -2.4292594208421314,
            1.1027313769665386
        ]
    ]
}