{
    "thrust": 0.07229970835292975,
    "discharge_current": 4.822805911441126,
    "ion_velocity": [
        -1264.1996006257202,
        843.1674215057799,
        3322.893871391377,
        7085.227152970424,
        10947.913791048388,
        14413.200534815716,
        16963.604961118228,
        18636.930969554418,
        19554.460969698055,
        19969.198118056873,
        20107.630490275795
    ],
    "z_normalized": [
        0.0,
        0.0076,
        0.0156,
        0.0236,
        0.0316,
        0.039599999999999996,
        0.0476,
        0.0556,
        0.0636,
        0.0716,
        0.0796
    ]
}