{
    "thrust": 0.0978806232185003,
    "discharge_current": 9.763265058933476,
    "ion_velocity": [
        -1236.423318905008,
        -249.53074698242847,
        1788.6949921013265,
        7486.432129856282,
        12170.390879414737,
        15714.762108412599,
        18203.671224279187,
        19807.78985044648,
        20707.02395453793,
        21128.867494671103,
        21273.886427485704
    ],
    "z_normalized": [
        0.0,
        0.0076,
        0.0156,
        0.0236,
        0.0316,
        0.039599999999999996,
        0.0476,
        0.0556,
        0.0636,
        0.0716,
        0.0796
    ]
}