{
    "thrust": 0.09516579816589621,
    "discharge_current": 13.389073810295585,
    "ion_velocity": [
        -1381.1901271505592,
        -65.09559521281344,
        3303.30039778852,
        9317.183462462915,
        13442.879524221149,
        16458.063302215443,
        18607.618872283965,
        20027.996979702508,
        20832.13163888024,
        21218.36725639146,
        21373.272224594108
    ],
    "z_normalized": [
        0.0,
        0.0076,
        0.0156,
        0.0236,
        0.0316,
        0.039599999999999996,
        0.0476,
        0.0556,
        0.0636,
        0.0716,
        0.0796
    ]
}