{
    "thrust": 0.08695404497806714,
    "discharge_current": 28.000107658730766,
    "ion_velocity": [
        -2029.5333181364667,
        1700.0798706015569,
        5054.37194272353,
        10518.180161469721,
        14208.647902550623,
        17049.953518317736,
        19133.38983160321,
        20455.593441636596,
        21206.652375392292,
        21575.876238281104,
        21750.095284695337
    ],
    "z_normalized": [
        0.0,
        0.0076,
        0.0156,
        0.0236,
        0.0316,
        0.039599999999999996,
        0.0476,
        0.0556,
        0.0636,
        0.0716,
        0.0796
    ]
}