{
    "thrust": 0.09458866418731167,
    "discharge_current": 17.98858254438357,
    "ion_velocity": [
        -1629.625473967808,
        612.1467511101637,
        2527.236856670982,
        5352.62660099367,
        10411.203922837145,
        14814.11258034966,
        17821.155535350757,
        19723.738007111027,
        20779.262736050994,
        21279.28449202437,
        21511.242191041776
    ],
    "z_normalized": [
        0.0,
        0.0076,
        0.0156,
        0.0236,
        0.0316,
        0.039599999999999996,
        0.0476,
        0.0556,
        0.0636,
        0.0716,
        0.0796
    ]
}