{
    "thrust": 0.08539897596365197,
    "discharge_current": 35.83288387294826,
    "ion_velocity": [
        -2204.6350986293996,
        1475.7216757423346,
        2771.8120468562265,
        4959.625681197304,
        9742.642846416999,
        14371.074591879278,
        17777.68098690145,
        19877.04599779307,
        21015.379944715987,
        21567.47154505949,
        21842.350885507152
    ],
    "z_normalized": [
        0.0,
        0.0076,
        0.0156,
        0.0236,
        0.0316,
        0.039599999999999996,
        0.0476,
        0.0556,
        0.0636,
        0.0716,
        0.0796
    ]
}