{
    "thrust": 0.09600092286272763,
    "discharge_current": 11.748951687538929,
    "ion_velocity": [
        -1236.404040143697,
        -257.00737890775406,
        2018.6629336386277,
        6851.925955496402,
        11652.935041618912,
        15425.195629086862,
        18036.896560465048,
        19716.823497614263,
        20667.863297044034,
        21120.674325136475,
        21290.75332925716
    ],
    "z_normalized": [
        0.0,
        0.0076,
        0.0156,
        0.0236,
        0.0316,
        0.039599999999999996,
        0.0476,
        0.0556,
        0.0636,
        0.0716,
        0.0796
    ]
}