{
    "thrust": 0.08383297422656537,
    "discharge_current": 31.515422384210826,
    "ion_velocity": [
        -2232.4186355049587,
        2273.4545077155954,
        6583.336229081999,
        13956.838768308231,
        16773.41686651886,
        18687.88549751596,
        20077.474074654372,
        20990.206086226775,
        21506.435089317907,
        21762.58312655897,
        21885.570652260914
    ],
    "z_normalized": [
        0.0,
        0.0076,
        0.0156,
        0.0236,
        0.0316,
        0.039599999999999996,
        0.0476,
        0.0556,
        0.0636,
        0.0716,
        0.0796
    ]
}