{
    "thrust": 0.08121012000377725,
    "discharge_current": 43.512657584046096,
    "ion_velocity": [
        -2446.075708305178,
        2271.306724777049,
        5493.143487409649,
        10926.306247086948,
        14319.438243696044,
        17201.276139310852,
        19335.852441996474,
        20677.373196541812,
        21427.36657515992,
        21798.213589767664,
        21985.61240782716
    ],
    "z_normalized": [
        0.0,
        0.0076,
        0.0156,
        0.0236,
        0.0316,
        0.039599999999999996,
        0.0476,
        0.0556,
        0.0636,
        0.0716,
        0.0796
    ]
}