{
    "thrust": 0.09577684242901,
    "discharge_current": 10.50954963837385,
    "ion_velocity": [
        -1236.5692094790807,
        -273.7910674952882,
        3865.6244942019625,
        12992.696818991393,
        16010.336218858407,
        17936.666753129244,
        19404.32988252257,
        20375.04515742369,
        20916.325368270358,
        21173.66793241641,
        21271.37764046924
    ],
    "z_normalized": [
        0.0,
        0.0076,
        0.0156,
        0.0236,
        0.0316,
        0.039599999999999996,
        0.0476,
        0.0556,
        0.0636,
        0.0716,
        0.0796
    ]
}