{
    "thrust": 0.086777742879194,
    "discharge_current": 30.56079817596952,
    "ion_velocity": [
        -2064.7761410523467,
        1586.132406310002,
        4147.306737959633,
        8416.229285074103,
        12477.835523906675,
        15986.067249515809,
        18585.717381931212,
        20200.70887816555,
        21105.916223714365,
        21550.229513804617,
        21762.25732756407
    ],
    "z_normalized": [
        0.0,
        0.0076,
        0.0156,
        0.0236,
        0.0316,
        0.039599999999999996,
        0.0476,
        0.0556,
        0.0636,
        0.0716,
        0.0796
    ]
}