{
    "thrust": 0.09518750696027656,
    "discharge_current": 14.11720848672642,
    "ion_velocity": [
        -1401.871505486545,
        -54.945799699535385,
        2772.6192466326793,
        7572.176738726692,
        12177.574687720004,
        15749.031338880493,
        18234.463825386345,
        19847.815781502817,
        20766.777632396395,
        21208.659752301504,
        21386.6120471809
    ],
    "z_normalized": [
        0.0,
        0.0076,
        0.0156,
        0.0236,
        0.0316,
        0.039599999999999996,
        0.0476,
        0.0556,
        0.0636,
        0.0716,
        0.0796
    ]
}