{
    "thrust": 0.07998756857012634,
    "discharge_current": 52.324687747789355,
    "ion_velocity": [
        -2565.016978312844,
        2078.839697477086,
        4033.6588887535986,
        7285.174650142747,
        11528.883142251843,
        15482.134015190579,
        18429.72016971385,
        20274.343378490306,
        21280.91712413563,
        21776.097566389923,
        22032.8736670288
    ],
    "z_normalized": [
        0.0,
        0.0076,
        0.0156,
        0.0236,
        0.0316,
        0.039599999999999996,
        0.0476,
        0.0556,
        0.0636,
        0.0716,
        0.0796
    ]
}