{
    "thrust": 0.07953133026612656,
    "discharge_current": 50.185937076734255,
    "ion_velocity": [
        -2571.076613701445,
        2266.002451187974,
        4966.4095865368745,
        9454.484256820426,
        13352.16239200723,
        16611.1945283233,
        19042.143353244537,
        20569.25003924126,
        21415.250254743638,
        21834.923552652108,
        22050.85752437414
    ],
    "z_normalized": [
        0.0,
        0.0076,
        0.0156,
        0.0236,
        0.0316,
        0.039599999999999996,
        0.0476,
        0.0556,
        0.0636,
        0.0716,
        0.0796
    ]
}