{
    "thrust": 0.08293321721026625,
    "discharge_current": 42.868176662589036,
    "ion_velocity": [
        -2360.523957398292,
        1734.8638524232845,
        3247.7315268641487,
        5849.596064884096,
        10333.45781249442,
        14733.905627078588,
        17994.745343636,
        20018.872532747762,
        21116.1722183968,
        21651.33809945562,
        21922.90664302945
    ],
    "z_normalized": [
        0.0,
        0.0076,
        0.0156,
        0.0236,
        0.0316,
        0.039599999999999996,
        0.0476,
        0.0556,
        0.0636,
        0.0716,
        0.0796
    ]
}