{
    "thrust": 0.0835713160296207,
    "discharge_current": 32.65870816121294,
    "ion_velocity": [
        -2251.342412738012,
        2247.977491770091,
        6364.361681726162,
        13329.596883739641,
        16338.71036035545,
        18423.258455478437,
        19938.234073127504,
        20924.91134231588,
        21483.31337322133,
        21760.308924776433,
        21894.101584528828
    ],
    "z_normalized": [
        0.0,
        0.0076,
        0.0156,
        0.0236,
        0.0316,
        0.039599999999999996,
        0.0476,
        0.0556,
        0.0636,
        0.0716,
        0.0796
    ]
}