{
    "thrust": 0.07902091461723076,
    "discharge_current": 53.722865889903545,
    "ion_velocity": [
        -2614.850709662445,
        2243.3754895319917,
        4674.733593804919,
        8703.314351979392,
        12665.179586225864,
        16191.306491863783,
        18822.870906803175,
        20474.62223814701,
        21383.44943740907,
        21832.945319276125,
        22066.59202632135
    ],
    "z_normalized": [
        0.0,
        0.0076,
        0.0156,
        0.0236,
        0.0316,
        0.039599999999999996,
        0.0476,
        0.0556,
        0.0636,
        0.0716,
        0.0796
    ]
}