{
    "thrust": 0.08843115914404681,
    "discharge_current": 26.370746096342152,
    "ion_velocity": [
        -1936.897916818211,
        1388.7471788746473,
        4047.2798735345386,
        8495.260264134822,
        12562.900151256685,
        16020.117665491627,
        18567.991014829906,
        20152.18808523066,
        21048.323266800035,
        21487.085373843314,
        21691.409937606975
    ],
    "z_normalized": [
        0.0,
        0.0076,
        0.0156,
        0.0236,
        0.0316,
        0.039599999999999996,
        0.0476,
        0.0556,
        0.0636,
        0.0716,
        0.0796
    ]
}