{
    "thrust": 0.10272743288735849,
    "discharge_current": 7.087249024971337,
    "ion_velocity": [
        -1235.0483793809533,
        -243.01136886909788,
        1427.044541697028,
        10163.703695118707,
        14214.755148456316,
        16876.151833857748,
        18827.7740801953,
        20086.826330088552,
        20775.087354783995,
        21080.704811014984,
        21164.521495984693
    ],
    "z_normalized": [
        0.0,
        0.0076,
        0.0156,
        0.0236,
        0.0316,
        0.039599999999999996,
        0.0476,
        0.0556,
        0.0636,
        0.0716,
        0.0796
    ]
}