{
    "thrust": 0.08534429025839145,
    "discharge_current": 28.938765673975432,
    "ion_velocity": [
        -2126.238441900501,
        2048.529058507342,
        6217.561085616521,
        13044.284293058048,
        16156.412149907817,
        18278.316511479436,
        19817.976789951736,
        20828.641731582666,
        21401.339123299047,
        21684.47141067996,
        21818.777041266552
    ],
    "z_normalized": [
        0.0,
        0.0076,
        0.0156,
        0.0236,
        0.0316,
        0.039599999999999996,
        0.0476,
        0.0556,
        0.0636,
        0.0716,
        0.0796
    ]
}