{
    "thrust": 0.05552810776189705,
    "discharge_current": 3.5845385484212358,
    "ion_velocity": [
        -1195.5233420576244,
        1274.2516053165998,
        4102.550143363575,
        8795.454820404846,
        11079.544227536999,
        10513.37321612823,
        9966.390094253173,
        11043.70760659071,
        12358.144123665543,
        12881.205999642423,
        12892.245135405727
    ],
    "z_normalized": [
        0.0,
        0.0076,
        0.0156,
        0.0236,
        0.0316,
        0.039599999999999996,
        0.0476,
        0.0556,
        0.0636,
        0.0716,
        0.0796
    ]
}