{
    "thrust": 0.08502530424321081,
    "discharge_current": 34.64674469462893,
    "ion_velocity": [
        -2200.5720295167066,
        1852.830057975854,
        4680.781091541735,
        9328.724109478404,
        13241.760151822424,
        16480.32244512482,
        18883.03136310748,
        20383.93938981213,
        21225.261435688757,
        21639.752831370322,
        21841.67341722648
    ],
    "z_normalized": [
        0.0,
        0.0076,
        0.0156,
        0.0236,
        0.0316,
        0.039599999999999996,
        0.0476,
        0.0556,
        0.0636,
        0.0716,
        0.0796
    ]
}