{
    "thrust": 0.09134899884508191,
    "discharge_current": 18.99970778951258,
    "ion_velocity": [
        -1723.1399243278604,
        1103.5661223745512,
        5102.416494540969,
        11629.74389834034,
        15081.569468452677,
        17493.03809675206,
        19249.292702337334,
        20432.881087553327,
        21105.016876489048,
        21432.879458645333,
        21577.877386399163
    ],
    "z_normalized": [
        0.0,
        0.0076,
        0.0156,
        0.0236,
        0.0316,
        0.039599999999999996,
        0.0476,
        0.0556,
        0.0636,
        0.0716,
        0.0796
    ]
}