{
    "thrust": 0.09035285628552851,
    "discharge_current": 23.637575454307164,
    "ion_velocity": [
        -1829.1314236695337,
        836.0964125745136,
        1763.5125758302588,
        2940.841734594191,
        8642.19262637796,
        13736.325866890516,
        17367.256226674377,
        19569.052762982294,
        20780.909154540583,
        21361.07419772384,
        21638.204809058192
    ],
    "z_normalized": [
        0.0,
        0.0076,
        0.0156,
        0.0236,
        0.0316,
        0.039599999999999996,
        0.0476,
        0.0556,
        0.0636,
        0.0716,
        0.0796
    ]
}