{
    "thrust": 0.09445124898370041,
    "discharge_current": 13.90630116601326,
    "ion_velocity": [
        -1482.6055514033999,
        282.1235476206941,
        5415.295166037163,
        13876.989999831441,
        16644.13690406201,
        18365.69041503527,
        19699.3933748936,
        20588.780013896412,
        21088.200629835585,
        21329.934920000258,
        21430.424815672548
    ],
    "z_normalized": [
        0.0,
        0.0076,
        0.0156,
        0.0236,
        0.0316,
        0.039599999999999996,
        0.0476,
        0.0556,
        0.0636,
        0.0716,
        0.0796
    ]
}