{
    "thrust": 0.08721357745376265,
    "discharge_current": 23.28736817234405,
    "ion_velocity": [
        -1960.184010813143,
        1875.303616889066,
        6732.21709002581,
        14591.165648175396,
        17262.59207096706,
        18893.59356330961,
        20114.94843547412,
        20932.17096597329,
        21394.181295940267,
        21622.118170554037,
        21726.665545910248
    ],
    "z_normalized": [
        0.0,
        0.0076,
        0.0156,
        0.0236,
        0.0316,
        0.039599999999999996,
        0.0476,
        0.0556,
        0.0636,
        0.0716,
        0.0796
    ]
}