{
    "thrust": 0.08316653468474171,
    "discharge_current": 42.27936666785518,
    "ion_velocity": [
        -2332.9895298135693,
        1850.0095177227822,
        3936.3408834544402,
        7474.624833042223,
        11496.01040280416,
        15431.760853393635,
        18356.28136222704,
        20174.640182698087,
        21169.976088706375,
        21656.723887762524,
        21902.938176683096
    ],
    "z_normalized": [
        0.0,
        0.0076,
        0.0156,
        0.0236,
        0.0316,
        0.039599999999999996,
        0.0476,
        0.0556,
        0.0636,
        0.0716,
        0.0796
    ]
}