{
    "thrust": 0.08479213322507165,
    "discharge_current": 31.710474036699058,
    "ion_velocity": [
        -2185.185604832393,
        2052.5166447795464,
        5832.474023968911,
        12005.31271529514,
        15376.529516466913,
        17808.684174079815,
        19585.286287058057,
        20726.694151906173,
        21373.62828591486,
        21693.44100266725,
        21847.291978177906
    ],
    "z_normalized": [
        0.0,
        0.0076,
        0.0156,
        0.0236,
        0.0316,
        0.039599999999999996,
        0.0476,
        0.0556,
        0.0636,
        0.0716,
        0.0796
    ]
}