{
    "thrust": 0.07980425745138368,
    "discharge_current": 51.038300975689495,
    "ion_velocity": [
        -2559.4283235378985,
        2200.7982886461946,
        4689.636243176214,
        8822.199744837091,
        12712.630040876009,
        16213.501820316038,
        18823.92728357757,
        20460.17416366289,
        21361.322830511013,
        21806.326823515166,
        22036.21049367671
    ],
    "z_normalized": [
        0.0,
        0.0076,
        0.0156,
        0.0236,
        0.0316,
        0.039599999999999996,
        0.0476,
        0.0556,
        0.0636,
        0.0716,
        0.0796
    ]
}