{
    "thrust": 0.08187887846345551,
    "discharge_current": 39.26310665047711,
    "ion_velocity": [
        -2386.9614919438573,
        2299.554066132012,
        5892.724558194081,
        11974.582440207458,
        15318.23536633992,
        17814.353027960973,
        19651.17494402456,
        20816.76978092123,
        21474.761407927825,
        21801.490095932124,
        21963.787578951033
    ],
    "z_normalized": [
        0.0,
        0.0076,
        0.0156,
        0.0236,
        0.0316,
        0.039599999999999996,
        0.0476,
        0.0556,
        0.0636,
        0.0716,
        0.0796
    ]
}