{
    "thrust": 0.09758440882954329,
    "discharge_current": 9.03225351340775,
    "ion_velocity": [
        -1236.5672521504682,
        -253.798931102909,
        3122.292784932158,
        12715.64055831736,
        15866.264344500796,
        17858.22160489212,
        19365.89983337393,
        20356.34460193189,
        20905.320308666047,
        21162.25724061197,
        21252.583219712382
    ],
    "z_normalized": [
        0.0,
        0.0076,
        0.0156,
        0.0236,
        0.0316,
        0.039599999999999996,
        0.0476,
        0.0556,
        0.0636,
        0.0716,
        0.0796
    ]
}