{
    "thrust": 0.07912313215803458,
    "discharge_current": 53.40947889350365,
    "ion_velocity": [
        -2607.7185638362844,
        2238.3484294524196,
        4677.633187650714,
        8718.321438474894,
        12671.36018964414,
        16194.139247756015,
        18822.95439845701,
        20472.697661996892,
        21380.449933137632,
        21829.328656181937,
        22062.4749238648
    ],
    "z_normalized": [
        0.0,
        0.0076,
        0.0156,
        0.0236,
        0.0316,
        0.039599999999999996,
        0.0476,
        0.0556,
        0.0636,
        0.0716,
        0.0796
    ]
}