{
    "thrust": 0.08867089341843304,
    "discharge_current": 22.586045619302478,
    "ion_velocity": [
        -1882.9417295335757,
        1567.5762487078189,
        5772.309355871949,
        12485.543221792477,
        15739.904271907246,
        17949.33117163957,
        19554.523609680564,
        20628.370413898327,
        21237.654058462012,
        21536.713163770535,
        21673.320602521377
    ],
    "z_normalized": [
        0.0,
        0.0076,
        0.0156,
        0.0236,
        0.0316,
        0.039599999999999996,
        0.0476,
        0.0556,
        0.0636,
        0.0716,
        0.0796
    ]
}