{
    "thrust": 0.08008582661630398,
    "discharge_current": 47.16443337841682,
    "ion_velocity": [
        -2526.367205448787,
        2292.434007607025,
        5267.670812776732,
        10249.071419950238,
        13980.82810668873,
        16998.572885042726,
        19243.446222993654,
        20654.581748897293,
        21441.435021517595,
        21832.049219652876,
        22031.384387005604
    ],
    "z_normalized": [
        0.0,
        0.0076,
        0.0156,
        0.0236,
        0.0316,
        0.039599999999999996,
        0.0476,
        0.0556,
        0.0636,
        0.0716,
        0.0796
    ]
}