{
    "thrust": 0.08925605673050302,
    "discharge_current": 20.74244584182004,
    "ion_velocity": [
        -1832.0286410587507,
        1519.5034131895,
        6206.172306348247,
        13603.214739849413,
        16561.076691340873,
        18415.593557455653,
        19804.255351211727,
        20740.28751036792,
        21269.823692279395,
        21529.726491895475,
        21646.894949529556
    ],
    "z_normalized": [
        0.0,
        0.0076,
        0.0156,
        0.0236,
        0.0316,
        0.039599999999999996,
        0.0476,
        0.0556,
        0.0636,
        0.0716,
        0.0796
    ]
}