{
    "thrust": 0.09598584244116558,
    "discharge_current": 11.985682948128419,
    "ion_velocity": [
        -1236.3930349077266,
        -255.74187073098705,
        2027.858327095628,
        6748.730915991647,
        11570.848004770183,
        15379.917733506323,
        18012.170747884593,
        19703.88184409782,
        20662.519345292967,
        21119.446298283394,
        21292.226854276632
    ],
    "z_normalized": [
        0.0,
        0.0076,
        0.0156,
        0.0236,
        0.0316,
        0.039599999999999996,
        0.0476,
        0.0556,
        0.0636,
        0.0716,
        0.0796
    ]
}