{
    "thrust": 0.07869911762482111,
    "discharge_current": 54.49149514502928,
    "ion_velocity": [
        -2637.518007270679,
        2233.078295510507,
        4554.0203228317605,
        8383.707641825436,
        12477.823810535221,
        16074.686904714823,
        18763.242107673817,
        20452.97008467014,
        21381.775477387146,
        21841.98209316012,
        22081.36601033102
    ],
    "z_normalized": [
        0.0,
        0.0076,
        0.0156,
        0.0236,
        0.0316,
        0.039599999999999996,
        0.0476,
        0.0556,
        0.0636,
        0.0716,
        0.0796
    ]
}