{
    "thrust": 0.08139555188624877,
    "discharge_current": 40.1420794210207,
    "ion_velocity": [
        -2418.1232686037915,
        2367.890580294872,
        6057.746200604226,
        12419.871883683516,
        15561.144370915457,
        17974.446569821932,
        19747.030279972954,
        20874.552723630055,
        21510.284506177428,
        21825.93201550843,
        21983.315899353223
    ],
    "z_normalized": [
        0.0,
        0.0076,
        0.0156,
        0.0236,
        0.0316,
        0.039599999999999996,
        0.0476,
        0.0556,
        0.0636,
        0.0716,
        0.0796
    ]
}