{
    "thrust": 0.07202302045157467,
    "discharge_current": 4.347638265592668,
    "ion_velocity": [
        -1252.8431776663947,
        1095.4697220281114,
        4383.373793546727,
        9333.098767691134,
        12166.233690542276,
        13932.014146067017,
        15161.974099559562,
        16338.386742804229,
        17063.65946051178,
        17381.868398302988,
        17458.948782758467
    ],
    "z_normalized": [
        0.0,
        0.0076,
        0.0156,
        0.0236,
        0.0316,
        0.039599999999999996,
        0.0476,
        0.0556,
        0.0636,
        0.0716,
        0.0796
    ]
}