{
    "thrust": 0.08369243932185398,
    "discharge_current": 36.47417859850235,
    "ion_velocity": [
        -2272.188121462999,
        2025.9544343690552,
        5162.431118242386,
        10293.912648552532,
        14034.239564742626,
        16987.17336354134,
        19173.47698694783,
        20546.328262964045,
        21318.528714875538,
        21700.085843667155,
        21887.572738164014
    ],
    "z_normalized": [
        0.0,
        0.0076,
        0.0156,
        0.0236,
        0.0316,
        0.039599999999999996,
        0.0476,
        0.0556,
        0.0636,
        0.0716,
        0.0796
    ]
}