{
    "thrust": 0.07955272740766911,
    "discharge_current": 51.18461509662714,
    "ion_velocity": [
        -2574.983611527233,
        2200.3217538886033,
        4644.177822567762,
        8672.696569189771,
        12716.252809925341,
        16213.341245669095,
        18825.623308622493,
        20465.8127158293,
        21369.873820102406,
        21817.733503099553,
        22048.725401083862
    ],
    "z_normalized": [
        0.0,
        0.0076,
        0.0156,
        0.0236,
        0.0316,
        0.039599999999999996,
        0.0476,
        0.0556,
        0.0636,
        0.0716,
        0.0796
    ]
}