{
    "thrust": 0.09188856152053072,
    "discharge_current": 21.316380198313464,
    "ion_velocity": [
        -1745.2847886441407,
        686.7716871459432,
        1719.3797818876365,
        2956.4708252876744,
        8673.190961800823,
        13788.508829040231,
        17368.144400366647,
        19539.792084380566,
        20743.874418314077,
        21318.025802833145,
        21589.49520559596
    ],
    "z_normalized": [
        0.0,
        0.0076,
        0.0156,
        0.0236,
        0.0316,
        0.039599999999999996,
        0.0476,
        0.0556,
        0.0636,
        0.0716,
        0.0796
    ]
}