{
    "thrust": 0.09626958903256684,
    "discharge_current": 9.78885418559193,
    "ion_velocity": [
        -1236.604531747997,
        -265.13778208431,
        4148.0277754414155,
        14418.469010905084,
        16993.435663487016,
        18547.36712853942,
        19746.327836708482,
        20534.41617890808,
        20972.143510086735,
        21179.194939063673,
        21256.441254965255
    ],
    "z_normalized": [
        0.0,
        0.0076,
        0.0156,
        0.0236,
        0.0316,
        0.039599999999999996,
        0.0476,
        0.0556,
        0.0636,
        0.0716,
        0.0796
    ]
}