{
    "thrust": 0.07032248814877695,
    "discharge_current": 5.000262194976992,
    "ion_velocity": [
        -1263.2868055538972,
        954.1906003364167,
        3791.986154349921,
        8031.74697356512,
        11326.814772294563,
        14180.671427335325,
        16350.794129902091,
        17889.024432660983,
        18750.74171103324,
        19064.55863598716,
        19225.056550997735
    ],
    "z_normalized": [
        0.0,
        0.0076,
        0.0156,
        0.0236,
        0.0316,
        0.039599999999999996,
        0.0476,
        0.0556,
        0.0636,
        0.0716,
        0.0796
    ]
}