{
    "thrust": 0.08011526234575127,
    "discharge_current": 46.56502544261751,
    "ion_velocity": [
        -2521.343349038242,
        2346.258771751515,
        5516.274845100514,
        10903.214766479383,
        14417.359727204983,
        17273.260275883717,
        19392.282623409166,
        20725.755675774253,
        21471.365648901294,
        21841.45786607171,
        22030.05050678669
    ],
    "z_normalized": [
        0.0,
        0.0076,
        0.0156,
        0.0236,
        0.0316,
        0.039599999999999996,
        0.0476,
        0.0556,
        0.0636,
        0.0716,
        0.0796
    ]
}