{
    "thrust": 0.08644761680920968,
    "discharge_current": 31.050426602801892,
    "ion_velocity": [
        -2087.394582644078,
        1660.9502435794418,
        4395.117751465061,
        8917.820813800525,
        12896.253238904716,
        16247.541368462102,
        18729.679930956187,
        20275.901415596407,
        21144.8157826256,
        21571.74624461555,
        21776.127777049176
    ],
    "z_normalized": [
        0.0,
        0.0076,
        0.0156,
        0.0236,
        0.0316,
        0.039599999999999996,
        0.0476,
        0.0556,
        0.0636,
        0.0716,
        0.0796
    ]
}