{
    "thrust": 0.0819730827947204,
    "discharge_current": 41.308947572774436,
    "ion_velocity": [
        -2393.503390335107,
        2166.0336170923506,
        5244.5947432088615,
        10323.306305382812,
        14056.880685667871,
        17022.985994525112,
        19224.448238187135,
        20607.064535014626,
        21381.502823808936,
        21765.138502431593,
        21957.155508399977
    ],
    "z_normalized": [
        0.0,
        0.0076,
        0.0156,
        0.0236,
        0.0316,
        0.039599999999999996,
        0.0476,
        0.0556,
        0.0636,
        0.0716,
        0.0796
    ]
}