{
    "thrust": 0.0797119428967722,
    "discharge_current": 51.2435237203978,
    "ion_velocity": [
        -2566.921331400733,
        2155.953439496478,
        4463.096413247669,
        8256.008007743752,
        12363.366873515899,
        15991.528275547003,
        18702.81173460488,
        20404.490875772422,
        21340.10667820479,
        21803.157378438,
        22041.97561827888
    ],
    "z_normalized": [
        0.0,
        0.0076,
        0.0156,
        0.0236,
        0.0316,
        0.039599999999999996,
        0.0476,
        0.0556,
        0.0636,
        0.0716,
        0.0796
    ]
}