{
    "thrust": 0.08446013066155857,
    "discharge_current": 30.052674356601788,
    "ion_velocity": [
        -2185.9260240403933,
        2197.043679110801,
        6532.497926301686,
        13833.198233504236,
        16709.86071161158,
        18635.789177751776,
        20033.86463542219,
        20955.208466607935,
        21476.609509638376,
        21735.037622647185,
        21858.26209659122
    ],
    "z_normalized": [
        0.0,
        0.0076,
        0.0156,
        0.0236,
        0.0316,
        0.039599999999999996,
        0.0476,
        0.0556,
        0.0636,
        0.0716,
        0.0796
    ]
}