{
    "thrust": 0.08846586808786447,
    "discharge_current": 25.963181121408038,
    "ion_velocity": [
        -1930.9901331217154,
        1415.6655921874928,
        4260.465336779754,
        8994.734158394773,
        12970.58504465005,
        16268.738733578817,
        18694.894966407457,
        20211.176963351434,
        21071.68368846761,
        21493.120826485825,
        21689.052459298644
    ],
    "z_normalized": [
        0.0,
        0.0076,
        0.0156,
        0.0236,
        0.0316,
        0.039599999999999996,
        0.0476,
        0.0556,
        0.0636,
        0.0716,
        0.0796
    ]
}