{
    "thrust": 0.0864392691516737,
    "discharge_current": 30.68827439982883,
    "ion_velocity": [
        -2084.3479379094506,
        1684.1900477866986,
        4543.903869675147,
        9258.830093089635,
        13180.346492734274,
        16422.875119528573,
        18821.35727061265,
        20318.957455479038,
        21162.802126564988,
        21577.551073327646,
        21775.83443224851
    ],
    "z_normalized": [
        0.0,
        0.0076,
        0.0156,
        0.0236,
        0.0316,
        0.039599999999999996,
        0.0476,
        0.0556,
        0.0636,
        0.0716,
        0.0796
    ]
}