{
    "thrust": 0.08233127095089997,
    "discharge_current": 42.05303608069293,
    "ion_velocity": [
        -2377.822979161582,
        2049.6381910234013,
        4739.748964577949,
        9148.088428150026,
        13100.793085957494,
        16420.887398641,
        18893.960594514818,
        20441.792684412183,
        21301.89277453234,
        21727.012002291904,
        21940.21484596689
    ],
    "z_normalized": [
        0.0,
        0.0076,
        0.0156,
        0.0236,
        0.0316,
        0.039599999999999996,
        0.0476,
        0.0556,
        0.0636,
        0.0716,
        0.0796
    ]
}