{
    "thrust": 0.08223581131416742,
    "discharge_current": 36.79031617462306,
    "ion_velocity": [
        -2351.986013638496,
        2358.3506986760303,
        6310.111169093751,
        13149.470196176215,
        16132.700432095882,
        18318.17602568388,
        19912.750143220615,
        20939.658853835255,
        21519.730342337294,
        21807.83361966928,
        21949.539088371126
    ],
    "z_normalized": [
        0.0,
        0.0076,
        0.0156,
        0.0236,
        0.0316,
        0.039599999999999996,
        0.0476,
        0.0556,
        0.0636,
        0.0716,
        0.0796
    ]
}