{
    "thrust": 0.08517885000274734,
    "discharge_current": 31.889845895808243,
    "ion_velocity": [
        -2166.219303975047,
        1954.0166897011466,
        5444.470065622781,
        11118.31882521709,
        14689.77735705919,
        17376.84356747845,
        19350.608398994584,
        20602.979147032376,
        21312.58711579563,
        21662.784189291167,
        21831.377159394244
    ],
    "z_normalized": [
        0.0,
        0.0076,
        0.0156,
        0.0236,
        0.0316,
        0.039599999999999996,
        0.0476,
        0.0556,
        0.0636,
        0.0716,
        0.0796
    ]
}