{
    "thrust": 0.08922727109961205,
    "discharge_current": 26.84283447610095,
    "ion_velocity": [
        -1938.0728852983025,
        1195.317567582951,
        2778.787859734707,
        5296.21922034249,
        10209.802248482312,
        14632.717616487047,
        17852.301691134817,
        19822.27363847764,
        20909.993746228534,
        21433.72415385031,
        21686.57419937407
    ],
    "z_normalized": [
        0.0,
        0.0076,
        0.0156,
        0.0236,
        0.0316,
        0.039599999999999996,
        0.0476,
        0.0556,
        0.0636,
        0.0716,
        0.0796
    ]
}