{
    "thrust": 0.0800703183188183,
    "discharge_current": 47.23062532790426,
    "ion_velocity": [
        -2527.533256565789,
        2292.664406551897,
        5263.992692734552,
        10238.721884161521,
        13972.528820747368,
        16993.551558857307,
        19240.97024679193,
        20653.696434976093,
        21441.360325053873,
        21832.376821130354,
        22031.957240828193
    ],
    "z_normalized": [
        0.0,
        0.0076,
        0.0156,
        0.0236,
        0.0316,
        0.039599999999999996,
        0.0476,
        0.0556,
        0.0636,
        0.0716,
        0.0796
    ]
}