{
    "thrust": 0.09727797812641238,
    "discharge_current": 10.210413178708086,
    "ion_velocity": [
        -1236.4462640403808,
        -249.15865836010894,
        1941.3870505842153,
        7602.569625053641,
        12244.118646272596,
        15755.359612418128,
        18220.715309938165,
        19813.419276556306,
        20708.197069421298,
        21129.86128405274,
        21278.877362034673
    ],
    "z_normalized": [
        0.0,
        0.0076,
        0.0156,
        0.0236,
        0.0316,
        0.039599999999999996,
        0.0476,
        0.0556,
        0.0636,
        0.0716,
        0.0796
    ]
}