{
    "thrust": 0.07854234257144667,
    "discharge_current": 55.335422779656014,
    "ion_velocity": [
        -2649.008996641062,
        2263.215063310809,
        4639.798096242458,
        8578.604557155339,
        12593.045750873831,
        16151.078269600384,
        18807.832650470285,
        20476.721795958638,
        21394.44277683284,
        21848.69723821476,
        22085.707521271943
    ],
    "z_normalized": [
        0.0,
        0.0076,
        0.0156,
        0.0236,
        0.0316,
        0.039599999999999996,
        0.0476,
        0.0556,
        0.0636,
        0.0716,
        0.0796
    ]
}