{
    "thrust": 0.09460041119138063,
    "discharge_current": 13.54016456040406,
    "ion_velocity": [
        -1453.793485365528,
        190.85568895211577,
        5285.154901208438,
        13812.329480959808,
        16591.58617083832,
        18327.816192025784,
        19671.11750049869,
        20566.3242777034,
        21068.732097041007,
        21311.58353629121,
        21411.85112554985
    ],
    "z_normalized": [
        0.0,
        0.0076,
        0.0156,
        0.0236,
        0.0316,
        0.039599999999999996,
        0.0476,
        0.0556,
        0.0636,
        0.0716,
        0.0796
    ]
}