{
    "thrust": 0.09611095698459002,
    "discharge_current": 13.047982562043082,
    "ion_velocity": [
        -1281.9478104895504,
        -209.02891618199158,
        632.104251470353,
        2050.0011824895882,
        7933.226352392711,
        13379.301294186678,
        17039.01737348777,
        19293.06671343196,
        20515.6425481993,
        21082.779387739884,
        21337.386980267824
    ],
    "z_normalized": [
        0.0,
        0.0076,
        0.0156,
        0.0236,
        0.0316,
        0.039599999999999996,
        0.0476,
        0.0556,
        0.0636,
        0.0716,
        0.0796
    ]
}