{
    "thrust": 0.07934536251999252,
    "discharge_current": 51.48627234284158,
    "ion_velocity": [
        -2586.664018162864,
        2274.5597993393385,
        4934.916761931538,
        9376.944889377191,
        13193.333345004952,
        16517.14105204763,
        18995.094373392956,
        20550.518776879064,
        21410.24269202462,
        21835.84683247134,
        22055.84427217158
    ],
    "z_normalized": [
        0.0,
        0.0076,
        0.0156,
        0.0236,
        0.0316,
        0.039599999999999996,
        0.0476,
        0.0556,
        0.0636,
        0.0716,
        0.0796
    ]
}