{
    "thrust": 0.0910788967781795,
    "discharge_current": 19.62998380972654,
    "ion_velocity": [
        -1741.269483881629,
        1133.0623128297445,
        4937.7365567024635,
        11179.951073860835,
        14734.543338028761,
        17296.14994706901,
        19149.018658586865,
        20386.910719582338,
        21091.092862601356,
        21434.669904820592,
        21587.36288369436
    ],
    "z_normalized": [
        0.0,
        0.0076,
        0.0156,
        0.0236,
        0.0316,
        0.039599999999999996,
        0.0476,
        0.0556,
        0.0636,
        0.0716,
        0.0796
    ]
}