{
    "thrust": 0.09914686487473735,
    "discharge_current": 8.075516497323935,
    "ion_velocity": [
        -1236.397123982145,
        -261.4910976277172,
        2236.0016312665866,
        11530.112892012674,
        15100.620288715145,
        17404.73232173908,
        19120.19258859538,
        20239.729800999274,
        20857.31521202239,
        21141.283521021134,
        21232.467073459815
    ],
    "z_normalized": [
        0.0,
        0.0076,
        0.0156,
        0.0236,
        0.0316,
        0.039599999999999996,
        0.0476,
        0.0556,
        0.0636,
        0.0716,
        0.0796
    ]
}