{
    "thrust": 0.08377955740016219,
    "discharge_current": 34.364980384769034,
    "ion_velocity": [
        -2254.7109753692484,
        2132.1766005181503,
        5793.309347160247,
        11818.362205950603,
        15228.866208824767,
        17731.19037049473,
        19566.324048916205,
        20736.348938800795,
        21398.614815537072,
        21726.47680292177,
        21886.137640010667
    ],
    "z_normalized": [
        0.0,
        0.0076,
        0.0156,
        0.0236,
        0.0316,
        0.039599999999999996,
        0.0476,
        0.0556,
        0.0636,
        0.0716,
        0.0796
    ]
}