{
    "thrust": 0.08579396240194627,
    "discharge_current": 34.53171133283428,
    "ion_velocity": [
        -2175.324939217007,
        1415.1734970279977,
        2625.2839219604443,
        4629.676912673672,
        9551.633334995962,
        14256.512065921663,
        17712.861994171468,
        19839.419363089644,
        20992.198812111565,
        21550.61828553373,
        21827.625340993116
    ],
    "z_normalized": [
        0.0,
        0.0076,
        0.0156,
        0.0236,
        0.0316,
        0.039599999999999996,
        0.0476,
        0.0556,
        0.0636,
        0.0716,
        0.0796
    ]
}