{
    "thrust": 0.0975363288113811,
    "discharge_current": 9.144508957022735,
    "ion_velocity": [
        -1236.5609882857177,
        -253.35291311627276,
        3004.706385238228,
        12201.475229546846,
        15513.623279279995,
        17645.432585990948,
        19248.18811970467,
        20301.785735174173,
        20886.450885433387,
        21160.320896460165,
        21256.61661549574
    ],
    "z_normalized": [
        0.0,
        0.0076,
        0.0156,
        0.0236,
        0.0316,
        0.039599999999999996,
        0.0476,
        0.0556,
        0.0636,
        0.0716,
        0.0796
    ]
}