{
    "thrust": 0.06576047522308022,
    "discharge_current": 4.891502337243769,
    "ion_velocity": [
        -1262.4360265253513,
        975.42106354614,
        4067.2648168430665,
        8771.36205684497,
        12064.360322178898,
        14586.913375000802,
        16618.724827139,
        18016.922207932403,
        18816.92157167744,
        19211.411022974116,
        19245.715821939008
    ],
    "z_normalized": [
        0.0,
        0.0076,
        0.0156,
        0.0236,
        0.0316,
        0.039599999999999996,
        0.0476,
        0.0556,
        0.0636,
        0.0716,
        0.0796
    ]
}