{
    "thrust": 0.09275767475900017,
    "discharge_current": 16.846327692098836,
    "ion_velocity": [
        -1644.687416365782,
        888.1259350214752,
        5433.888395744464,
        12764.11151665119,
        15900.307016853625,
        17942.460463564003,
        19489.867403712724,
        20532.673299373757,
        21121.816163970103,
        21408.6474007594,
        21532.850654504622
    ],
    "z_normalized": [
        0.0,
        0.0076,
        0.0156,
        0.0236,
        0.0316,
        0.039599999999999996,
        0.0476,
        0.0556,
        0.0636,
        0.0716,
        0.0796
    ]
}