{
    "thrust": 0.08778541478038106,
    "discharge_current": 23.43020912165976,
    "ion_velocity": [
        -1935.0543264659354,
        1738.7409658150498,
        6221.38835572277,
        13353.965232152768,
        16387.06856390625,
        18358.20734701142,
        19798.991494890284,
        20765.902158873454,
        21313.60941932824,
        21583.160742892593,
        21707.02640286427
    ],
    "z_normalized": [
        0.0,
        0.0076,
        0.0156,
        0.0236,
        0.0316,
        0.039599999999999996,
        0.0476,
        0.0556,
        0.0636,
        0.0716,
        0.0796
    ]
}