{
    "thrust": 0.09760570163268249,
    "discharge_current": 10.70404885448176,
    "ion_velocity": [
        -1236.4119074601992,
        -217.39478538726166,
        329.168559637722,
        1671.0287288863758,
        7618.268994766384,
        13161.473891274985,
        16944.112118268564,
        19260.537399120636,
        20495.292104869884,
        21059.185897120875,
        21304.96030712564
    ],
    "z_normalized": [
        0.0,
        0.0076,
        0.0156,
        0.0236,
        0.0316,
        0.039599999999999996,
        0.0476,
        0.0556,
        0.0636,
        0.0716,
        0.0796
    ]
}