{
    "thrust": 0.07813164334400619,
    "discharge_current": 57.03683391673666,
    "ion_velocity": [
        -2680.077570429541,
        2272.0772120867314,
        4560.844427431241,
        8346.756709123385,
        12429.152511232705,
        16053.115942803859,
        18760.715306702885,
        20462.661332616368,
        21396.939413078373,
        21859.566981229265,
        22101.77576288281
    ],
    "z_normalized": [
        0.0,
        0.0076,
        0.0156,
        0.0236,
        0.0316,
        0.039599999999999996,
        0.0476,
        0.0556,
        0.0636,
        0.0716,
        0.0796
    ]
}