{
    "thrust": 0.08223193479099772,
    "discharge_current": 39.87203486687949,
    "ion_velocity": [
        -2371.1807941096645,
        2194.9810957739032,
        5481.796048257288,
        10919.127687147316,
        14525.85294374158,
        17313.111463422047,
        19375.609187502014,
        20674.41829374232,
        21404.93797484162,
        21767.019781735155,
        21947.28171451883
    ],
    "z_normalized": [
        0.0,
        0.0076,
        0.0156,
        0.0236,
        0.0316,
        0.039599999999999996,
        0.0476,
        0.0556,
        0.0636,
        0.0716,
        0.0796
    ]
}