{
    "thrust": 0.08151557514657397,
    "discharge_current": 42.44629399778092,
    "ion_velocity": [
        -2423.797150811979,
        2260.3727166357107,
        5539.712146966594,
        11068.831312430373,
        14412.84602931173,
        17256.165694904274,
        19359.922357034968,
        20682.860940305938,
        21423.2727149618,
        21789.18628522455,
        21973.48999891509
    ],
    "z_normalized": [
        0.0,
        0.0076,
        0.0156,
        0.0236,
        0.0316,
        0.039599999999999996,
        0.0476,
        0.0556,
        0.0636,
        0.0716,
        0.0796
    ]
}