{
    "thrust": 0.09591306416142727,
    "discharge_current": 12.179291184079114,
    "ion_velocity": [
        -1243.0552315017308,
        -254.3863788200436,
        2163.463040085717,
        7025.298012883109,
        11777.048260336209,
        15495.164771031388,
        18072.073310406497,
        19733.760629558186,
        20675.54008242695,
        21124.906450558963,
        21296.26170409108
    ],
    "z_normalized": [
        0.0,
        0.0076,
        0.0156,
        0.0236,
        0.0316,
        0.039599999999999996,
        0.0476,
        0.0556,
        0.0636,
        0.0716,
        0.0796
    ]
}