{
    "thrust": 0.08715059449608431,
    "discharge_current": 27.64103760042304,
    "ion_velocity": [
        -2015.4958626271764,
        1668.534924716757,
        4991.035994415681,
        10411.17493504037,
        14122.156039686111,
        16993.685475133403,
        19099.368373467427,
        20434.648885915827,
        21193.337773571624,
        21566.141921492177,
        21741.667195398262
    ],
    "z_normalized": [
        0.0,
        0.0076,
        0.0156,
        0.0236,
        0.0316,
        0.039599999999999996,
        0.0476,
        0.0556,
        0.0636,
        0.0716,
        0.0796
    ]
}