{
    "thrust": 0.08309128165027779,
    "discharge_current": 33.58771818528016,
    "ion_velocity": [
        -2281.413052694679,
        2310.1191525721456,
        6464.996310939649,
        13605.800275848402,
        16507.821490673028,
        18535.628259087745,
        20009.161432846813,
        20969.12954240318,
        21511.975834045443,
        21781.495780364927,
        21912.215495597036
    ],
    "z_normalized": [
        0.0,
        0.0076,
        0.0156,
        0.0236,
        0.0316,
        0.039599999999999996,
        0.0476,
        0.0556,
        0.0636,
        0.0716,
        0.0796
    ]
}