{
    "thrust": 0.0959584855707591,
    "discharge_current": 11.71482050756482,
    "ion_velocity": [
        -1236.458504119387,
        -207.6969314838277,
        289.25757611242454,
        1400.84147833051,
        7419.7189550927815,
        13068.657729842354,
        16885.301282914326,
        19222.370343659994,
        20478.79959808832,
        21057.011773662234,
        21313.01258383734
    ],
    "z_normalized": [
        0.0,
        0.0076,
        0.0156,
        0.0236,
        0.0316,
        0.039599999999999996,
        0.0476,
        0.0556,
        0.0636,
        0.0716,
        0.0796
    ]
}