{
    "thrust": 0.0829997588103321,
    "discharge_current": 36.49852676245429,
    "ion_velocity": [
        -2307.881498558221,
        2179.9858207633374,
        5732.7046124609615,
        11617.349093818399,
        15070.410991737845,
        17643.08863488308,
        19535.868554557113,
        20736.352990229356,
        21414.830423217143,
        21751.014822046858,
        21916.226561260264
    ],
    "z_normalized": [
        0.0,
        0.0076,
        0.0156,
        0.0236,
        0.0316,
        0.039599999999999996,
        0.0476,
        0.0556,
        0.0636,
        0.0716,
        0.0796
    ]
}