{
    "thrust": 0.10604200994928697,
    "discharge_current": 6.496094826705848,
    "ion_velocity": [
        -1033.1213565233393,
        269.3730261790795,
        1438.7647112917139,
        10310.767432902174,
        14282.224112337273,
        16824.755436887932,
        18697.367703184613,
        19896.201745505965,
        20542.68771676946,
        20816.371707376507,
        20881.57422036356
    ],
    "z_normalized": [
        0.0,
        0.0076,
        0.0156,
        0.0236,
        0.0316,
        0.039599999999999996,
        0.0476,
        0.0556,
        0.0636,
        0.0716,
        0.0796
    ]
}