{
    "thrust": 0.08114997956182321,
    "discharge_current": 43.51978983147842,
    "ion_velocity": [
        -2450.090109646704,
        2243.9403791722584,
        5358.7363790643385,
        10541.207258773717,
        14222.830939990276,
        17137.056599954973,
        19300.31220937034,
        20660.419934832815,
        21421.89053525407,
        21799.64404299707,
        21990.171014520754
    ],
    "z_normalized": [
        0.0,
        0.0076,
        0.0156,
        0.0236,
        0.0316,
        0.039599999999999996,
        0.0476,
        0.0556,
        0.0636,
        0.0716,
        0.0796
    ]
}