{
    "thrust": 0.08464964503617631,
    "discharge_current": 38.42711440673426,
    "ion_velocity": [
        -2250.5624516807206,
        1602.5429807638777,
        3140.944416530638,
        5794.474838265295,
        10256.793771643786,
        14677.249852188126,
        17943.742534283974,
        19963.373854322042,
        21060.737429112167,
        21594.405631911326,
        21861.92068090455
    ],
    "z_normalized": [
        0.0,
        0.0076,
        0.0156,
        0.0236,
        0.0316,
        0.039599999999999996,
        0.0476,
        0.0556,
        0.0636,
        0.0716,
        0.0796
    ]
}