{
    "thrust": 0.08635203110930809,
    "discharge_current": 33.13243265791971,
    "ion_velocity": [
        -2134.083082297966,
        1354.0246662353422,
        2526.4653878824597,
        4427.190336539225,
        9438.437219538106,
        14185.065756015212,
        17666.909031857955,
        19805.48922299655,
        20965.42827077626,
        21526.65366083203,
        21803.815065907518
    ],
    "z_normalized": [
        0.0,
        0.0076,
        0.0156,
        0.0236,
        0.0316,
        0.039599999999999996,
        0.0476,
        0.0556,
        0.0636,
        0.0716,
        0.0796
    ]
}