{
    "thrust": 0.08254753536620607,
    "discharge_current": 38.11037200862879,
    "ion_velocity": [
        -2343.6022324308137,
        2203.459522047084,
        5661.456244987317,
        11404.203643391436,
        14903.427101115833,
        17545.62195178271,
        19494.357058692785,
        20725.866204049395,
        21420.738832148905,
        21765.18649243656,
        21935.516727982616
    ],
    "z_normalized": [
        0.0,
        0.0076,
        0.0156,
        0.0236,
        0.0316,
        0.039599999999999996,
        0.0476,
        0.0556,
        0.0636,
        0.0716,
        0.0796
    ]
}