{
    "thrust": 0.10057221819604738,
    "discharge_current": 7.862479789393969,
    "ion_velocity": [
        -1236.117243121025,
        -263.5223188972876,
        1615.008446904533,
        9454.434177979745,
        13674.19434163148,
        16570.148650345283,
        18670.28287677517,
        20029.738823316966,
        20779.824343166198,
        21121.524402131712,
        21224.4939578941
    ],
    "z_normalized": [
        0.0,
        0.0076,
        0.0156,
        0.0236,
        0.0316,
        0.039599999999999996,
        0.0476,
        0.0556,
        0.0636,
        0.0716,
        0.0796
    ]
}