{
    "thrust": 0.09533438912495094,
    "discharge_current": 14.735865428206832,
    "ion_velocity": [
        -1405.6081976458047,
        -161.4839325243862,
        780.4588032079399,
        1960.0074374963358,
        7902.795733732763,
        13412.906980178966,
        17074.978527049294,
        19330.488342940036,
        20566.231505323653,
        21144.009313843595,
        21407.296926841642
    ],
    "z_normalized": [
        0.0,
        0.0076,
        0.0156,
        0.0236,
        0.0316,
        0.039599999999999996,
        0.0476,
        0.0556,
        0.0636,
        0.0716,
        0.0796
    ]
}