{
    "thrust": 0.08336459008929932,
    "discharge_current": 35.85728948157613,
    "ion_velocity": [
        -2282.5642328132067,
        2131.331815136046,
        5630.780126480778,
        11384.589916773659,
        14893.867079508216,
        17527.045994260054,
        19465.71175666597,
        20693.603423464432,
        21387.531902582814,
        21731.077083457563,
        21899.4740441709
    ],
    "z_normalized": [
        0.0,
        0.0076,
        0.0156,
        0.0236,
        0.0316,
        0.039599999999999996,
        0.0476,
        0.0556,
        0.0636,
        0.0716,
        0.0796
    ]
}