{
    "thrust": 0.078751037290344,
    "discharge_current": 53.317407652006075,
    "ion_velocity": [
        -2628.4155948381253,
        2293.1243476346685,
        4867.614507549616,
        9154.77483905446,
        13101.497990651245,
        16463.7255355776,
        18973.808499282248,
        20551.673129324972,
        21423.328303143557,
        21855.74486662789,
        22080.158420520474
    ],
    "z_normalized": [
        0.0,
        0.0076,
        0.0156,
        0.0236,
        0.0316,
        0.039599999999999996,
        0.0476,
        0.0556,
        0.0636,
        0.0716,
        0.0796
    ]
}