{
    "thrust": 0.08195614964087534,
    "discharge_current": 44.0913545157415,
    "ion_velocity": [
        -2408.0003298983393,
        2095.590199242368,
        4805.944268830837,
        9318.618391664508,
        12995.200703927598,
        16367.536037963606,
        18875.008493653873,
        20441.88990462349,
        21308.806474033292,
        21735.288502451254,
        21951.585840338797
    ],
    "z_normalized": [
        0.0,
        0.0076,
        0.0156,
        0.0236,
        0.0316,
        0.039599999999999996,
        0.0476,
        0.0556,
        0.0636,
        0.0716,
        0.0796
    ]
}