{
    "thrust": 0.0833145082804838,
    "discharge_current": 33.00439915389604,
    "ion_velocity": [
        -2263.991694539728,
        2272.350615838118,
        6402.893116524624,
        13432.19066461503,
        16404.288600088516,
        18467.136502151272,
        19966.30360264785,
        20942.785855470724,
        21495.26935862485,
        21769.439810994147,
        21902.088222608534
    ],
    "z_normalized": [
        0.0,
        0.0076,
        0.0156,
        0.0236,
        0.0316,
        0.039599999999999996,
        0.0476,
        0.0556,
        0.0636,
        0.0716,
        0.0796
    ]
}