{
    "thrust": 0.08744352242321664,
    "discharge_current": 24.047479030569814,
    "ion_velocity": [
        -1959.3968514118826,
        1784.0853677070381,
        6226.763181823489,
        13323.24123413592,
        16365.143442914823,
        18353.760917582134,
        19804.232391789097,
        20775.420093731733,
        21325.618086713293,
        21596.563870656137,
        21721.58185584914
    ],
    "z_normalized": [
        0.0,
        0.0076,
        0.0156,
        0.0236,
        0.0316,
        0.039599999999999996,
        0.0476,
        0.0556,
        0.0636,
        0.0716,
        0.0796
    ]
}