{
    "thrust": 0.0944431998046715,
    "discharge_current": 16.016794320056572,
    "ion_velocity": [
        -1582.4354097716862,
        566.3268345687972,
        4307.191004481024,
        10583.638526217263,
        14321.094974897396,
        17007.16540054178,
        18948.776600605386,
        20248.506919451043,
        20986.019475300163,
        21343.213248994576,
        21494.44035797079
    ],
    "z_normalized": [
        0.0,
        0.0076,
        0.0156,
        0.0236,
        0.0316,
        0.039599999999999996,
        0.0476,
        0.0556,
        0.0636,
        0.0716,
        0.0796
    ]
}