{
    "thrust": 0.07113424277954541,
    "discharge_current": 5.187297892138571,
    "ion_velocity": [
        -1259.8152932519636,
        1122.9784049701786,
        4694.55599892795,
        11329.95580379169,
        13914.077155257059,
        15555.892503991065,
        17049.409040644787,
        18062.921494362137,
        18698.820801078848,
        18952.94824995967,
        18976.383358840405
    ],
    "z_normalized": [
        0.0,
        0.0076,
        0.0156,
        0.0236,
        0.0316,
        0.039599999999999996,
        0.0476,
        0.0556,
        0.0636,
        0.0716,
        0.0796
    ]
}