{
    "thrust": 0.08128473582827855,
    "discharge_current": 46.30934250472073,
    "ion_velocity": [
        -2455.879865009456,
        2124.0566049171516,
        4738.52147077324,
        9088.529063441509,
        12845.707698084465,
        16281.377038777651,
        18838.67754558679,
        20438.03413096562,
        21321.188244789966,
        21756.13413569567,
        21978.137390684748
    ],
    "z_normalized": [
        0.0,
        0.0076,
        0.0156,
        0.0236,
        0.0316,
        0.039599999999999996,
        0.0476,
        0.0556,
        0.0636,
        0.0716,
        0.0796
    ]
}