{
    "thrust": 0.0953860157347785,
    "discharge_current": 11.636623948710117,
    "ion_velocity": [
        -1284.5480207902763,
        -210.17912657324655,
        4033.204970025325,
        12372.286080470054,
        15571.951127267215,
        17677.796375672577,
        19267.19697649375,
        20323.516619744518,
        20915.02479625004,
        21198.022531539962,
        21308.947995716524
    ],
    "z_normalized": [
        0.0,
        0.0076,
        0.0156,
        0.0236,
        0.0316,
        0.039599999999999996,
        0.0476,
        0.0556,
        0.0636,
        0.0716,
        0.0796
    ]
}