{
    "thrust": 0.08344742185747851,
    "discharge_current": 41.7127434132704,
    "ion_velocity": [
        -2337.1778111861527,
        1899.5724787412564,
        4016.504326685083,
        7595.031466100245,
        11793.747801008492,
        15615.216571146177,
        18455.201474724472,
        20221.489353721878,
        21190.8847146108,
        21665.1524652528,
        21904.59113940116
    ],
    "z_normalized": [
        0.0,
        0.0076,
        0.0156,
        0.0236,
        0.0316,
        0.039599999999999996,
        0.0476,
        0.0556,
        0.0636,
        0.0716,
        0.0796
    ]
}