{
    "thrust": 0.08329354381470809,
    "discharge_current": 32.71909180236801,
    "ion_velocity": [
        -2262.2156909969344,
        2310.999948478297,
        6567.481981059916,
        13911.342046292422,
        16715.942719512204,
        18659.853934783583,
        20071.233523723873,
        20994.967565726605,
        21517.16552576355,
        21776.40105674776,
        21901.61652748276
    ],
    "z_normalized": [
        0.0,
        0.0076,
        0.0156,
        0.0236,
        0.0316,
        0.039599999999999996,
        0.0476,
        0.0556,
        0.0636,
        0.0716,
        0.0796
    ]
}