{
    "thrust": 0.08898837282379445,
    "discharge_current": 21.96034549010627,
    "ion_velocity": [
        -1860.3915885465092,
        1521.827234048828,
        5773.860653408047,
        12559.951218099417,
        15795.008817390855,
        17974.304043497326,
        19560.557512677522,
        20625.43857113657,
        21229.468627232876,
        21525.77323655042,
        21660.510471222497
    ],
    "z_normalized": [
        0.0,
        0.0076,
        0.0156,
        0.0236,
        0.0316,
        0.039599999999999996,
        0.0476,
        0.0556,
        0.0636,
        0.0716,
        0.0796
    ]
}