{
    "thrust": 0.08472234946221444,
    "discharge_current": 30.18903383555651,
    "ion_velocity": [
        -2173.1217545552136,
        2147.864578524986,
        6370.780689488334,
        13400.946186860658,
        16407.559970225597,
        18445.361440975164,
        19924.343512906635,
        20895.22687650048,
        21444.97491160796,
        21717.240724386476,
        21847.172625374315
    ],
    "z_normalized": [
        0.0,
        0.0076,
        0.0156,
        0.0236,
        0.0316,
        0.039599999999999996,
        0.0476,
        0.0556,
        0.0636,
        0.0716,
        0.0796
    ]
}