{
    "thrust": 0.0819350993798326,
    "discharge_current": 38.46494414886822,
    "ion_velocity": [
        -2379.18286361749,
        2320.263616918101,
        6027.537071066894,
        12342.313729856796,
        15586.087584471452,
        17981.313501562407,
        19739.15603791675,
        20859.43891864328,
        21492.304697862335,
        21806.64304695311,
        21962.31727841372
    ],
    "z_normalized": [
        0.0,
        0.0076,
        0.0156,
        0.0236,
        0.0316,
        0.039599999999999996,
        0.0476,
        0.0556,
        0.0636,
        0.0716,
        0.0796
    ]
}