{
    "thrust": 0.08424978340415337,
    "discharge_current": 33.73827954962514,
    "ion_velocity": [
        -2231.7731836407193,
        2076.5411013574894,
        5656.932406689975,
        11518.05307012609,
        15000.643165887113,
        17584.091475380366,
        19480.946891589094,
        20687.13513781921,
        21369.966607658916,
        21707.64996610072,
        21871.62923119014
    ],
    "z_normalized": [
        0.0,
        0.0076,
        0.0156,
        0.0236,
        0.0316,
        0.039599999999999996,
        0.0476,
        0.0556,
        0.0636,
        0.0716,
        0.0796
    ]
}