{
    "thrust": 3.2816913871498833e-13,
    "discharge_current": 7.882958988442124e-12,
    "ion_velocity": [
        -1238.1744577039408,
        1578.5143819622647,
        2980.959749258286,
        3849.9085822185866,
        12013.305210560467,
        16099.936031196617,
        15270.904420168428,
        12770.215511890803,
        11186.295026130061,
        10775.19782598823,
        10487.284338503094
    ],
    "z_normalized": [
        0.0,
        0.0076,
        0.0156,
        0.0236,
        0.0316,
        0.039599999999999996,
        0.0476,
        0.0556,
        0.0636,
        0.0716,
        0.0796
    ]
}