{
    "thrust": 0.09451107595581089,
    "discharge_current": 14.885505005489263,
    "ion_velocity": [
        -1511.21007815891,
        315.10744357200235,
        4221.233274263628,
        10843.92029295004,
        14508.542998608104,
        17096.667074537996,
        18983.834227168994,
        20246.761992096093,
        20961.477010143157,
        21306.861896704453,
        21450.869322561386
    ],
    "z_normalized": [
        0.0,
        0.0076,
        0.0156,
        0.0236,
        0.0316,
        0.039599999999999996,
        0.0476,
        0.0556,
        0.0636,
        0.0716,
        0.0796
    ]
}