{
    "thrust": 0.08079401825462623,
    "discharge_current": 43.44104416443832,
    "ion_velocity": [
        -2468.6654278700416,
        2347.7357683313544,
        5746.681710222279,
        11553.907604864162,
        14877.442155665882,
        17554.6248719763,
        19533.372491865295,
        20781.4264197494,
        21482.023111794686,
        21829.535131251156,
        22004.89446298077
    ],
    "z_normalized": [
        0.0,
        0.0076,
        0.0156,
        0.0236,
        0.0316,
        0.039599999999999996,
        0.0476,
        0.0556,
        0.0636,
        0.0716,
        0.0796
    ]
}