{
    "thrust": 0.08993534585490202,
    "discharge_current": 19.18500044675087,
    "ion_velocity": [
        -1780.4335633841365,
        1434.0197799873852,
        6578.65324597597,
        14594.036944658023,
        17247.808900194817,
        18810.861097677553,
        20023.02025458549,
        20834.625278947417,
        21292.69138421364,
        21517.44907768797,
        21617.422568499784
    ],
    "z_normalized": [
        0.0,
        0.0076,
        0.0156,
        0.0236,
        0.0316,
        0.039599999999999996,
        0.0476,
        0.0556,
        0.0636,
        0.0716,
        0.0796
    ]
}