{
    "thrust": 0.08130230492651981,
    "discharge_current": 44.76200113585901,
    "ion_velocity": [
        -2447.2506533492115,
        2197.943154670573,
        5138.124112668886,
        10048.429358400455,
        13609.37744296812,
        16756.783514913797,
        19094.777593138253,
        20559.58423674574,
        21373.783778514025,
        21775.51457963748,
        21979.491002781233
    ],
    "z_normalized": [
        0.0,
        0.0076,
        0.0156,
        0.0236,
        0.0316,
        0.039599999999999996,
        0.0476,
        0.0556,
        0.0636,
        0.0716,
        0.0796
    ]
}