{
    "thrust": 0.050728040923928346,
    "discharge_current": 3.862989942987491,
    "ion_velocity": [
        -1233.28320694784,
        1183.458788421102,
        4875.686071755232,
        10551.342052685384,
        12775.453779931557,
        13567.7282294198,
        13189.454618995525,
        14009.09691142495,
        14807.700942923782,
        15184.058987336499,
        15276.85380436493
    ],
    "z_normalized": [
        0.0,
        0.0076,
        0.0156,
        0.0236,
        0.0316,
        0.039599999999999996,
        0.0476,
        0.0556,
        0.0636,
        0.0716,
        0.0796
    ]
}