{
    "thrust": 0.1013732362020153,
    "discharge_current": 7.881362055359979,
    "ion_velocity": [
        -1235.2196052114425,
        -249.61154178227397,
        882.3512293467971,
        5544.776870423771,
        10756.728496093714,
        14915.977547019113,
        17802.159654086227,
        19621.113415287717,
        20628.825983240564,
        21085.96783794455,
        21215.690423173306
    ],
    "z_normalized": [
        0.0,
        0.0076,
        0.0156,
        0.0236,
        0.0316,
        0.039599999999999996,
        0.0476,
        0.0556,
        0.0636,
        0.0716,
        0.0796
    ]
}