{
    "thrust": 0.0514740562517428,
    "discharge_current": 4.115434488558338,
    "ion_velocity": [
        -1247.6463743403654,
        1133.0697239126418,
        4811.307539275771,
        11418.165923254897,
        13695.899837563946,
        14820.829152371207,
        16055.592243283141,
        17060.863313357466,
        17625.496567855018,
        17977.076446871288,
        18023.831105628535
    ],
    "z_normalized": [
        0.0,
        0.0076,
        0.0156,
        0.0236,
        0.0316,
        0.039599999999999996,
        0.0476,
        0.0556,
        0.0636,
        0.0716,
        0.0796
    ]
}