{
    "thrust": 0.08648171256901843,
    "discharge_current": 25.331536707108864,
    "ion_velocity": [
        -2023.0924046081025,
        1946.400157019741,
        6511.340441730942,
        13927.706058470112,
        16799.070280291882,
        18639.17833418191,
        19984.973108452145,
        20884.500896511992,
        21393.655350805308,
        21645.03833373983,
        21761.88713109294
    ],
    "z_normalized": [
        0.0,
        0.0076,
        0.0156,
        0.0236,
        0.0316,
        0.039599999999999996,
        0.0476,
        0.0556,
        0.0636,
        0.0716,
        0.0796
    ]
}