{
    "thrust": 0.05476692457734442,
    "discharge_current": 4.2756039054961015,
    "ion_velocity": [
        -1252.0587054336002,
        1087.9383358580415,
        4623.895143908171,
        10728.352493349454,
        13230.774912534845,
        14739.881596456342,
        16174.466564858467,
        17307.178032274638,
        17953.12492879058,
        18255.83482132366,
        18303.57348231318
    ],
    "z_normalized": [
        0.0,
        0.0076,
        0.0156,
        0.0236,
        0.0316,
        0.039599999999999996,
        0.0476,
        0.0556,
        0.0636,
        0.0716,
        0.0796
    ]
}