{
    "thrust": 0.0936915053499491,
    "discharge_current": 15.745623540556103,
    "ion_velocity": [
        -1602.1766327893556,
        740.8349104163023,
        5695.4123811553945,
        13605.895405596626,
        16486.141145451733,
        18289.76725585109,
        19682.512420572184,
        20616.164704575986,
        21142.054155125017,
        21397.80598846141,
        21507.094652562184
    ],
    "z_normalized": [
        0.0,
        0.0076,
        0.0156,
        0.0236,
        0.0316,
        0.039599999999999996,
        0.0476,
        0.0556,
        0.0636,
        0.0716,
        0.0796
    ]
}