{
    "thrust": 0.07942133105431314,
    "discharge_current": 53.35578323880703,
    "ion_velocity": [
        -2592.5437511304876,
        2150.916648213601,
        4320.215644312802,
        7915.074561869626,
        12005.826232099249,
        15780.281060403116,
        18596.392220203317,
        20361.24968407254,
        21327.11255550263,
        21803.376678805656,
        22050.796922767488
    ],
    "z_normalized": [
        0.0,
        0.0076,
        0.0156,
        0.0236,
        0.0316,
        0.039599999999999996,
        0.0476,
        0.0556,
        0.0636,
        0.0716,
        0.0796
    ]
}