{
    "thrust": 0.07984414553728526,
    "discharge_current": 50.967140471293355,
    "ion_velocity": [
        -2558.3612258881203,
        2143.3015320609406,
        4434.160970210088,
        8195.421278064421,
        12310.635696683716,
        15957.085167088564,
        18682.058835483425,
        20392.012564693807,
        21331.864322168964,
        21796.90244959597,
        22036.538051034415
    ],
    "z_normalized": [
        0.0,
        0.0076,
        0.0156,
        0.0236,
        0.0316,
        0.039599999999999996,
        0.0476,
        0.0556,
        0.0636,
        0.0716,
        0.0796
    ]
}