{
    "thrust": 0.10252234171234774,
    "discharge_current": 7.23322198933611,
    "ion_velocity": [
        -1235.1755001132144,
        -247.88877168496936,
        1353.7366725284348,
        9372.79837184038,
        13650.559113665218,
        16549.15323035273,
        18654.81197260905,
        20011.03751820486,
        20754.31083510456,
        21085.8277434066,
        21177.267365935757
    ],
    "z_normalized": [
        0.0,
        0.0076,
        0.0156,
        0.0236,
        0.0316,
        0.039599999999999996,
        0.0476,
        0.0556,
        0.0636,
        0.0716,
        0.0796
    ]
}