{
    "thrust": 0.08993235879852873,
    "discharge_current": 18.792101402969962,
    "ion_velocity": [
        -1774.4396397641453,
        1445.4993278961379,
        6801.573979563607,
        15162.153069924847,
        17629.283405375158,
        19050.8657219122,
        20161.531108923635,
        20901.829058081465,
        21319.32838645232,
        21524.258284829233,
        21615.014295261764
    ],
    "z_normalized": [
        0.0,
        0.0076,
        0.0156,
        0.0236,
        0.0316,
        0.039599999999999996,
        0.0476,
        0.0556,
        0.0636,
        0.0716,
        0.0796
    ]
}