{
    "thrust": 0.09644798665572746,
    "discharge_current": 13.777489940892469,
    "ion_velocity": [
        -1352.6640282679505,
        -196.40617015461464,
        1334.3813606295923,
        3522.4452386184666,
        8954.641123393445,
        13953.23129257748,
        17333.678700442277,
        19438.51196810715,
        20584.798660065462,
        21118.91110512728,
        21360.0025327972
    ],
    "z_normalized": [
        0.0,
        0.0076,
        0.0156,
        0.0236,
        0.0316,
        0.039599999999999996,
        0.0476,
        0.0556,
        0.0636,
        0.0716,
        0.0796
    ]
}