{
    "thrust": 0.06508617106284469,
    "discharge_current": 4.447951998520861,
    "ion_velocity": [
        -1244.452404495449,
        1173.4725796317,
        4942.816069364725,
        10793.665736299898,
        13083.417908018277,
        14070.619208680053,
        14479.238213171828,
        15378.561603081342,
        16074.517011406142,
        16422.08472787353,
        16507.73696286158
    ],
    "z_normalized": [
        0.0,
        0.0076,
        0.0156,
        0.0236,
        0.0316,
        0.039599999999999996,
        0.0476,
        0.0556,
        0.0636,
        0.0716,
        0.0796
    ]
}