{
    "thrust": 0.09533968051173836,
    "discharge_current": 12.834368201289937,
    "ion_velocity": [
        -1340.698644030237,
        -140.61729788356232,
        3224.1036586471523,
        9440.926701481007,
        13529.835312675208,
        16499.929422792724,
        18623.76932113441,
        20026.245805607592,
        20818.80640983381,
        21198.739506033136,
        21349.216386903285
    ],
    "z_normalized": [
        0.0,
        0.0076,
        0.0156,
        0.0236,
        0.0316,
        0.039599999999999996,
        0.0476,
        0.0556,
        0.0636,
        0.0716,
        0.0796
    ]
}