{
    "thrust": 0.09067555666008063,
    "discharge_current": 23.919889991084034,
    "ion_velocity": [
        -1845.3560774009684,
        1111.4188921305265,
        2984.279210837682,
        5964.153995405137,
        10781.88395738519,
        14970.680254395756,
        17996.62168077884,
        19858.762896099768,
        20896.500727674233,
        21394.52076685039,
        21632.044030054858
    ],
    "z_normalized": [
        0.0,
        0.0076,
        0.0156,
        0.0236,
        0.0316,
        0.039599999999999996,
        0.0476,
        0.0556,
        0.0636,
        0.0716,
        0.0796
    ]
}