{
    "thrust": 0.09360294776887955,
    "discharge_current": 18.646736749969246,
    "ion_velocity": [
        -1636.8996785973507,
        362.2972147138877,
        1341.0742693430855,
        2345.9916133684396,
        8245.83317103805,
        13621.706649260655,
        17245.160238243196,
        19453.232907877096,
        20681.102867477963,
        21262.865125786255,
        21534.38395224572
    ],
    "z_normalized": [
        0.0,
        0.0076,
        0.0156,
        0.0236,
        0.0316,
        0.039599999999999996,
        0.0476,
        0.0556,
        0.0636,
        0.0716,
        0.0796
    ]
}