{
    "thrust": 0.08272339892333794,
    "discharge_current": 43.28892701732197,
    "ion_velocity": [
        -2362.3646654442473,
        1926.684612820889,
        4177.061238166198,
        7965.127263508607,
        11893.771999190907,
        15679.339265788069,
        18494.504988778775,
        20247.66482987079,
        21209.915457070427,
        21681.33776898516,
        21920.335224047933
    ],
    "z_normalized": [
        0.0,
        0.0076,
        0.0156,
        0.0236,
        0.0316,
        0.039599999999999996,
        0.0476,
        0.0556,
        0.0636,
        0.0716,
        0.0796
    ]
}