{
    "thrust": 0.09752245542328516,
    "discharge_current": 9.914934145426145,
    "ion_velocity": [
        -1236.4513465477246,
        -249.50596774549933,
        1963.3853671423878,
        7930.311297906421,
        12493.41386041712,
        15895.629656541721,
        18296.868518065312,
        19851.261543561384,
        20722.793981819195,
        21132.48777415916,
        21275.45568295844
    ],
    "z_normalized": [
        0.0,
        0.0076,
        0.0156,
        0.0236,
        0.0316,
        0.039599999999999996,
        0.0476,
        0.0556,
        0.0636,
        0.0716,
        0.0796
    ]
}