{
    "thrust": 0.09145856170869832,
    "discharge_current": 19.638491695089435,
    "ion_velocity": [
        -1726.1654332897094,
        1033.474792490496,
        4414.070246117639,
        10066.448339112247,
        13879.642722011948,
        16782.00832014392,
        18874.0448003829,
        20244.810627343417,
        21027.106999038253,
        21408.244527087718,
        21576.98271295181
    ],
    "z_normalized": [
        0.0,
        0.0076,
        0.0156,
        0.0236,
        0.0316,
        0.039599999999999996,
        0.0476,
        0.0556,
        0.0636,
        0.0716,
        0.0796
    ]
}