{
    "thrust": 0.09749754467375416,
    "discharge_current": 10.195116666987676,
    "ion_velocity": [
        -1236.4229118745632,
        -248.11980257082783,
        1766.161745796863,
        7044.656036735197,
        11828.325263512057,
        15523.66319675314,
        18100.48498386256,
        19756.273846906715,
        20687.138269663086,
        21125.505673440955,
        21279.232618970484
    ],
    "z_normalized": [
        0.0,
        0.0076,
        0.0156,
        0.0236,
        0.0316,
        0.039599999999999996,
        0.0476,
        0.0556,
        0.0636,
        0.0716,
        0.0796
    ]
}