{
    "thrust": 0.08288765995356695,
    "discharge_current": 43.593769776653176,
    "ion_velocity": [
        -2374.2284060534944,
        1884.358368863514,
        3811.964555088141,
        7077.041981436706,
        11353.175074435403,
        15350.367817682369,
        18321.90159942051,
        20170.613701743965,
        21180.506727525135,
        21674.5791611739,
        21925.41169848878
    ],
    "z_normalized": [
        0.0,
        0.0076,
        0.0156,
        0.0236,
        0.0316,
        0.039599999999999996,
        0.0476,
        0.0556,
        0.0636,
        0.0716,
        0.0796
    ]
}