{
    "thrust": 0.08167203232143942,
    "discharge_current": 47.18616438369285,
    "ion_velocity": [
        -2448.8308872159137,
        1878.4521478418176,
        3558.575430218512,
        6408.6747876346935,
        10764.40119991563,
        15001.946549944805,
        18151.53059106143,
        20113.899085052177,
        21179.78900838108,
        21701.44627748771,
        21968.899070918524
    ],
    "z_normalized": [
        0.0,
        0.0076,
        0.0156,
        0.0236,
        0.0316,
        0.039599999999999996,
        0.0476,
        0.0556,
        0.0636,
        0.0716,
        0.0796
    ]
}