{
    "thrust": 0.07941287201612686,
    "discharge_current": 53.33888092902943,
    "ion_velocity": [
        -2592.7044333209788,
        2157.4560335503415,
        4350.509030523038,
        7982.842582233291,
        12060.48820573165,
        15813.912968860213,
        18614.409382073154,
        20369.645506367928,
        21330.731309702023,
        21804.739241590574,
        22050.979329662034
    ],
    "z_normalized": [
        0.0,
        0.0076,
        0.0156,
        0.0236,
        0.0316,
        0.039599999999999996,
        0.0476,
        0.0556,
        0.0636,
        0.0716,
        0.0796
    ]
}