{
    "thrust": 0.08830517812306106,
    "discharge_current": 24.79787595144652,
    "ion_velocity": [
        -1926.531240564948,
        1538.9986409490116,
        5062.222074309269,
        10791.830042154152,
        14425.396390617369,
        17161.42800266514,
        19153.39902615383,
        20437.052426660706,
        21167.795362086876,
        21526.221874399056,
        21692.10423521613
    ],
    "z_normalized": [
        0.0,
        0.0076,
        0.0156,
        0.0236,
        0.0316,
        0.039599999999999996,
        0.0476,
        0.0556,
        0.0636,
        0.0716,
        0.0796
    ]
}