{
    "thrust": 0.0865518876647711,
    "discharge_current": 25.938482377100655,
    "ion_velocity": [
        -2027.017771397409,
        1908.2448001668647,
        6268.532584304595,
        13300.14051989546,
        16347.923421949514,
        18366.550129064017,
        19833.068755028577,
        20808.440896249474,
        21361.077754656428,
        21633.723023399485,
        21760.955079633914
    ],
    "z_normalized": [
        0.0,
        0.0076,
        0.0156,
        0.0236,
        0.0316,
        0.039599999999999996,
        0.0476,
        0.0556,
        0.0636,
        0.0716,
        0.0796
    ]
}