{
    "thrust": 0.08217432008662393,
    "discharge_current": 40.286657047428484,
    "ion_velocity": [
        -2376.707270370378,
        2184.3353573851787,
        5405.608247941259,
        10727.201287125177,
        14375.837496029582,
        17219.84909553141,
        19326.421245837922,
        20651.810809682498,
        21396.38367426937,
        21765.36241760268,
        21949.358226471235
    ],
    "z_normalized": [
        0.0,
        0.0076,
        0.0156,
        0.0236,
        0.0316,
        0.039599999999999996,
        0.0476,
        0.0556,
        0.0636,
        0.0716,
        0.0796
    ]
}