{
    "thrust": 0.08055209471583812,
    "discharge_current": 44.85092022179704,
    "ion_velocity": [
        -2489.4601471727933,
        2308.5797905588815,
        5488.41184645539,
        10846.202662954434,
        14444.841067652935,
        17284.17577997549,
        19390.624060351278,
        20716.360575082763,
        21458.91654258818,
        21827.667085136665,
        22014.481899499675
    ],
    "z_normalized": [
        0.0,
        0.0076,
        0.0156,
        0.0236,
        0.0316,
        0.039599999999999996,
        0.0476,
        0.0556,
        0.0636,
        0.0716,
        0.0796
    ]
}