{
    "thrust": 0.10322523816026362,
    "discharge_current": 6.870142435149545,
    "ion_velocity": [
        -1234.225711915488,
        -212.2954643075762,
        1422.1424834533573,
        10536.562020434138,
        14483.382267159335,
        17028.536119853638,
        18903.42308516468,
        20111.807848399258,
        20770.232097010066,
        21059.904267015747,
        21137.29927940775
    ],
    "z_normalized": [
        0.0,
        0.0076,
        0.0156,
        0.0236,
        0.0316,
        0.039599999999999996,
        0.0476,
        0.0556,
        0.0636,
        0.0716,
        0.0796
    ]
}