{
    "thrust": 0.08558088201892754,
    "discharge_current": 28.9110714311634,
    "ion_velocity": [
        -2112.761705588078,
        2006.56809397682,
        6095.483918705304,
        12739.949322812696,
        15931.942248797419,
        18135.483292982506,
        19735.537124692786,
        20782.432491518714,
        21375.88295570691,
        21669.08502512852,
        21808.172482391954
    ],
    "z_normalized": [
        0.0,
        0.0076,
        0.0156,
        0.0236,
        0.0316,
        0.039599999999999996,
        0.0476,
        0.0556,
        0.0636,
        0.0716,
        0.0796
    ]
}