{
    "thrust": 0.08882796764220457,
    "discharge_current": 21.52018131170016,
    "ion_velocity": [
        -1861.752040454873,
        1584.1612390103244,
        6188.073049419697,
        13471.630277045611,
        16468.880376352005,
        18375.273997454075,
        19788.146767156977,
        20740.355303788547,
        21279.349318465665,
        21544.087268566876,
        21664.13949145055
    ],
    "z_normalized": [
        0.0,
        0.0076,
        0.0156,
        0.0236,
        0.0316,
        0.039599999999999996,
        0.0476,
        0.0556,
        0.0636,
        0.0716,
        0.0796
    ]
}