{
    "thrust": 0.08097812393176566,
    "discharge_current": 42.515217954107044,
    "ion_velocity": [
        -2453.802094559434,
        2350.350222857548,
        5823.793955334751,
        11770.062116959523,
        15037.868003071328,
        17652.90240430603,
        19582.88487268172,
        20802.041553967356,
        21487.280110478412,
        21827.17079772423,
        21998.161592466095
    ],
    "z_normalized": [
        0.0,
        0.0076,
        0.0156,
        0.0236,
        0.0316,
        0.039599999999999996,
        0.0476,
        0.0556,
        0.0636,
        0.0716,
        0.0796
    ]
}