{
    "thrust": 0.08598171629528743,
    "discharge_current": 25.23084958685542,
    "ion_velocity": [
        -2046.9041380268827,
        2069.246482807787,
        6924.746689310089,
        15032.949757081247,
        17548.38461995426,
        19101.195420028722,
        20258.458978296523,
        21029.08709040695,
        21464.604328678033,
        21680.088113436115,
        21780.057299064712
    ],
    "z_normalized": [
        0.0,
        0.0076,
        0.0156,
        0.0236,
        0.0316,
        0.039599999999999996,
        0.0476,
        0.0556,
        0.0636,
        0.0716,
        0.0796
    ]
}