{
    "thrust": 0.08604764389269384,
    "discharge_current": 26.430630586460772,
    "ion_velocity": [
        -2059.1394251205866,
        1995.6276234028207,
        6459.65978216721,
        13750.66589777687,
        16671.5395330458,
        18574.430751069933,
        19959.43274120553,
        20881.754804068652,
        21403.970085685924,
        21661.972012909686,
        21782.66909108775
    ],
    "z_normalized": [
        0.0,
        0.0076,
        0.0156,
        0.0236,
        0.0316,
        0.039599999999999996,
        0.0476,
        0.0556,
        0.0636,
        0.0716,
        0.0796
    ]
}