{
    "thrust": 0.07018835898965185,
    "discharge_current": 4.431093952298104,
    "ion_velocity": [
        -1253.5925430600698,
        1095.6947111075478,
        4570.922269379444,
        9990.203487768797,
        12685.540730390789,
        14364.426975882285,
        15654.775646956823,
        16826.162900003153,
        17600.239426234748,
        17919.843329563257,
        17963.340946748445
    ],
    "z_normalized": [
        0.0,
        0.0076,
        0.0156,
        0.0236,
        0.0316,
        0.039599999999999996,
        0.0476,
        0.0556,
        0.0636,
        0.0716,
        0.0796
    ]
}