{
    "thrust": 0.08835316758614312,
    "discharge_current": 24.803702793718493,
    "ion_velocity": [
        -1924.2808596804334,
        1519.8210930655725,
        4967.6517395081055,
        10596.765879390456,
        14270.337758536589,
        17065.871353633036,
        19103.07015874756,
        20411.337716701917,
        21156.247183137777,
        21521.518106635467,
        21690.54262643991
    ],
    "z_normalized": [
        0.0,
        0.0076,
        0.0156,
        0.0236,
        0.0316,
        0.039599999999999996,
        0.0476,
        0.0556,
        0.0636,
        0.0716,
        0.0796
    ]
}