{
    "thrust": 0.09325108421005456,
    "discharge_current": 15.976673696848584,
    "ion_velocity": [
        -1618.0344992665248,
        818.8074465788677,
        5893.741400803605,
        13922.705147593893,
        16717.9875035191,
        18436.13389798101,
        19770.31320564476,
        20663.805202767897,
        21167.001528052744,
        21412.008865308944,
        21517.150246240668
    ],
    "z_normalized": [
        0.0,
        0.0076,
        0.0156,
        0.0236,
        0.0316,
        0.039599999999999996,
        0.0476,
        0.0556,
        0.0636,
        0.0716,
        0.0796
    ]
}