{
    "thrust": 0.09823495605283845,
    "discharge_current": 8.880061445731206,
    "ion_velocity": [
        -1236.4712566524788,
        -255.64130608607132,
        2220.0837212345664,
        10032.856808946077,
        14031.107015816664,
        16775.177737674956,
        18774.681191797954,
        20080.66832961471,
        20806.45919825762,
        21144.268586606697,
        21257.564820509833
    ],
    "z_normalized": [
        0.0,
        0.0076,
        0.0156,
        0.0236,
        0.0316,
        0.039599999999999996,
        0.0476,
        0.0556,
        0.0636,
        0.0716,
        0.0796
    ]
}