{
    "thrust": 0.10134765274035834,
    "discharge_current": 8.038535915156864,
    "ion_velocity": [
        -1235.5485201776748,
        -258.2315081708669,
        961.2879400354065,
        5894.316001364068,
        11025.773100496139,
        15067.691284644106,
        17880.282265971688,
        19658.969544926324,
        20645.470677441645,
        21094.62111245458,
        21224.62066584993
    ],
    "z_normalized": [
        0.0,
        0.0076,
        0.0156,
        0.0236,
        0.0316,
        0.039599999999999996,
        0.0476,
        0.0556,
        0.0636,
        0.0716,
        0.0796
    ]
}