{
    "thrust": 0.09879335619056039,
    "discharge_current": 8.921173580390379,
    "ion_velocity": [
        -1236.3775818104339,
        -254.2992890188699,
        1737.1241840263694,
        8205.428896784228,
        12727.678790355387,
        16029.366293683823,
        18376.424460385693,
        19893.37166040027,
        20738.643289913038,
        21131.286640221424,
        21259.789345811772
    ],
    "z_normalized": [
        0.0,
        0.0076,
        0.0156,
        0.0236,
        0.0316,
        0.039599999999999996,
        0.0476,
        0.0556,
        0.0636,
        0.0716,
        0.0796
    ]
}