{
    "thrust": 0.05570491266451685,
    "discharge_current": 4.094468766466821,
    "ion_velocity": [
        -1243.47481274579,
        1172.6634322561192,
        4686.929671047674,
        10086.212841543742,
        12644.12918001863,
        13888.118557890062,
        14051.858852388232,
        14916.55241986289,
        15651.946531301597,
        16030.709676019336,
        16173.43184120487
    ],
    "z_normalized": [
        0.0,
        0.0076,
        0.0156,
        0.0236,
        0.0316,
        0.039599999999999996,
        0.0476,
        0.0556,
        0.0636,
        0.0716,
        0.0796
    ]
}