{
    "thrust": 0.07947568706076885,
    "discharge_current": 49.642881256619006,
    "ion_velocity": [
        -2571.492499110068,
        2309.064791835959,
        5163.235393577976,
        9946.425439105158,
        13731.666988988252,
        16849.86953571485,
        19172.69938412332,
        20632.716164495152,
        21444.203920064327,
        21847.049690215743,
        22054.110974841737
    ],
    "z_normalized": [
        0.0,
        0.0076,
        0.0156,
        0.0236,
        0.0316,
        0.039599999999999996,
        0.0476,
        0.0556,
        0.0636,
        0.0716,
        0.0796
    ]
}