{
    "thrust": 0.09496809188201759,
    "discharge_current": 14.534331847521349,
    "ion_velocity": [
        -1446.8899808555404,
        68.09393870215813,
        3168.089989921997,
        8410.776347217588,
        12788.486369231508,
        16101.535965567959,
        18429.358563967315,
        19955.289953675154,
        20823.597321357545,
        21241.832480724046,
        21412.601067298598
    ],
    "z_normalized": [
        0.0,
        0.0076,
        0.0156,
        0.0236,
        0.0316,
        0.039599999999999996,
        0.0476,
        0.0556,
        0.0636,
        0.0716,
        0.0796
    ]
}