{
    "thrust": 0.08911054892502154,
    "discharge_current": 20.27227335385728,
    "ion_velocity": [
        -1831.415134487462,
        1577.250710864277,
        6627.0851394894735,
        14574.843767215783,
        17244.000960139016,
        18828.419124971937,
        20045.344147461612,
        20860.615487343002,
        21321.051701497574,
        21547.33714537269,
        21648.91740540081
    ],
    "z_normalized": [
        0.0,
        0.0076,
        0.0156,
        0.0236,
        0.0316,
        0.039599999999999996,
        0.0476,
        0.0556,
        0.0636,
        0.0716,
        0.0796
    ]
}