{
    "thrust": 0.09539604686431566,
    "discharge_current": 11.915205639158701,
    "ion_velocity": [
        -1295.234453587382,
        -198.12708331239446,
        3714.2409708387822,
        11352.876035258312,
        14869.873414851394,
        17264.040173512774,
        19037.361707399043,
        20216.057708890537,
        20877.76386255694,
        21194.372494448387,
        21318.50812881105
    ],
    "z_normalized": [
        0.0,
        0.0076,
        0.0156,
        0.0236,
        0.0316,
        0.039599999999999996,
        0.0476,
        0.0556,
        0.0636,
        0.0716,
        0.0796
    ]
}