{
    "thrust": 0.08427792833779806,
    "discharge_current": 33.79737311994835,
    "ion_velocity": [
        -2231.047865448645,
        2067.98479651398,
        5618.52303856865,
        11426.230445852427,
        14929.705711461755,
        17539.84238857039,
        19457.557576372015,
        20675.157232993883,
        21364.39002485978,
        21705.177503163537,
        21870.684614569807
    ],
    "z_normalized": [
        0.0,
        0.0076,
        0.0156,
        0.0236,
        0.0316,
        0.039599999999999996,
        0.0476,
        0.0556,
        0.0636,
        0.0716,
        0.0796
    ]
}