{
    "thrust": 0.055385992030169126,
    "discharge_current": 4.063869831739999,
    "ion_velocity": [
        -1235.3517189285128,
        1189.693334217824,
        4919.542811688956,
        10775.456830031722,
        12938.003218216729,
        13730.93538767729,
        13990.189920598166,
        14997.406337454655,
        15725.791507839633,
        16108.199021248762,
        16136.264996692807
    ],
    "z_normalized": [
        0.0,
        0.0076,
        0.0156,
        0.0236,
        0.0316,
        0.039599999999999996,
        0.0476,
        0.0556,
        0.0636,
        0.0716,
        0.0796
    ]
}