{
    "thrust": 0.08282263361317702,
    "discharge_current": 38.78716432648778,
    "ion_velocity": [
        -2332.4397507641384,
        2108.1838735534066,
        5254.864988285087,
        10415.084493320432,
        14131.30772330234,
        17058.661866673305,
        19228.017551857603,
        20590.70007595176,
        21355.93324824988,
        21734.60597989357,
        21922.362322343823
    ],
    "z_normalized": [
        0.0,
        0.0076,
        0.0156,
        0.0236,
        0.0316,
        0.039599999999999996,
        0.0476,
        0.0556,
        0.0636,
        0.0716,
        0.0796
    ]
}