{
    "thrust": 0.0806143789808565,
    "discharge_current": 45.24809118028616,
    "ion_velocity": [
        -2487.4981091684167,
        2306.225889725136,
        5479.193692399674,
        10847.749843925803,
        14301.844122169448,
        17196.715540389843,
        19343.426669492983,
        20692.821266786323,
        21446.71267895486,
        21820.068350723086,
        22009.686061907894
    ],
    "z_normalized": [
        0.0,
        0.0076,
        0.0156,
        0.0236,
        0.0316,
        0.039599999999999996,
        0.0476,
        0.0556,
        0.0636,
        0.0716,
        0.0796
    ]
}