{
    "thrust": 0.08257709431242068,
    "discharge_current": 35.38183209650771,
    "ion_velocity": [
        -2323.8147600111697,
        2355.57775830897,
        6437.772119775103,
        13524.60103407464,
        16383.114646067037,
        18468.624094475508,
        19986.114861132588,
        20969.270757026923,
        21524.4719204822,
        21800.069903742064,
        21934.81949610642
    ],
    "z_normalized": [
        0.0,
        0.0076,
        0.0156,
        0.0236,
        0.0316,
        0.039599999999999996,
        0.0476,
        0.0556,
        0.0636,
        0.0716,
        0.0796
    ]
}