{
    "thrust": 0.09304375179530795,
    "discharge_current": 16.87662445385792,
    "ion_velocity": [
        -1635.2574182986757,
        822.0701209312164,
        5028.504394694737,
        11935.270130145002,
        15288.982543133394,
        17578.9210200061,
        19279.331328936518,
        20425.69941072571,
        21074.68897311429,
        21390.221692827818,
        21526.47802665739
    ],
    "z_normalized": [
        0.0,
        0.0076,
        0.0156,
        0.0236,
        0.0316,
        0.039599999999999996,
        0.0476,
        0.0556,
        0.0636,
        0.0716,
        0.0796
    ]
}