{
    "thrust": 0.09564171081196714,
    "discharge_current": 10.432228308311231,
    "ion_velocity": [
        -1236.586846074723,
        -273.6219322652157,
        4355.215968300367,
        14255.936019248544,
        16874.548268122893,
        18469.975708392387,
        19702.647615864276,
        20515.252206503235,
        20967.719921827826,
        21182.99133140343,
        21265.320549499662
    ],
    "z_normalized": [
        0.0,
        0.0076,
        0.0156,
        0.0236,
        0.0316,
        0.039599999999999996,
        0.0476,
        0.0556,
        0.0636,
        0.0716,
        0.0796
    ]
}