{
    "thrust": 0.07845698828503514,
    "discharge_current": 56.88390125665088,
    "ion_velocity": [
        -2666.115329127756,
        2215.8312168681077,
        4316.860708566962,
        7785.4410162760705,
        11968.042253436426,
        15765.43818267718,
        18601.61442009519,
        20382.38268101108,
        21356.908663876737,
        21838.33109009145,
        22090.399297239208
    ],
    "z_normalized": [
        0.0,
        0.0076,
        0.0156,
        0.0236,
        0.0316,
        0.039599999999999996,
        0.0476,
        0.0556,
        0.0636,
        0.0716,
        0.0796
    ]
}