{
    "thrust": 0.08139821643902903,
    "discharge_current": 45.47758467342811,
    "ion_velocity": [
        -2447.0329881539683,
        2060.247303102279,
        4491.111569123906,
        8493.724777162202,
        12555.704809170862,
        16092.536630870083,
        18732.268330418832,
        20385.134185315193,
        21297.47102863979,
        21748.384309410783,
        21977.07805090351
    ],
    "z_normalized": [
        0.0,
        0.0076,
        0.0156,
        0.0236,
        0.0316,
        0.039599999999999996,
        0.0476,
        0.0556,
        0.0636,
        0.0716,
        0.0796
    ]
}