{
    "thrust": 0.09689581722530217,
    "discharge_current": 9.55982526444596,
    "ion_velocity": [
        -1236.5798834676468,
        -255.85620909169762,
        3367.8334079605615,
        12684.055102783057,
        15827.183068605626,
        17831.389815250197,
        19349.22271419367,
        20349.115877256605,
        20904.77705174409,
        21166.52346495653,
        21261.362301650213
    ],
    "z_normalized": [
        0.0,
        0.0076,
        0.0156,
        0.0236,
        0.0316,
        0.039599999999999996,
        0.0476,
        0.0556,
        0.0636,
        0.0716,
        0.0796
    ]
}