{
    "thrust": 0.0982780582320031,
    "discharge_current": 8.778273695327945,
    "ion_velocity": [
        -1236.4774554013547,
        -256.3684155976707,
        2293.8593335233527,
        10447.464662795584,
        14323.885734808115,
        16945.532137128994,
        18867.553785852055,
        20124.23273730206,
        20821.781064428487,
        21146.136977296574,
        21254.751790257473
    ],
    "z_normalized": [
        0.0,
        0.0076,
        0.0156,
        0.0236,
        0.0316,
        0.039599999999999996,
        0.0476,
        0.0556,
        0.0636,
        0.0716,
        0.0796
    ]
}