{
    "thrust": 0.09498907194821961,
    "discharge_current": 15.080449927561762,
    "ion_velocity": [
        -1459.940017431561,
        67.84851981991447,
        2777.5610723314103,
        7187.15604312039,
        11886.839048521453,
        15601.731124364293,
        18169.276431608276,
        19828.4103353184,
        20776.500511325085,
        21233.506609625365,
        21420.558150826957
    ],
    "z_normalized": [
        0.0,
        0.0076,
        0.0156,
        0.0236,
        0.0316,
        0.039599999999999996,
        0.0476,
        0.0556,
        0.0636,
        0.0716,
        0.0796
    ]
}