{
    "thrust": 0.09505206032485566,
    "discharge_current": 12.079319652403248,
    "ion_velocity": [
        -1341.2754629326107,
        -98.75358232563157,
        4953.228787077685,
        14079.170576454748,
        16757.85689365298,
        18412.315334796433,
        19693.87047000665,
        20543.67514009587,
        21019.06291815845,
        21247.53010233016,
        21339.077682938412
    ],
    "z_normalized": [
        0.0,
        0.0076,
        0.0156,
        0.0236,
        0.0316,
        0.039599999999999996,
        0.0476,
        0.0556,
        0.0636,
        0.0716,
        0.0796
    ]
}