{
    "thrust": 0.06695519860020374,
    "discharge_current": 4.446544089214491,
    "ion_velocity": [
        -1255.1344681421647,
        1081.7471838320507,
        4283.235244041907,
        10190.068643368673,
        13121.796385294225,
        15036.469415357622,
        16836.879843480176,
        18028.184570957274,
        18723.674473130708,
        19046.28983715571,
        19094.58727294096
    ],
    "z_normalized": [
        0.0,
        0.0076,
        0.0156,
        0.0236,
        0.0316,
        0.039599999999999996,
        0.0476,
        0.0556,
        0.0636,
        0.0716,
        0.0796
    ]
}