{
    "thrust": 0.0949047113341328,
    "discharge_current": 12.68723011788645,
    "ion_velocity": [
        -1383.5146162271517,
        -9.875522324757194,
        4875.922148171017,
        13476.030101755283,
        16340.634732101478,
        18160.62821304134,
        19560.40859639656,
        20492.18811663225,
        21014.478392981702,
        21265.99175057564,
        21367.92357769948
    ],
    "z_normalized": [
        0.0,
        0.0076,
        0.0156,
        0.0236,
        0.0316,
        0.039599999999999996,
        0.0476,
        0.0556,
        0.0636,
        0.0716,
        0.0796
    ]
}