{
    "thrust": 0.0994677871729277,
    "discharge_current": 7.9063657585519795,
    "ion_velocity": [
        -1236.346073389642,
        -262.69404194184864,
        2150.4823591529744,
        11581.132585227931,
        15144.077566330825,
        17431.035782144285,
        19134.69710175729,
        20245.238504591132,
        20856.978656459487,
        21137.196471505897,
        21225.7721031164
    ],
    "z_normalized": [
        0.0,
        0.0076,
        0.0156,
        0.0236,
        0.0316,
        0.039599999999999996,
        0.0476,
        0.0556,
        0.0636,
        0.0716,
        0.0796
    ]
}