{
    "thrust": 0.08597690366622109,
    "discharge_current": 31.116816666314744,
    "ion_velocity": [
        -2114.008983359126,
        1793.8269350117375,
        4933.7203018447,
        10059.027764313209,
        13839.13213319689,
        16836.590855763538,
        19048.279605276795,
        20437.82199363932,
        21223.448839214954,
        21610.20475230012,
        21795.642695024708
    ],
    "z_normalized": [
        0.0,
        0.0076,
        0.0156,
        0.0236,
        0.0316,
        0.039599999999999996,
        0.0476,
        0.0556,
        0.0636,
        0.0716,
        0.0796
    ]
}