{
    "thrust": 0.07953460890283293,
    "discharge_current": 49.81142678210083,
    "ion_velocity": [
        -2568.978893652721,
        2291.746284555631,
        5090.860027115315,
        9761.857658376211,
        13592.056136830499,
        16761.170943513054,
        19123.08331089209,
        20607.43796039927,
        21431.6724012045,
        21840.755487259237,
        22051.105047294055
    ],
    "z_normalized": [
        0.0,
        0.0076,
        0.0156,
        0.0236,
        0.0316,
        0.039599999999999996,
        0.0476,
        0.0556,
        0.0636,
        0.0716,
        0.0796
    ]
}