{
    "thrust": 0.078415451368863,
    "discharge_current": 56.671600779734966,
    "ion_velocity": [
        -2670.072170578368,
        2242.9379705559945,
        4414.494979926807,
        8013.720665607632,
        12165.93103293683,
        15888.284660291014,
        18669.308400012276,
        20416.0334254867,
        21373.214341005107,
        21846.42396545255,
        22094.058128933695
    ],
    "z_normalized": [
        0.0,
        0.0076,
        0.0156,
        0.0236,
        0.0316,
        0.039599999999999996,
        0.0476,
        0.0556,
        0.0636,
        0.0716,
        0.0796
    ]
}