{
    "thrust": 0.07937080826499925,
    "discharge_current": 53.476877253610105,
    "ion_velocity": [
        -2595.398834117992,
        2166.4939466083338,
        4381.757817444973,
        8046.32809221696,
        12114.100561161898,
        15847.098553335263,
        18632.52975811506,
        20378.629856252424,
        21335.197858347565,
        21807.117143906315,
        22052.34695673578
    ],
    "z_normalized": [
        0.0,
        0.0076,
        0.0156,
        0.0236,
        0.0316,
        0.039599999999999996,
        0.0476,
        0.0556,
        0.0636,
        0.0716,
        0.0796
    ]
}