{
    "thrust": 0.05462696084948198,
    "discharge_current": 3.4465752331738417,
    "ion_velocity": [
        -1189.9260720643197,
        1303.220300397468,
        4143.084538692651,
        8905.681518492016,
        11019.76364689961,
        10050.724519132862,
        10006.952441813473,
        11291.68220323702,
        12721.62953507941,
        13188.728369153157,
        13174.131889132548
    ],
    "z_normalized": [
        0.0,
        0.0076,
        0.0156,
        0.0236,
        0.0316,
        0.039599999999999996,
        0.0476,
        0.0556,
        0.0636,
        0.0716,
        0.0796
    ]
}