{
    "thrust": 0.08767021618845039,
    "discharge_current": 24.907483490266358,
    "ion_velocity": [
        -1958.801243325938,
        1695.4154394759,
        5688.2245782884875,
        12083.500024058743,
        15436.481952138265,
        17789.234977177362,
        19495.19395129069,
        20618.505664507724,
        21256.427112928282,
        21570.064776745177,
        21715.524741409532
    ],
    "z_normalized": [
        0.0,
        0.0076,
        0.0156,
        0.0236,
        0.0316,
        0.039599999999999996,
        0.0476,
        0.0556,
        0.0636,
        0.0716,
        0.0796
    ]
}