{
    "thrust": 0.08076463929413602,
    "discharge_current": 43.68010941902689,
    "ion_velocity": [
        -2471.4695761206035,
        2344.994328729174,
        5721.075438110957,
        11484.403722605204,
        14822.33364984235,
        17520.626677837052,
        19515.87404445441,
        20773.482193492164,
        21479.09450178405,
        21829.04831950447,
        22005.756002394726
    ],
    "z_normalized": [
        0.0,
        0.0076,
        0.0156,
        0.0236,
        0.0316,
        0.039599999999999996,
        0.0476,
        0.0556,
        0.0636,
        0.0716,
        0.0796
    ]
}