{
    "thrust": 0.0967399993316003,
    "discharge_current": 10.966113606973364,
    "ion_velocity": [
        -1236.417633913488,
        -248.40207141433936,
        1816.5227609651163,
        6673.625812784642,
        11530.598427336712,
        15358.224500643491,
        18008.46167463754,
        19707.59506138672,
        20666.775286239023,
        21121.186179186145,
        21286.182015114045
    ],
    "z_normalized": [
        0.0,
        0.0076,
        0.0156,
        0.0236,
        0.0316,
        0.039599999999999996,
        0.0476,
        0.0556,
        0.0636,
        0.0716,
        0.0796
    ]
}