{
    "thrust": 0.0857686697443975,
    "discharge_current": 26.51002648116366,
    "ion_velocity": [
        -2074.4197266226593,
        2067.5282797914865,
        6689.698060516543,
        14351.742238044117,
        17088.374087726927,
        18832.442270187126,
        20110.110934047076,
        20961.824827037864,
        21443.630576048683,
        21681.989593870672,
        21793.477198823144
    ],
    "z_normalized": [
        0.0,
        0.0076,
        0.0156,
        0.0236,
        0.0316,
        0.039599999999999996,
        0.0476,
        0.0556,
        0.0636,
        0.0716,
        0.0796
    ]
}