{
    "thrust": 0.08036605007009626,
    "discharge_current": 45.251168212290224,
    "ion_velocity": [
        -2501.246552252151,
        2350.6863666864283,
        5622.587492083336,
        11198.48778116844,
        14633.64659067444,
        17406.352999935574,
        19460.422345562063,
        20754.140844814483,
        21478.904838103113,
        21838.61787298358,
        22021.18449755463
    ],
    "z_normalized": [
        0.0,
        0.0076,
        0.0156,
        0.0236,
        0.0316,
        0.039599999999999996,
        0.0476,
        0.0556,
        0.0636,
        0.0716,
        0.0796
    ]
}