{
    "thrust": 0.08013316993303983,
    "discharge_current": 51.632638919048894,
    "ion_velocity": [
        -2556.538494218408,
        2101.6004616620626,
        4153.466667043664,
        7570.694649321626,
        11777.706130949053,
        15634.113603892041,
        18510.28661465371,
        20310.3567705838,
        21294.088490539205,
        21778.270300284767,
        22028.85260025434
    ],
    "z_normalized": [
        0.0,
        0.0076,
        0.0156,
        0.0236,
        0.0316,
        0.039599999999999996,
        0.0476,
        0.0556,
        0.0636,
        0.0716,
        0.0796
    ]
}