{
    "thrust": 0.09810437957144738,
    "discharge_current": 8.495639782866508,
    "ion_velocity": [
        -1236.5484997855085,
        -258.05153495950105,
        3146.6856886793066,
        13698.64755928859,
        16548.12233585235,
        18277.193527063446,
        19597.216304495094,
        20460.861850864756,
        20937.669686980895,
        21159.253889157946,
        21235.477294805176
    ],
    "z_normalized": [
        0.0,
        0.0076,
        0.0156,
        0.0236,
        0.0316,
        0.039599999999999996,
        0.0476,
        0.0556,
        0.0636,
        0.0716,
        0.0796
    ]
}