{
    "thrust": 0.09488876268611116,
    "discharge_current": 12.392934330221005,
    "ion_velocity": [
        -1372.902714873302,
        -23.212417262150705,
        5299.870638949022,
        14572.361680315476,
        17107.57386191003,
        18637.77865085114,
        19828.918077120063,
        20617.842785319575,
        21059.311926274906,
        21271.90695485162,
        21357.86395653886
    ],
    "z_normalized": [
        0.0,
        0.0076,
        0.0156,
        0.0236,
        0.0316,
        0.039599999999999996,
        0.0476,
        0.0556,
        0.0636,
        0.0716,
        0.0796
    ]
}