{
    "thrust": 0.09182413493737898,
    "discharge_current": 18.76494357757881,
    "ion_velocity": [
        -1701.8204380512682,
        1000.8447869812236,
        4697.722343943551,
        10836.262745737908,
        14476.258082226994,
        17128.285259894586,
        19044.163775544064,
        20324.49994742897,
        21053.189639104516,
        21408.08820913136,
        21564.19740003509
    ],
    "z_normalized": [
        0.0,
        0.0076,
        0.0156,
        0.0236,
        0.0316,
        0.039599999999999996,
        0.0476,
        0.0556,
        0.0636,
        0.0716,
        0.0796
    ]
}