{
    "thrust": 0.08041985299056975,
    "discharge_current": 45.890864153154084,
    "ion_velocity": [
        -2501.333016211867,
        2314.668541211751,
        5460.579883846218,
        10785.78850505351,
        14268.289228962325,
        17177.643849802193,
        19336.122935144835,
        20693.045128779908,
        21450.85213427229,
        21826.319173680404,
        22017.37848660671
    ],
    "z_normalized": [
        0.0,
        0.0076,
        0.0156,
        0.0236,
        0.0316,
        0.039599999999999996,
        0.0476,
        0.0556,
        0.0636,
        0.0716,
        0.0796
    ]
}