{
    "thrust": 0.10183642716149348,
    "discharge_current": 5.7855672382073315,
    "ion_velocity": [
        -1236.6321868483053,
        1563.8110256703642,
        2027.3476295740347,
        12527.381119718852,
        15687.515840798273,
        17504.177633427058,
        18837.320667302512,
        19743.647514842916,
        20192.725619896737,
        20389.022780936426,
        20421.936465523857
    ],
    "z_normalized": [
        0.0,
        0.0076,
        0.0156,
        0.0236,
        0.0316,
        0.039599999999999996,
        0.0476,
        0.0556,
        0.0636,
        0.0716,
        0.0796
    ]
}