{
    "thrust": 0.08367143823406502,
    "discharge_current": 41.033380396058426,
    "ion_velocity": [
        -2303.6778742970378,
        1718.235335999817,
        3438.8665085771872,
        6400.5278058683025,
        10677.056321211758,
        14932.260415480143,
        18086.393786600333,
        20042.446948714303,
        21107.00913151394,
        21626.091605103018,
        21888.07151408788
    ],
    "z_normalized": [
        0.0,
        0.0076,
        0.0156,
        0.0236,
        0.0316,
        0.039599999999999996,
        0.0476,
        0.0556,
        0.0636,
        0.0716,
        0.0796
    ]
}