{
    "thrust": 0.08979277873457622,
    "discharge_current": 25.20742871406299,
    "ion_velocity": [
        -1884.7277789933937,
        981.7546647865283,
        2079.922643633292,
        3629.490789995114,
        9056.58169602025,
        13963.729134774716,
        17495.99743082123,
        19644.421274144763,
        20825.264667111627,
        21391.980379269608,
        21664.30267882123
    ],
    "z_normalized": [
        0.0,
        0.0076,
        0.0156,
        0.0236,
        0.0316,
        0.039599999999999996,
        0.0476,
        0.0556,
        0.0636,
        0.0716,
        0.0796
    ]
}