{
    "thrust": 0.08308257841580313,
    "discharge_current": 42.7172015151504,
    "ion_velocity": [
        -2342.5701683981256,
        1771.983422598856,
        3520.3720574270624,
        6517.411369883812,
        10774.100555854115,
        14994.955118444064,
        18127.040489913827,
        20072.342254815736,
        21130.74321765365,
        21647.47373192067,
        21909.404815420912
    ],
    "z_normalized": [
        0.0,
        0.0076,
        0.0156,
        0.0236,
        0.0316,
        0.039599999999999996,
        0.0476,
        0.0556,
        0.0636,
        0.0716,
        0.0796
    ]
}