{
    "thrust": 0.0855363232975156,
    "discharge_current": 30.1649481291644,
    "ion_velocity": [
        -2128.835677172043,
        1954.1428973589614,
        5705.9552873222965,
        11776.989097968995,
        15202.720067997612,
        17687.81606595492,
        19502.16080652076,
        20668.666527125217,
        21330.36559105356,
        21656.950115007614,
        21812.881715149422
    ],
    "z_normalized": [
        0.0,
        0.0076,
        0.0156,
        0.0236,
        0.0316,
        0.039599999999999996,
        0.0476,
        0.0556,
        0.0636,
        0.0716,
        0.0796
    ]
}