{
    "thrust": 0.09807634883368209,
    "discharge_current": 9.05813388594489,
    "ion_velocity": [
        -1236.4758573129084,
        -254.16335615327432,
        2199.4878313161516,
        9703.208734459125,
        13793.104800274188,
        16637.165888753192,
        18698.953415541437,
        20044.849525089685,
        20793.96699405488,
        21143.359527030654,
        21261.502492083095
    ],
    "z_normalized": [
        0.0,
        0.0076,
        0.0156,
        0.0236,
        0.0316,
        0.039599999999999996,
        0.0476,
        0.0556,
        0.0636,
        0.0716,
        0.0796
    ]
}