{
    "thrust": 0.10455122992534502,
    "discharge_current": 6.568940493740279,
    "ion_velocity": [
        -1148.9866452099586,
        26.582088125649218,
        1381.54831080498,
        9953.78969138285,
        14058.09401580055,
        16736.547217199914,
        18699.665596051284,
        19957.47123070179,
        20638.616031839178,
        20931.28239923936,
        21003.912286964216
    ],
    "z_normalized": [
        0.0,
        0.0076,
        0.0156,
        0.0236,
        0.0316,
        0.039599999999999996,
        0.0476,
        0.0556,
        0.0636,
        0.0716,
        0.0796
    ]
}