{
    "thrust": 0.08695093928949396,
    "discharge_current": 32.64569377414281,
    "ion_velocity": [
        -2109.3495982347463,
        1588.991675011399,
        3654.9037920493747,
        7159.369809960117,
        11484.05902302416,
        15402.070454941711,
        18292.40571012583,
        20077.448969443,
        21063.236686977423,
        21541.723854248707,
        21776.945033914824
    ],
    "z_normalized": [
        0.0,
        0.0076,
        0.0156,
        0.0236,
        0.0316,
        0.039599999999999996,
        0.0476,
        0.0556,
        0.0636,
        0.0716,
        0.0796
    ]
}