{
    "thrust": 0.09105282702145015,
    "discharge_current": 18.41531777139212,
    "ion_velocity": [
        -1726.8266056550235,
        1204.4533973271223,
        5941.865052359479,
        13425.094088954796,
        16414.599944483874,
        18276.677849226347,
        19699.837090707104,
        20659.189983569915,
        21201.30055090588,
        21466.354793092712,
        21583.398732150228
    ],
    "z_normalized": [
        0.0,
        0.0076,
        0.0156,
        0.0236,
        0.0316,
        0.039599999999999996,
        0.0476,
        0.0556,
        0.0636,
        0.0716,
        0.0796
    ]
}