{
    "thrust": 0.0831333291492285,
    "discharge_current": 36.914979475805,
    "ion_velocity": [
        -2302.9501918527644,
        2124.6627715870586,
        5491.237979920348,
        11027.03468940526,
        14615.326049770232,
        17356.804499846392,
        19380.648166191375,
        20657.468908922943,
        21377.685106369336,
        21734.193542059562,
        21909.711084239803
    ],
    "z_normalized": [
        0.0,
        0.0076,
        0.0156,
        0.0236,
        0.0316,
        0.039599999999999996,
        0.0476,
        0.0556,
        0.0636,
        0.0716,
        0.0796
    ]
}