{
    "thrust": 0.08430378320890194,
    "discharge_current": 39.680244489963435,
    "ion_velocity": [
        -2284.994821997829,
        1778.9290157067182,
        3688.2516224260457,
        6944.17778374975,
        11253.842791872878,
        15279.924652916337,
        18266.47804881364,
        20118.809663436237,
        21132.52028333994,
        21627.063130376086,
        21875.53086324531
    ],
    "z_normalized": [
        0.0,
        0.0076,
        0.0156,
        0.0236,
        0.0316,
        0.039599999999999996,
        0.0476,
        0.0556,
        0.0636,
        0.0716,
        0.0796
    ]
}