{
    "thrust": 0.08761674275138756,
    "discharge_current": 24.446678388953107,
    "ion_velocity": [
        -1955.9820663796554,
        1721.6795838497412,
        5882.652746966351,
        12542.221303311297,
        15785.497833779651,
        18001.5363072603,
        19608.713680478904,
        20675.65517528491,
        21281.032482106202,
        21578.79951604342,
        21716.537748254916
    ],
    "z_normalized": [
        0.0,
        0.0076,
        0.0156,
        0.0236,
        0.0316,
        0.039599999999999996,
        0.0476,
        0.0556,
        0.0636,
        0.0716,
        0.0796
    ]
}