{
    "thrust": 0.0949631857964277,
    "discharge_current": 12.934162865144561,
    "ion_velocity": [
        -1384.893687247555,
        -22.661958874858552,
        4271.913490726966,
        11970.166525867828,
        15289.510580448867,
        17527.712517360345,
        19202.02765091909,
        20319.574470377138,
        20947.86490637611,
        21250.077416988617,
        21372.207408000162
    ],
    "z_normalized": [
        0.0,
        0.0076,
        0.0156,
        0.0236,
        0.0316,
        0.039599999999999996,
        0.0476,
        0.0556,
        0.0636,
        0.0716,
        0.0796
    ]
}