{
    "thrust": 0.09487434537385751,
    "discharge_current": 13.548990592602216,
    "ion_velocity": [
        -1420.9579467648537,
        56.80285959325062,
        4078.131197784154,
        11153.282643599134,
        14721.715767185091,
        17201.897766103662,
        19025.75491383312,
        20243.401072270615,
        20930.078197242685,
        21260.7442218808,
        21395.469886973286
    ],
    "z_normalized": [
        0.0,
        0.0076,
        0.0156,
        0.0236,
        0.0316,
        0.039599999999999996,
        0.0476,
        0.0556,
        0.0636,
        0.0716,
        0.0796
    ]
}