{
    "thrust": 0.08307116519821565,
    "discharge_current": 33.310366766998136,
    "ion_velocity": [
        -2280.1824894584356,
        2334.963002753561,
        6579.793570863541,
        13939.609136175102,
        16707.047496780306,
        18659.247464919812,
        20076.901153268773,
        21003.283024586246,
        21526.66289265474,
        21786.4724636478,
        21912.324065126984
    ],
    "z_normalized": [
        0.0,
        0.0076,
        0.0156,
        0.0236,
        0.0316,
        0.039599999999999996,
        0.0476,
        0.0556,
        0.0636,
        0.0716,
        0.0796
    ]
}