{
    "thrust": 0.07858677523878126,
    "discharge_current": 54.12858381839334,
    "ion_velocity": [
        -2641.4504476934358,
        2284.228217751578,
        4779.237986944909,
        8926.354420637264,
        12919.970454970458,
        16352.36209430918,
        18916.04061597919,
        20527.660674257255,
        21416.434432575432,
        21857.229046185334,
        22086.41827809392
    ],
    "z_normalized": [
        0.0,
        0.0076,
        0.0156,
        0.0236,
        0.0316,
        0.039599999999999996,
        0.0476,
        0.0556,
        0.0636,
        0.0716,
        0.0796
    ]
}