{
    "thrust": 0.08028105012788532,
    "discharge_current": 45.49874189786714,
    "ion_velocity": [
        -2507.2955489310007,
        2347.6441814345817,
        5585.800347193488,
        11089.96840683522,
        14599.83976338817,
        17385.446821558624,
        19450.588143153655,
        20750.96220536264,
        21479.464255845036,
        21841.318100939894,
        22025.01504981437
    ],
    "z_normalized": [
        0.0,
        0.0076,
        0.0156,
        0.0236,
        0.0316,
        0.039599999999999996,
        0.0476,
        0.0556,
        0.0636,
        0.0716,
        0.0796
    ]
}