{
    "thrust": 0.08362439206772758,
    "discharge_current": 40.57866885008727,
    "ion_velocity": [
        -2309.54820209331,
        1653.876709690323,
        3111.2599881205347,
        5623.723527192971,
        10153.492692042528,
        14622.137024617863,
        17927.404044461113,
        19974.747662540878,
        21083.979672379788,
        21624.031922355563,
        21896.432401668382
    ],
    "z_normalized": [
        0.0,
        0.0076,
        0.0156,
        0.0236,
        0.0316,
        0.039599999999999996,
        0.0476,
        0.0556,
        0.0636,
        0.0716,
        0.0796
    ]
}