{
    "thrust": 0.08878247685622451,
    "discharge_current": 23.351405274279397,
    "ion_velocity": [
        -1887.070444044725,
        1496.9756135173354,
        5246.198804253739,
        11318.328882473766,
        14841.2141959767,
        17406.263050608108,
        19265.409161405307,
        20483.30727261243,
        21176.247755916054,
        21515.939988026243,
        21671.71992634904
    ],
    "z_normalized": [
        0.0,
        0.0076,
        0.0156,
        0.0236,
        0.0316,
        0.039599999999999996,
        0.0476,
        0.0556,
        0.0636,
        0.0716,
        0.0796
    ]
}