{
    "thrust": 0.08348812237952015,
    "discharge_current": 38.23375773747833,
    "ion_velocity": [
        -2291.3435195690936,
        1960.41144439307,
        4722.332958311634,
        9258.280814382642,
        13187.594873777782,
        16461.34115575594,
        18895.57861878667,
        20417.326736647567,
        21266.40817896968,
        21685.457386206206,
        21892.742369684147
    ],
    "z_normalized": [
        0.0,
        0.0076,
        0.0156,
        0.0236,
        0.0316,
        0.039599999999999996,
        0.0476,
        0.0556,
        0.0636,
        0.0716,
        0.0796
    ]
}