{
    "thrust": 0.09566813798730667,
    "discharge_current": 5.476022638477508,
    "ion_velocity": [
        -1067.6385164637586,
        1104.7837685679337,
        1391.0572064942035,
        1310.3538728901035,
        6975.464550630911,
        11542.241914618515,
        15202.373813814582,
        17486.35918070971,
        18632.12633881226,
        19143.489823755055,
        19301.49270007404
    ],
    "z_normalized": [
        0.0,
        0.0076,
        0.0156,
        0.0236,
        0.0316,
        0.039599999999999996,
        0.0476,
        0.0556,
        0.0636,
        0.0716,
        0.0796
    ]
}