{
    "thrust": 0.0810915696724865,
    "discharge_current": 49.02539075176112,
    "ion_velocity": [
        -2488.7428205360643,
        1942.4910131443874,
        3700.647455725054,
        6660.721757642944,
        10978.63855350755,
        15136.613381884963,
        18230.49510416821,
        20161.09091215507,
        21210.934481459877,
        21725.56460679791,
        21990.520014868842
    ],
    "z_normalized": [
        0.0,
        0.0076,
        0.0156,
        0.0236,
        0.0316,
        0.039599999999999996,
        0.0476,
        0.0556,
        0.0636,
        0.0716,
        0.0796
    ]
}