{
    "thrust": 0.09214749692675077,
    "discharge_current": 21.122735975073528,
    "ion_velocity": [
        -1737.8978307774303,
        699.1336390624705,
        1848.2070616591477,
        3305.3754662292895,
        8897.581086374172,
        13915.664295526482,
        17429.125167574246,
        19564.26205799372,
        20750.15303708279,
        21315.487850401925,
        21582.457178735953
    ],
    "z_normalized": [
        0.0,
        0.0076,
        0.0156,
        0.0236,
        0.0316,
        0.039599999999999996,
        0.0476,
        0.0556,
        0.0636,
        0.0716,
        0.0796
    ]
}