{
    "thrust": 0.07994321448037532,
    "discharge_current": 47.22570597008979,
    "ion_velocity": [
        -2534.3436169700285,
        2328.117719299054,
        5393.516298727689,
        10568.778750054818,
        14213.297902820415,
        17146.734354582095,
        19326.79113956234,
        20697.81091763186,
        21463.24871190006,
        21843.38035638332,
        22037.380389595477
    ],
    "z_normalized": [
        0.0,
        0.0076,
        0.0156,
        0.0236,
        0.0316,
        0.039599999999999996,
        0.0476,
        0.0556,
        0.0636,
        0.0716,
        0.0796
    ]
}