{
    "thrust": 0.09487313823672802,
    "discharge_current": 16.496753084838847,
    "ion_velocity": [
        -1521.0263097888408,
        -46.94881927963134,
        1010.3121190412553,
        2036.026411680994,
        7989.300543055858,
        13497.459530095222,
        17141.51349020908,
        19382.258094591627,
        20620.391982654826,
        21203.079006614735,
        21471.756740681783
    ],
    "z_normalized": [
        0.0,
        0.0076,
        0.0156,
        0.0236,
        0.0316,
        0.039599999999999996,
        0.0476,
        0.0556,
        0.0636,
        0.0716,
        0.0796
    ]
}