{
    "thrust": 0.08621232617646273,
    "discharge_current": 33.95756280153057,
    "ion_velocity": [
        -2155.6015530821946,
        1434.82076726158,
        2762.927280192072,
        4963.011221406981,
        9817.927246283043,
        14411.554524550096,
        17788.651808091694,
        19866.002280247878,
        20995.086042514926,
        21542.050359062312,
        21812.736127503857
    ],
    "z_normalized": [
        0.0,
        0.0076,
        0.0156,
        0.0236,
        0.0316,
        0.039599999999999996,
        0.0476,
        0.0556,
        0.0636,
        0.0716,
        0.0796
    ]
}