{
    "thrust": 0.08266206814371668,
    "discharge_current": 44.069704838582986,
    "ion_velocity": [
        -2371.1178940905857,
        1860.1686489614726,
        3813.859759143247,
        7124.470692314913,
        11243.530840842828,
        15282.178864747075,
        18284.138621013288,
        20152.005656126916,
        21171.522783242675,
        21670.30223469884,
        21923.878252470833
    ],
    "z_normalized": [
        0.0,
        0.0076,
        0.0156,
        0.0236,
        0.0316,
        0.039599999999999996,
        0.0476,
        0.0556,
        0.0636,
        0.0716,
        0.0796
    ]
}