{
    "thrust": 0.09619059945809798,
    "discharge_current": 12.307115158949335,
    "ion_velocity": [
        -1236.379923975434,
        -220.43971267754512,
        447.73364409164816,
        1793.9496142276496,
        7737.708004226152,
        13253.020824668114,
        16972.085949023283,
        19257.372408274437,
        20490.919368772375,
        21060.737522109328,
        21314.620941862035
    ],
    "z_normalized": [
        0.0,
        0.0076,
        0.0156,
        0.0236,
        0.0316,
        0.039599999999999996,
        0.0476,
        0.0556,
        0.0636,
        0.0716,
        0.0796
    ]
}