{
    "thrust": 0.08068082608549114,
    "discharge_current": 45.03520065490122,
    "ion_velocity": [
        -2483.417564546124,
        2267.9699502015287,
        5330.648599840228,
        10443.569457978758,
        14141.57299338881,
        17092.218168462743,
        19284.552153422646,
        20662.571443016033,
        21432.70245194629,
        21814.88578146902,
        22008.581930669738
    ],
    "z_normalized": [
        0.0,
        0.0076,
        0.0156,
        0.0236,
        0.0316,
        0.039599999999999996,
        0.0476,
        0.0556,
        0.0636,
        0.0716,
        0.0796
    ]
}