{
    "thrust": 0.09555079247331076,
    "discharge_current": 10.764419330824975,
    "ion_velocity": [
        -1236.5803999230272,
        -259.0993472518559,
        4662.266362849061,
        14668.00676338307,
        17154.758059264426,
        18645.17376462177,
        19800.703748823704,
        20562.113091096973,
        20986.38598367384,
        21188.77149960613,
        21267.180482857737
    ],
    "z_normalized": [
        0.0,
        0.0076,
        0.0156,
        0.0236,
        0.0316,
        0.039599999999999996,
        0.0476,
        0.0556,
        0.0636,
        0.0716,
        0.0796
    ]
}