{
    "thrust": 0.09675045164102063,
    "discharge_current": 9.470665416528492,
    "ion_velocity": [
        -1236.5991530775202,
        -258.76679609782883,
        3800.4788619579035,
        13943.780395012756,
        16679.341860634428,
        18353.29014813344,
        19638.8949485464,
        20483.85465553027,
        20952.674538102106,
        21173.593348985272,
        21254.403103416327
    ],
    "z_normalized": [
        0.0,
        0.0076,
        0.0156,
        0.0236,
        0.0316,
        0.039599999999999996,
        0.0476,
        0.0556,
        0.0636,
        0.0716,
        0.0796
    ]
}