{
    "thrust": 0.08083504836958796,
    "discharge_current": 45.13508512532419,
    "ion_velocity": [
        -2475.3561557274575,
        2240.105697550807,
        5228.679809672823,
        10187.659739218723,
        13942.89773059486,
        16965.209505834067,
        19212.59559097557,
        20624.37228547478,
        21412.34392478085,
        21803.19654328785,
        22001.33483396858
    ],
    "z_normalized": [
        0.0,
        0.0076,
        0.0156,
        0.0236,
        0.0316,
        0.039599999999999996,
        0.0476,
        0.0556,
        0.0636,
        0.0716,
        0.0796
    ]
}