{
    "thrust": 0.0796166337140192,
    "discharge_current": 49.97098817508184,
    "ion_velocity": [
        -2564.623406662893,
        2295.506369635679,
        5115.731143961108,
        9841.965849988945,
        13558.903665568443,
        16742.082038186807,
        19112.53913511477,
        20600.982963348273,
        21426.58411577283,
        21835.570339271333,
        22046.129484564546
    ],
    "z_normalized": [
        0.0,
        0.0076,
        0.0156,
        0.0236,
        0.0316,
        0.039599999999999996,
        0.0476,
        0.0556,
        0.0636,
        0.0716,
        0.0796
    ]
}