{
    "thrust": 0.09943088565596636,
    "discharge_current": 8.939752187058184,
    "ion_velocity": [
        -1235.4019192464623,
        -234.2636078701345,
        985.0422385808042,
        3972.1687101424936,
        9286.132530243422,
        14055.270645558296,
        17402.46808297566,
        19459.68787062328,
        20540.14917192591,
        21026.648132018872,
        21231.038652634845
    ],
    "z_normalized": [
        0.0,
        0.0076,
        0.0156,
        0.0236,
        0.0316,
        0.039599999999999996,
        0.0476,
        0.0556,
        0.0636,
        0.0716,
        0.0796
    ]
}