{
    "thrust": 0.09569492363337187,
    "discharge_current": 10.899375924924628,
    "ion_velocity": [
        -1236.5458198815018,
        -267.7531621099828,
        3662.962120144486,
        12125.51454700536,
        15411.467214571103,
        17574.709942626254,
        19201.01203991573,
        20278.892314194964,
        20881.377930721967,
        21168.28046035196,
        21277.919631953537
    ],
    "z_normalized": [
        0.0,
        0.0076,
        0.0156,
        0.0236,
        0.0316,
        0.039599999999999996,
        0.0476,
        0.0556,
        0.0636,
        0.0716,
        0.0796
    ]
}