{
    "thrust": 0.09833388137628585,
    "discharge_current": 8.386774164655348,
    "ion_velocity": [
        -1236.5227195297057,
        -259.23575712122965,
        2914.5257922439314,
        13206.270769705645,
        16222.148873906519,
        18077.891722554046,
        19487.769862572895,
        20410.189852962234,
        20919.305982600803,
        21155.349903453567,
        21235.32503458208
    ],
    "z_normalized": [
        0.0,
        0.0076,
        0.0156,
        0.0236,
        0.0316,
        0.039599999999999996,
        0.0476,
        0.0556,
        0.0636,
        0.0716,
        0.0796
    ]
}