{
    "thrust": 0.08036253086912316,
    "discharge_current": 46.499306770362054,
    "ion_velocity": [
        -2507.3994922054862,
        2299.0747158542276,
        5365.163131631197,
        10536.200284685687,
        14066.665103027244,
        17052.404192220372,
        19269.70845709314,
        20662.321157609655,
        21438.538495730383,
        21822.909217866505,
        22018.8560729577
    ],
    "z_normalized": [
        0.0,
        0.0076,
        0.0156,
        0.0236,
        0.0316,
        0.039599999999999996,
        0.0476,
        0.0556,
        0.0636,
        0.0716,
        0.0796
    ]
}