{
    "thrust": 0.0809970094277177,
    "discharge_current": 43.61421242284529,
    "ion_velocity": [
        -2458.2713372341914,
        2310.9396664723545,
        5618.610398733962,
        11233.610226680295,
        14588.62776275443,
        17371.607303370318,
        19430.96577748345,
        20727.442305815013,
        21453.691854991335,
        21813.34620689414,
        21995.049972073637
    ],
    "z_normalized": [
        0.0,
        0.0076,
        0.0156,
        0.0236,
        0.0316,
        0.039599999999999996,
        0.0476,
        0.0556,
        0.0636,
        0.0716,
        0.0796
    ]
}