{
    "thrust": 0.0945754276799499,
    "discharge_current": 13.743925034884711,
    "ion_velocity": [
        -1464.850394391682,
        219.56613038285292,
        5176.981961212653,
        13478.957792407753,
        16358.02377160608,
        18185.58467402022,
        19592.32693414184,
        20531.45248029619,
        21058.928995463557,
        21313.949960482492,
        21419.513030535032
    ],
    "z_normalized": [
        0.0,
        0.0076,
        0.0156,
        0.0236,
        0.0316,
        0.039599999999999996,
        0.0476,
        0.0556,
        0.0636,
        0.0716,
        0.0796
    ]
}