{
    "thrust": 0.08704338725453009,
    "discharge_current": 32.39977849288402,
    "ion_velocity": [
        -2102.688382540632,
        1605.1588258585764,
        3762.5350904573706,
        7420.921708491313,
        11691.195753441116,
        15526.557725789346,
        18356.230552589303,
        20104.923408314364,
        21072.300055127747,
        21541.934640220534,
        21772.469021669534
    ],
    "z_normalized": [
        0.0,
        0.0076,
        0.0156,
        0.0236,
        0.0316,
        0.039599999999999996,
        0.0476,
        0.0556,
        0.0636,
        0.0716,
        0.0796
    ]
}