{
    "thrust": 0.0872757798115906,
    "discharge_current": 28.686708805985294,
    "ion_velocity": [
        -2019.6395423729775,
        1569.4350600796276,
        4390.589795191536,
        9064.124128190819,
        13020.004998607485,
        16313.333348825567,
        18745.385769216817,
        20262.63958684067,
        21119.554181266067,
        21540.072973006816,
        21738.89918463935
    ],
    "z_normalized": [
        0.0,
        0.0076,
        0.0156,
        0.0236,
        0.0316,
        0.039599999999999996,
        0.0476,
        0.0556,
        0.0636,
        0.0716,
        0.0796
    ]
}