{
    "thrust": 0.08242835820734318,
    "discharge_current": 44.66619647955651,
    "ion_velocity": [
        -2405.9057552926233,
        1980.7122987334765,
        4121.735392566307,
        7721.729351074771,
        11901.105694632892,
        15689.6944363335,
        18509.16627074404,
        20266.64279498271,
        21230.53971296629,
        21703.193721372205,
        21943.683631092277
    ],
    "z_normalized": [
        0.0,
        0.0076,
        0.0156,
        0.0236,
        0.0316,
        0.039599999999999996,
        0.0476,
        0.0556,
        0.0636,
        0.0716,
        0.0796
    ]
}