{
    "thrust": 0.09681834089523526,
    "discharge_current": 9.609506630192149,
    "ion_velocity": [
        -1236.581550234486,
        -256.493993879989,
        3410.6926323011303,
        12738.432847980537,
        15862.440557845917,
        17852.403369218384,
        19360.70054733232,
        20354.524096054756,
        20906.902054971106,
        21167.261712722146,
        21261.90730325199
    ],
    "z_normalized": [
        0.0,
        0.0076,
        0.0156,
        0.0236,
        0.0316,
        0.039599999999999996,
        0.0476,
        0.0556,
        0.0636,
        0.0716,
        0.0796
    ]
}