{
    "thrust": 0.08669678627622726,
    "discharge_current": 27.95854198166696,
    "ion_velocity": [
        -2042.6538530373484,
        1766.5322134507471,
        5329.132524770305,
        11102.001609308336,
        14674.521215273842,
        17341.04686935157,
        19289.678435084857,
        20537.754987374068,
        21246.753256634875,
        21595.645727458155,
        21760.31916365659
    ],
    "z_normalized": [
        0.0,
        0.0076,
        0.0156,
        0.0236,
        0.0316,
        0.039599999999999996,
        0.0476,
        0.0556,
        0.0636,
        0.0716,
        0.0796
    ]
}