{
    "thrust": 0.0852151544134512,
    "discharge_current": 33.82746874587003,
    "ion_velocity": [
        -2182.1200331702394,
        1850.0183785094869,
        4780.487135983915,
        9582.528540177791,
        13451.182869587326,
        16607.702710519792,
        18946.66753481397,
        20409.032940585654,
        21230.78034008838,
        21635.62046374558,
        21832.09911628243
    ],
    "z_normalized": [
        0.0,
        0.0076,
        0.0156,
        0.0236,
        0.0316,
        0.039599999999999996,
        0.0476,
        0.0556,
        0.0636,
        0.0716,
        0.0796
    ]
}