{
    "thrust": 0.09475032088669587,
    "discharge_current": 13.581289724625028,
    "ion_velocity": [
        -1438.0239371324622,
        118.69079823507461,
        4587.638048687164,
        12311.577617551133,
        15525.788387260855,
        17677.916979148886,
        19297.462964715014,
        20380.58870794909,
        20989.97185092208,
        21283.91051335495,
        21404.55380052716
    ],
    "z_normalized": [
        0.0,
        0.0076,
        0.0156,
        0.0236,
        0.0316,
        0.039599999999999996,
        0.0476,
        0.0556,
        0.0636,
        0.0716,
        0.0796
    ]
}