{
    "thrust": 0.08384968744607106,
    "discharge_current": 40.01810703311191,
    "ion_velocity": [
        -2298.196185946299,
        1630.4375469617519,
        3048.0828302425075,
        5487.872586362892,
        10065.076981203476,
        14568.420619348688,
        17897.348391871903,
        19958.078435020223,
        21074.12639043727,
        21617.20312232007,
        21890.722268881622
    ],
    "z_normalized": [
        0.0,
        0.0076,
        0.0156,
        0.0236,
        0.0316,
        0.039599999999999996,
        0.0476,
        0.0556,
        0.0636,
        0.0716,
        0.0796
    ]
}