{
    "thrust": 0.08449896531923759,
    "discharge_current": 29.263270763642197,
    "ion_velocity": [
        -2174.6858379055802,
        2237.3249826044926,
        6776.03419843409,
        14542.095096926483,
        17182.829695208522,
        18922.903168088003,
        20191.22688949536,
        21031.366019946494,
        21506.295690818126,
        21741.819986502647,
        21853.60363113659
    ],
    "z_normalized": [
        0.0,
        0.0076,
        0.0156,
        0.0236,
        0.0316,
        0.039599999999999996,
        0.0476,
        0.0556,
        0.0636,
        0.0716,
        0.0796
    ]
}