{
    "thrust": 0.08978868337463797,
    "discharge_current": 22.906627408068257,
    "ion_velocity": [
        -1834.5225491336257,
        1253.843952045961,
        4291.924303491514,
        9360.1683120995,
        13287.89540094694,
        16447.136969310162,
        18751.493615735908,
        20211.092248278957,
        21044.06525930311,
        21451.12244563727,
        21636.365003511975
    ],
    "z_normalized": [
        0.0,
        0.0076,
        0.0156,
        0.0236,
        0.0316,
        0.039599999999999996,
        0.0476,
        0.0556,
        0.0636,
        0.0716,
        0.0796
    ]
}