{
    "thrust": 0.08768151292458008,
    "discharge_current": 24.957394509028656,
    "ion_velocity": [
        -1958.8794915555768,
        1684.684841940536,
        5621.942427020867,
        11943.99454130391,
        15329.442055521431,
        17723.718818315858,
        19460.31195304435,
        20601.082252376327,
        21249.081246485926,
        21567.609988616783,
        21715.387131802887
    ],
    "z_normalized": [
        0.0,
        0.0076,
        0.0156,
        0.0236,
        0.0316,
        0.039599999999999996,
        0.0476,
        0.0556,
        0.0636,
        0.0716,
        0.0796
    ]
}