{
    "thrust": 0.08116024879030712,
    "discharge_current": 48.746461518183786,
    "ion_velocity": [
        -2480.5368511650636,
        1933.9750679245085,
        3710.2751834352453,
        6702.734364721137,
        10987.294579027739,
        15140.843801071273,
        18231.091923878957,
        20159.084657262876,
        21207.662986065698,
        21721.61499637572,
        21986.044478315693
    ],
    "z_normalized": [
        0.0,
        0.0076,
        0.0156,
        0.0236,
        0.0316,
        0.039599999999999996,
        0.0476,
        0.0556,
        0.0636,
        0.0716,
        0.0796
    ]
}