{
    "thrust": 0.08036803019383894,
    "discharge_current": 45.04137259505457,
    "ion_velocity": [
        -2500.302282158624,
        2348.562541769157,
        5620.105603113415,
        11184.854430311718,
        14674.159316154795,
        17430.828677310143,
        19473.301609826904,
        20760.21483444195,
        21481.793726792865,
        21840.241266403726,
        22021.981681136833
    ],
    "z_normalized": [
        0.0,
        0.0076,
        0.0156,
        0.0236,
        0.0316,
        0.039599999999999996,
        0.0476,
        0.0556,
        0.0636,
        0.0716,
        0.0796
    ]
}