{
    "thrust": 0.08017624042494251,
    "discharge_current": 50.64604142506029,
    "ion_velocity": [
        -2537.377571678925,
        2142.4152880480838,
        4491.756277146987,
        8383.277466964928,
        12341.887441387467,
        15979.835862182204,
        18692.426029575323,
        20390.87160069443,
        21323.51764126959,
        21783.265566778686,
        22020.564739002013
    ],
    "z_normalized": [
        0.0,
        0.0076,
        0.0156,
        0.0236,
        0.0316,
        0.039599999999999996,
        0.0476,
        0.0556,
        0.0636,
        0.0716,
        0.0796
    ]
}