{
    "thrust": 0.09086669687140977,
    "discharge_current": 20.089264741700255,
    "ion_velocity": [
        -1755.1078307263967,
        1154.0230468657558,
        4824.518703737466,
        10869.7061111734,
        14493.426932978837,
        17157.259910849767,
        19081.17357997462,
        20356.274689906146,
        21082.418920726424,
        21436.78230536944,
        21594.825987107033
    ],
    "z_normalized": [
        0.0,
        0.0076,
        0.0156,
        0.0236,
        0.0316,
        0.039599999999999996,
        0.0476,
        0.0556,
        0.0636,
        0.0716,
        0.0796
    ]
}