{
    "thrust": 0.09739652983274197,
    "discharge_current": 10.338022169996803,
    "ion_velocity": [
        -1236.419114673916,
        -247.70116359963677,
        1739.1218651111471,
        6847.682603957394,
        11676.115669683679,
        15439.14353071529,
        18055.580977547783,
        19734.04401418632,
        20678.572357744,
        21123.865748486733,
        21280.87397525689
    ],
    "z_normalized": [
        0.0,
        0.0076,
        0.0156,
        0.0236,
        0.0316,
        0.039599999999999996,
        0.0476,
        0.0556,
        0.0636,
        0.0716,
        0.0796
    ]
}