{
    "thrust": 0.08125874036410738,
    "discharge_current": 43.304339946168916,
    "ion_velocity": [
        -2442.346585468999,
        2270.9790557973542,
        5507.930139881797,
        10968.06465645521,
        14349.56273732934,
        17219.50918825666,
        19344.717248627243,
        20680.662736129096,
        21427.782930957037,
        21797.19663720201,
        21983.758260366918
    ],
    "z_normalized": [
        0.0,
        0.0076,
        0.0156,
        0.0236,
        0.0316,
        0.039599999999999996,
        0.0476,
        0.0556,
        0.0636,
        0.0716,
        0.0796
    ]
}