{
    "thrust": 0.0947469246802235,
    "discharge_current": 14.922020089553323,
    "ion_velocity": [
        -1487.6124005466431,
        200.77935771087368,
        3542.139991021349,
        9190.385848003318,
        13343.686735274767,
        16425.44946929524,
        18610.960483481835,
        20055.64938889535,
        20876.819660196026,
        21273.003292958856,
        21436.716950125032
    ],
    "z_normalized": [
        0.0,
        0.0076,
        0.0156,
        0.0236,
        0.0316,
        0.039599999999999996,
        0.0476,
        0.0556,
        0.0636,
        0.0716,
        0.0796
    ]
}