{
    "thrust": 0.0943240595533412,
    "discharge_current": 14.521067599812493,
    "ion_velocity": [
        -1520.8854590684723,
        403.721388412791,
        5301.928325628614,
        13334.434466133105,
        16268.01821296756,
        18140.943203398627,
        19579.25222073975,
        20541.80329760449,
        21083.258053612124,
        21345.61161587475,
        21455.613483930767
    ],
    "z_normalized": [
        0.0,
        0.0076,
        0.0156,
        0.0236,
        0.0316,
        0.039599999999999996,
        0.0476,
        0.0556,
        0.0636,
        0.0716,
        0.0796
    ]
}