{
    "thrust": 0.03846471148940554,
    "discharge_current": 3.104495484854364,
    "ion_velocity": [
        -1178.3489605821942,
        1414.3053774411962,
        4308.01640286904,
        8365.22718889362,
        8833.364945379884,
        6808.936210646955,
        6631.172670263175,
        9212.36367890012,
        11640.171695279138,
        12496.612283278404,
        12397.640570687017
    ],
    "z_normalized": [
        0.0,
        0.0076,
        0.0156,
        0.0236,
        0.0316,
        0.039599999999999996,
        0.0476,
        0.0556,
        0.0636,
        0.0716,
        0.0796
    ]
}