{
    "thrust": 0.09034930488977079,
    "discharge_current": 21.376882344839462,
    "ion_velocity": [
        -1791.8371298737607,
        1205.2043584449489,
        4563.576786781971,
        10132.712430049925,
        13910.099121850424,
        16816.38882899497,
        18920.94906406074,
        20284.670792999466,
        21062.91156947653,
        21442.941138990795,
        21614.046809711133
    ],
    "z_normalized": [
        0.0,
        0.0076,
        0.0156,
        0.0236,
        0.0316,
        0.039599999999999996,
        0.0476,
        0.0556,
        0.0636,
        0.0716,
        0.0796
    ]
}