{
    "thrust": 0.10099228849436986,
    "discharge_current": 7.148679397258768,
    "ion_velocity": [
        -1235.9481326223445,
        -265.77521561993717,
        2007.5882829627587,
        13092.35386232606,
        16207.323197620399,
        18069.20991755693,
        19474.93195900066,
        20386.103975728824,
        20883.566949980624,
        21106.762795030347,
        21173.368994768472
    ],
    "z_normalized": [
        0.0,
        0.0076,
        0.0156,
        0.0236,
        0.0316,
        0.039599999999999996,
        0.0476,
        0.0556,
        0.0636,
        0.0716,
        0.0796
    ]
}