{
    "thrust": 0.08077512243134745,
    "discharge_current": 43.95759860128756,
    "ion_velocity": [
        -2472.729562386948,
        2307.210059138198,
        5549.6252382901885,
        11016.65388383547,
        14578.441457708757,
        17365.161871399894,
        19430.51281324469,
        20731.177526653293,
        21460.704306074706,
        21822.986903703662,
        22005.977385963946
    ],
    "z_normalized": [
        0.0,
        0.0076,
        0.0156,
        0.0236,
        0.0316,
        0.039599999999999996,
        0.0476,
        0.0556,
        0.0636,
        0.0716,
        0.0796
    ]
}