{
    "thrust": 0.09638989357366358,
    "discharge_current": 10.957265180418826,
    "ion_velocity": [
        -1236.4646562364776,
        -255.9368797731905,
        2315.8941452031213,
        8233.19588730153,
        12689.874608979706,
        16003.938501563724,
        18344.863622373483,
        19868.956408882997,
        20727.07796166747,
        21134.06938543204,
        21284.18510429398
    ],
    "z_normalized": [
        0.0,
        0.0076,
        0.0156,
        0.0236,
        0.0316,
        0.039599999999999996,
        0.0476,
        0.0556,
        0.0636,
        0.0716,
        0.0796
    ]
}