{
    "thrust": 0.08416927191012402,
    "discharge_current": 37.008663935503485,
    "ion_velocity": [
        -2256.0007681019574,
        1907.5307747145935,
        4638.283277625335,
        9124.747362250431,
        13074.185008785049,
        16384.75712827442,
        18845.644866295315,
        20382.570266080664,
        21240.483158875973,
        21663.508401193485,
        21871.651378033614
    ],
    "z_normalized": [
        0.0,
        0.0076,
        0.0156,
        0.0236,
        0.0316,
        0.039599999999999996,
        0.0476,
        0.0556,
        0.0636,
        0.0716,
        0.0796
    ]
}