{
    "thrust": 0.08134859740230282,
    "discharge_current": 44.08514097727018,
    "ion_velocity": [
        -2441.2400299422197,
        2227.755142032082,
        5303.091692958634,
        10452.305574462736,
        13931.563742912876,
        16956.96597890851,
        19201.45165298544,
        20609.499748240076,
        21394.365652005577,
        21781.949277808555,
        21978.27070375925
    ],
    "z_normalized": [
        0.0,
        0.0076,
        0.0156,
        0.0236,
        0.0316,
        0.039599999999999996,
        0.0476,
        0.0556,
        0.0636,
        0.0716,
        0.0796
    ]
}