{
    "thrust": 0.07791279212167272,
    "discharge_current": 57.847531639984425,
    "ion_velocity": [
        -2696.6083619156275,
        2278.421901788437,
        4527.41492977869,
        8244.326922831608,
        12359.694192954308,
        16011.314227261444,
        18740.715950288097,
        20457.199501727628,
        21399.317827788946,
        21866.060668086855,
        22110.8498825421
    ],
    "z_normalized": [
        0.0,
        0.0076,
        0.0156,
        0.0236,
        0.0316,
        0.039599999999999996,
        0.0476,
        0.0556,
        0.0636,
        0.0716,
        0.0796
    ]
}