{
    "thrust": 0.08182951106394384,
    "discharge_current": 38.390906885708276,
    "ion_velocity": [
        -2384.34980212516,
        2352.7536948065763,
        6144.154409427223,
        12664.712794489042,
        15798.304661728187,
        18115.85101685062,
        19813.506666426263,
        20898.60505388297,
        21511.495176686378,
        21815.981367768458,
        21966.718213156124
    ],
    "z_normalized": [
        0.0,
        0.0076,
        0.0156,
        0.0236,
        0.0316,
        0.039599999999999996,
        0.0476,
        0.0556,
        0.0636,
        0.0716,
        0.0796
    ]
}