{
    "thrust": 0.09843486237149819,
    "discharge_current": 8.544193391504734,
    "ion_velocity": [
        -1236.481531069102,
        -258.3039823253992,
        2434.874648963713,
        11332.619028542762,
        14943.924349927469,
        17310.02063744994,
        19066.999341297982,
        20216.84823607945,
        20853.41641595027,
        21148.665883585858,
        21247.05878054127
    ],
    "z_normalized": [
        0.0,
        0.0076,
        0.0156,
        0.0236,
        0.0316,
        0.039599999999999996,
        0.0476,
        0.0556,
        0.0636,
        0.0716,
        0.0796
    ]
}