{
    "thrust": 0.08070334699498369,
    "discharge_current": 49.69622597367213,
    "ion_velocity": [
        -2505.6118631605577,
        2039.7010846322512,
        4124.674927814849,
        7601.404659152291,
        11695.324238814152,
        15576.82034533599,
        18469.071449684972,
        20276.78272451433,
        21264.764511871537,
        21750.385710955852,
        22000.625448848943
    ],
    "z_normalized": [
        0.0,
        0.0076,
        0.0156,
        0.0236,
        0.0316,
        0.039599999999999996,
        0.0476,
        0.0556,
        0.0636,
        0.0716,
        0.0796
    ]
}