{
    "thrust": 0.08115817023730758,
    "discharge_current": 48.45223003468077,
    "ion_velocity": [
        -2474.610402779716,
        2008.7607874774135,
        4096.5766392227315,
        7580.8262711808975,
        11659.071215024302,
        15549.75061251264,
        18447.702992325223,
        20257.4706277697,
        21246.83887328078,
        21732.73726759892,
        21982.387031474333
    ],
    "z_normalized": [
        0.0,
        0.0076,
        0.0156,
        0.0236,
        0.0316,
        0.039599999999999996,
        0.0476,
        0.0556,
        0.0636,
        0.0716,
        0.0796
    ]
}