{
    "thrust": 0.09481870490543048,
    "discharge_current": 15.401207265830294,
    "ion_velocity": [
        -1493.428332407162,
        179.51623102727476,
        3066.8689900140694,
        7802.943767030604,
        12342.001363208656,
        15863.316130932015,
        18312.68417695315,
        19907.955282622126,
        20818.920911283287,
        21258.51791460001,
        21440.15107031661
    ],
    "z_normalized": [
        0.0,
        0.0076,
        0.0156,
        0.0236,
        0.0316,
        0.039599999999999996,
        0.0476,
        0.0556,
        0.0636,
        0.0716,
        0.0796
    ]
}