{
    "thrust": 0.0796315407140831,
    "discharge_current": 51.20981474726777,
    "ion_velocity": [
        -2569.55714323443,
        2233.2490473216685,
        4804.469058399657,
        9077.515431277483,
        12930.052556848324,
        16350.129520478415,
        18900.101217661377,
        20499.445643365387,
        21381.82147250204,
        21818.016513170052,
        22043.409434115783
    ],
    "z_normalized": [
        0.0,
        0.0076,
        0.0156,
        0.0236,
        0.0316,
        0.039599999999999996,
        0.0476,
        0.0556,
        0.0636,
        0.0716,
        0.0796
    ]
}