{
    "thrust": 0.09868962941711297,
    "discharge_current": 9.39336889383426,
    "ion_velocity": [
        -1236.3590616039785,
        -250.58299382531877,
        1519.4783508643254,
        6886.473235653623,
        11732.282143220702,
        15470.534289908528,
        18080.573471067954,
        19751.70380621579,
        20687.14450340129,
        21123.75899117458,
        21268.888375187296
    ],
    "z_normalized": [
        0.0,
        0.0076,
        0.0156,
        0.0236,
        0.0316,
        0.039599999999999996,
        0.0476,
        0.0556,
        0.0636,
        0.0716,
        0.0796
    ]
}