{
    "thrust": 0.08574715071995986,
    "discharge_current": 30.421518270763087,
    "ion_velocity": [
        -2119.8838193229626,
        1885.44518856798,
        5396.870175431117,
        11091.347695174423,
        14667.611590711456,
        17353.08174855195,
        19322.352742238978,
        20575.632907837542,
        21286.430954881995,
        21636.8501920983,
        21804.38786222373
    ],
    "z_normalized": [
        0.0,
        0.0076,
        0.0156,
        0.0236,
        0.0316,
        0.039599999999999996,
        0.0476,
        0.0556,
        0.0636,
        0.0716,
        0.0796
    ]
}