{
    "thrust": 0.09922560183532636,
    "discharge_current": 8.192058216651679,
    "ion_velocity": [
        -1236.368087254638,
        -259.87533619319913,
        2013.3257948697194,
        10421.9273035914,
        14332.530983415674,
        16952.739161339046,
        18874.996760732065,
        20127.119721442235,
        20819.32368612824,
        21137.82351535198,
        21239.25444839896
    ],
    "z_normalized": [
        0.0,
        0.0076,
        0.0156,
        0.0236,
        0.0316,
        0.039599999999999996,
        0.0476,
        0.0556,
        0.0636,
        0.0716,
        0.0796
    ]
}