{
    "thrust": 0.08482130634970918,
    "discharge_current": 38.42699594821293,
    "ion_velocity": [
        -2256.8450129669905,
        1684.7825528481312,
        3392.445287971545,
        6317.259460396317,
        10759.33227154944,
        14979.267692746927,
        18103.398198302497,
        20036.83780844274,
        21091.346163793794,
        21604.73607675894,
        21861.877619267943
    ],
    "z_normalized": [
        0.0,
        0.0076,
        0.0156,
        0.0236,
        0.0316,
        0.039599999999999996,
        0.0476,
        0.0556,
        0.0636,
        0.0716,
        0.0796
    ]
}