{
    "thrust": 0.08574711864153621,
    "discharge_current": 34.78638705710831,
    "ion_velocity": [
        -2183.3655750556995,
        1431.0119487206962,
        2648.1534710564833,
        4665.40658007641,
        9582.312216551962,
        14275.288331316755,
        17724.18700267964,
        19846.82804945282,
        20997.45954407585,
        21554.962336504654,
        21831.719328486924
    ],
    "z_normalized": [
        0.0,
        0.0076,
        0.0156,
        0.0236,
        0.0316,
        0.039599999999999996,
        0.0476,
        0.0556,
        0.0636,
        0.0716,
        0.0796
    ]
}