{
    "thrust": 0.0861279711368882,
    "discharge_current": 25.96111217976417,
    "ion_velocity": [
        -2049.0781966209393,
        2001.0699388522376,
        6567.681688258835,
        14048.186355718859,
        16882.110397020846,
        18698.815935294486,
        20026.565880942086,
        20912.784071237154,
        21414.33092213213,
        21662.17060429877,
        21777.773927969156
    ],
    "z_normalized": [
        0.0,
        0.0076,
        0.0156,
        0.0236,
        0.0316,
        0.039599999999999996,
        0.0476,
        0.0556,
        0.0636,
        0.0716,
        0.0796
    ]
}