{
    "thrust": 0.09431274328403859,
    "discharge_current": 14.834521902651346,
    "ion_velocity": [
        -1547.0178732265051,
        501.79811218128697,
        5433.078123759802,
        13445.832383221223,
        16353.930687094284,
        18198.793746078594,
        19618.532770287748,
        20568.981989803568,
        21103.784029044407,
        21363.174194757736,
        21472.47206710524
    ],
    "z_normalized": [
        0.0,
        0.0076,
        0.0156,
        0.0236,
        0.0316,
        0.039599999999999996,
        0.0476,
        0.0556,
        0.0636,
        0.0716,
        0.0796
    ]
}