{
    "thrust": 0.08556635358154042,
    "discharge_current": 31.554823875898503,
    "ion_velocity": [
        -2141.2779034315363,
        1881.528174812433,
        5220.912787955229,
        10646.06010425795,
        14314.016641906614,
        17137.170791356155,
        19215.37390737976,
        20528.12360748496,
        21271.421891835245,
        21637.836294817855,
        21813.948694216488
    ],
    "z_normalized": [
        0.0,
        0.0076,
        0.0156,
        0.0236,
        0.0316,
        0.039599999999999996,
        0.0476,
        0.0556,
        0.0636,
        0.0716,
        0.0796
    ]
}