{
    "thrust": 0.09104299226979456,
    "discharge_current": 22.35573585533622,
    "ion_velocity": [
        -1783.1566361441899,
        741.1138202924507,
        1655.4432479157197,
        2759.5707636076418,
        8540.210266691422,
        13695.999589859252,
        17334.212159642728,
        19538.49527125069,
        20755.836776411987,
        21337.388408777097,
        21613.70797522921
    ],
    "z_normalized": [
        0.0,
        0.0076,
        0.0156,
        0.0236,
        0.0316,
        0.039599999999999996,
        0.0476,
        0.0556,
        0.0636,
        0.0716,
        0.0796
    ]
}