{
    "thrust": 0.09489969403310808,
    "discharge_current": 13.748472060523614,
    "ion_velocity": [
        -1425.6966196741146,
        56.9017669660747,
        3827.7440660084917,
        10438.263852317536,
        14225.482836695122,
        16915.832738473255,
        18867.402452168135,
        20167.043778805535,
        20901.50195840511,
        21255.10414701534,
        21399.120224824957
    ],
    "z_normalized": [
        0.0,
        0.0076,
        0.0156,
        0.0236,
        0.0316,
        0.039599999999999996,
        0.0476,
        0.0556,
        0.0636,
        0.0716,
        0.0796
    ]
}