{
    "thrust": 0.09879677838218566,
    "discharge_current": 9.239349235756558,
    "ion_velocity": [
        -1236.3558912682022,
        -251.88947569105835,
        1555.3965829099814,
        7172.31379642426,
        11952.870645420287,
        15593.435110703535,
        18145.556417393767,
        19783.144369936963,
        20698.62559631236,
        21125.207248167048,
        21266.001118689877
    ],
    "z_normalized": [
        0.0,
        0.0076,
        0.0156,
        0.0236,
        0.0316,
        0.039599999999999996,
        0.0476,
        0.0556,
        0.0636,
        0.0716,
        0.0796
    ]
}