{
    "thrust": 0.09330921853943991,
    "discharge_current": 19.624947088279654,
    "ion_velocity": [
        -1682.7640069557838,
        635.7423129718934,
        2083.1976088546107,
        4068.0880895291925,
        9440.755182869627,
        14245.44217893311,
        17568.34298222064,
        19612.589705367343,
        20751.6219710746,
        21293.033450128736,
        21546.71333644446
    ],
    "z_normalized": [
        0.0,
        0.0076,
        0.0156,
        0.0236,
        0.0316,
        0.039599999999999996,
        0.0476,
        0.0556,
        0.0636,
        0.0716,
        0.0796
    ]
}