{
    "thrust": 0.10399543512844628,
    "discharge_current": 6.413530088977442,
    "ion_velocity": [
        -1189.9243050787281,
        -21.189613885180027,
        1539.7053634539318,
        12007.581575633249,
        15491.140698732792,
        17592.734935235956,
        19162.192940724548,
        20171.331553292785,
        20716.53254423214,
        20950.829171045614,
        21011.303216555894
    ],
    "z_normalized": [
        0.0,
        0.0076,
        0.0156,
        0.0236,
        0.0316,
        0.039599999999999996,
        0.0476,
        0.0556,
        0.0636,
        0.0716,
        0.0796
    ]
}