{
    "thrust": 0.09887855983983648,
    "discharge_current": 8.771072926495135,
    "ion_velocity": [
        -1236.3767679406812,
        -255.35835906672148,
        1781.7260300218136,
        8569.847654329315,
        12997.802853406221,
        16182.86137135913,
        18458.864228447103,
        19932.63869174618,
        20752.65820106225,
        21132.880767448947,
        21256.51692114389
    ],
    "z_normalized": [
        0.0,
        0.0076,
        0.0156,
        0.0236,
        0.0316,
        0.039599999999999996,
        0.0476,
        0.0556,
        0.0636,
        0.0716,
        0.0796
    ]
}