{
    "thrust": 3.674681311078229e-13,
    "discharge_current": 7.888087257174132e-12,
    "ion_velocity": [
        -1238.182109430321,
        2555.7515462038514,
        4643.748102172045,
        7977.492114503793,
        15872.27434917223,
        11777.926229954823,
        4909.49188835141,
        3265.624663724987,
        3065.422197288409,
        2748.2644902147354,
        2245.4260364924544
    ],
    "z_normalized": [
        0.0,
        0.0076,
        0.0156,
        0.0236,
        0.0316,
        0.039599999999999996,
        0.0476,
        0.0556,
        0.0636,
        0.0716,
        0.0796
    ]
}