{
    "thrust": 0.09479703067995539,
    "discharge_current": 12.608495011592625,
    "ion_velocity": [
        -1391.668381960626,
        22.12422932350704,
        5417.345640080525,
        14665.257160141144,
        17175.787965467487,
        18684.21211117006,
        19859.647586137224,
        20638.26708331828,
        21074.13844855096,
        21284.26539049705,
        21369.642939244244
    ],
    "z_normalized": [
        0.0,
        0.0076,
        0.0156,
        0.0236,
        0.0316,
        0.039599999999999996,
        0.0476,
        0.0556,
        0.0636,
        0.0716,
        0.0796
    ]
}