{
    "thrust": 0.08371800118002545,
    "discharge_current": 31.9637948578816,
    "ion_velocity": [
        -2240.4190390830745,
        2261.8077505310544,
        6489.497577100711,
        13684.371559704781,
        16587.925393268037,
        18575.146216917186,
        20017.865912875714,
        20962.382537738682,
        21496.763071139965,
        21761.890477898392,
        21889.503738424533
    ],
    "z_normalized": [
        0.0,
        0.0076,
        0.0156,
        0.0236,
        0.0316,
        0.039599999999999996,
        0.0476,
        0.0556,
        0.0636,
        0.0716,
        0.0796
    ]
}