{
    "thrust": 0.0992389998373947,
    "discharge_current": 8.295478663091458,
    "ion_velocity": [
        -1236.3568471574495,
        -258.94971751419786,
        1911.6515518724818,
        9826.181833383116,
        13912.141128165878,
        16708.242300727557,
        18742.785459014387,
        20065.88399510674,
        20798.41481497939,
        21135.84092195482,
        21243.23611874041
    ],
    "z_normalized": [
        0.0,
        0.0076,
        0.0156,
        0.0236,
        0.0316,
        0.039599999999999996,
        0.0476,
        0.0556,
        0.0636,
        0.0716,
        0.0796
    ]
}