{
    "thrust": 0.0930650211842119,
    "discharge_current": 17.031422528007443,
    "ion_velocity": [
        -1636.1560115966108,
        806.8400997064633,
        4806.854119475937,
        11433.871425665433,
        14923.357265942735,
        17365.292217571878,
        19158.045586991793,
        20365.55065444661,
        21050.236963658997,
        21382.969521849074,
        21526.640294433884
    ],
    "z_normalized": [
        0.0,
        0.0076,
        0.0156,
        0.0236,
        0.0316,
        0.039599999999999996,
        0.0476,
        0.0556,
        0.0636,
        0.0716,
        0.0796
    ]
}