{
    "thrust": 0.09703193264488405,
    "discharge_current": 9.40738464371556,
    "ion_velocity": [
        -1236.5824494829992,
        -255.4119421384631,
        3407.657423303662,
        12992.878450850287,
        16040.166673020856,
        17961.2702420089,
        19421.622503505077,
        20382.69174106617,
        20916.23446261419,
        21167.22726294756,
        21257.76252955962
    ],
    "z_normalized": [
        0.0,
        0.0076,
        0.0156,
        0.0236,
        0.0316,
        0.039599999999999996,
        0.0476,
        0.0556,
        0.0636,
        0.0716,
        0.0796
    ]
}