{
    "thrust": 0.08008071751938706,
    "discharge_current": 46.66565289510005,
    "ion_velocity": [
        -2524.1156384076976,
        2325.2493238007205,
        5421.298111771642,
        10647.821143601745,
        14278.478834774234,
        17185.745471103073,
        19345.380884014652,
        20703.934145083545,
        21463.097997068406,
        21840.132745952036,
        22032.244460165333
    ],
    "z_normalized": [
        0.0,
        0.0076,
        0.0156,
        0.0236,
        0.0316,
        0.039599999999999996,
        0.0476,
        0.0556,
        0.0636,
        0.0716,
        0.0796
    ]
}