{
    "thrust": 0.09769815197549843,
    "discharge_current": 9.180282653599981,
    "ion_velocity": [
        -1236.5325923390617,
        -252.3284726434198,
        2621.521950291125,
        10944.315355065712,
        14652.037778672116,
        17135.438405570807,
        18968.356354721604,
        20171.28075948507,
        20840.061201431236,
        21152.97028625816,
        21261.430277633244
    ],
    "z_normalized": [
        0.0,
        0.0076,
        0.0156,
        0.0236,
        0.0316,
        0.039599999999999996,
        0.0476,
        0.0556,
        0.0636,
        0.0716,
        0.0796
    ]
}