{
    "thrust": 0.09896867729315473,
    "discharge_current": 8.44663914230856,
    "ion_velocity": [
        -1236.3904421477976,
        -257.79579870440574,
        1961.5645680841515,
        9750.027676306892,
        13851.41896064396,
        16672.81845717852,
        18722.824806408364,
        20056.782990041254,
        20796.241966348487,
        21137.82416357907,
        21247.94050435558
    ],
    "z_normalized": [
        0.0,
        0.0076,
        0.0156,
        0.0236,
        0.0316,
        0.039599999999999996,
        0.0476,
        0.0556,
        0.0636,
        0.0716,
        0.0796
    ]
}