{
    "thrust": 0.09927202154008682,
    "discharge_current": 8.4638124217399,
    "ion_velocity": [
        -1236.2050569286628,
        -237.00615597539445,
        191.55332760795903,
        1205.789059967814,
        7062.574834860476,
        12780.966125630488,
        16765.082077189632,
        19181.502535432774,
        20441.0451704054,
        21003.04557124272,
        21236.94898067632
    ],
    "z_normalized": [
        0.0,
        0.0076,
        0.0156,
        0.0236,
        0.0316,
        0.039599999999999996,
        0.0476,
        0.0556,
        0.0636,
        0.0716,
        0.0796
    ]
}