{
    "thrust": 0.09634980146502425,
    "discharge_current": 11.28349980075551,
    "ion_velocity": [
        -1236.4218554014356,
        -252.98988814525154,
        2002.9198312608962,
        7070.146982358323,
        11825.120067548212,
        15520.646315455851,
        18089.517568914544,
        19744.513029448986,
        20679.44709821921,
        21123.420987591537,
        21287.53240262759
    ],
    "z_normalized": [
        0.0,
        0.0076,
        0.0156,
        0.0236,
        0.0316,
        0.039599999999999996,
        0.0476,
        0.0556,
        0.0636,
        0.0716,
        0.0796
    ]
}