{
    "thrust": 0.08788662985618338,
    "discharge_current": 27.19816118509697,
    "ion_velocity": [
        -1972.9466730922752,
        1491.73456788422,
        4331.125597461462,
        9046.76260491404,
        13009.59479587023,
        16299.736355683,
        18724.625290995093,
        20238.44270534152,
        21095.68477359117,
        21515.928829114328,
        21712.862653280677
    ],
    "z_normalized": [
        0.0,
        0.0076,
        0.0156,
        0.0236,
        0.0316,
        0.039599999999999996,
        0.0476,
        0.0556,
        0.0636,
        0.0716,
        0.0796
    ]
}