{
    "thrust": 0.0899775563148799,
    "discharge_current": 19.94907492893821,
    "ion_velocity": [
        -1789.8526101952446,
        1383.1849493987313,
        5967.862838398285,
        13221.246461161456,
        16279.295510349513,
        18227.77648021013,
        19684.873420338114,
        20668.796198232718,
        21225.615377803715,
        21498.400470107234,
        21620.55295312318
    ],
    "z_normalized": [
        0.0,
        0.0076,
        0.0156,
        0.0236,
        0.0316,
        0.039599999999999996,
        0.0476,
        0.0556,
        0.0636,
        0.0716,
        0.0796
    ]
}