{
    "thrust": 0.06893857589426047,
    "discharge_current": 5.072294315604157,
    "ion_velocity": [
        -1263.8448999929271,
        968.177057786502,
        3907.4584334204856,
        8371.379542935809,
        11744.339569457099,
        14523.71986880175,
        16747.90706011292,
        18239.9287357708,
        19058.088538236083,
        19449.18808251537,
        19548.639618588717
    ],
    "z_normalized": [
        0.0,
        0.0076,
        0.0156,
        0.0236,
        0.0316,
        0.039599999999999996,
        0.0476,
        0.0556,
        0.0636,
        0.0716,
        0.0796
    ]
}