{
    "thrust": 0.10182465117058132,
    "discharge_current": 6.854732707369395,
    "ion_velocity": [
        -1235.4986880274141,
        -254.91430560567707,
        1886.1295976500985,
        13463.616479206916,
        16471.934606156403,
        18227.094243168307,
        19553.011979247694,
        20409.767217419037,
        20875.557620519165,
        21082.02027385167,
        21141.636467506225
    ],
    "z_normalized": [
        0.0,
        0.0076,
        0.0156,
        0.0236,
        0.0316,
        0.039599999999999996,
        0.0476,
        0.0556,
        0.0636,
        0.0716,
        0.0796
    ]
}