{
    "thrust": 0.0918860613106487,
    "discharge_current": 18.903757348067217,
    "ion_velocity": [
        -1700.9718472568793,
        975.1021478131803,
        4484.401166833101,
        10351.044258297396,
        14107.303545917055,
        16910.098633069814,
        18928.95933880744,
        20266.337767785408,
        21028.67914509694,
        21399.81813978755,
        21563.010129718816
    ],
    "z_normalized": [
        0.0,
        0.0076,
        0.0156,
        0.0236,
        0.0316,
        0.039599999999999996,
        0.0476,
        0.0556,
        0.0636,
        0.0716,
        0.0796
    ]
}