{
    "thrust": 0.08907820435851792,
    "discharge_current": 24.48752007609799,
    "ion_velocity": [
        -1885.5069807870593,
        1339.0476838381917,
        4253.673608204308,
        9113.090571237592,
        13077.855416263008,
        16327.663184746443,
        18710.022525654575,
        20205.155770158362,
        21056.274591320598,
        21472.681652460993,
        21664.36157502731
    ],
    "z_normalized": [
        0.0,
        0.0076,
        0.0156,
        0.0236,
        0.0316,
        0.039599999999999996,
        0.0476,
        0.0556,
        0.0636,
        0.0716,
        0.0796
    ]
}