{
    "thrust": 0.1003711618806533,
    "discharge_current": 9.576268676317282,
    "ion_velocity": [
        -1236.1638832786043,
        -235.3718724863685,
        380.45458182620354,
        2067.116898657618,
        7905.683018757755,
        13297.89313791335,
        17026.20057471809,
        19305.83515494275,
        20507.3945450648,
        21050.140840798544,
        21281.207007527748
    ],
    "z_normalized": [
        0.0,
        0.0076,
        0.0156,
        0.0236,
        0.0316,
        0.039599999999999996,
        0.0476,
        0.0556,
        0.0636,
        0.0716,
        0.0796
    ]
}