{
    "thrust": 0.09315265583535665,
    "discharge_current": 16.02503260139585,
    "ion_velocity": [
        -1621.6971610215755,
        839.3762026889182,
        5978.665336240538,
        14074.819766160383,
        16826.806603357873,
        18504.602893126365,
        19810.518154325582,
        20684.459886650144,
        21176.577221475396,
        21416.283169046732,
        21519.24145336303
    ],
    "z_normalized": [
        0.0,
        0.0076,
        0.0156,
        0.0236,
        0.0316,
        0.039599999999999996,
        0.0476,
        0.0556,
        0.0636,
        0.0716,
        0.0796
    ]
}