{
    "thrust": 0.08639103578334045,
    "discharge_current": 26.159230930425913,
    "ion_velocity": [
        -2037.9085543014598,
        1937.5444667935642,
        6331.516332471651,
        13437.805792798372,
        16447.377712968613,
        18430.47336619101,
        19872.059294446575,
        20831.125711961136,
        21374.393562009984,
        21642.5535992422,
        21767.843203251647
    ],
    "z_normalized": [
        0.0,
        0.0076,
        0.0156,
        0.0236,
        0.0316,
        0.039599999999999996,
        0.0476,
        0.0556,
        0.0636,
        0.0716,
        0.0796
    ]
}