{
    "thrust": 0.08575571102939869,
    "discharge_current": 25.97835299358838,
    "ion_velocity": [
        -2068.3857192336645,
        2087.0637586857606,
        6838.500728742123,
        14771.76154512119,
        17372.886305101085,
        19002.80288897602,
        20206.895608803727,
        21009.3101051588,
        21462.96433560716,
        21687.466651326642,
        21792.104127937713
    ],
    "z_normalized": [
        0.0,
        0.0076,
        0.0156,
        0.0236,
        0.0316,
        0.039599999999999996,
        0.0476,
        0.0556,
        0.0636,
        0.0716,
        0.0796
    ]
}