{
    "thrust": 0.05305848414350489,
    "discharge_current": 4.008345752350424,
    "ion_velocity": [
        -1241.9469688401036,
        1175.6964710327684,
        4750.93492077342,
        10252.46853358941,
        12785.128312321265,
        13859.482477849675,
        14082.389636796835,
        15010.483942937584,
        15719.555887263732,
        16114.330614736198,
        16211.846417418341
    ],
    "z_normalized": [
        0.0,
        0.0076,
        0.0156,
        0.0236,
        0.0316,
        0.039599999999999996,
        0.0476,
        0.0556,
        0.0636,
        0.0716,
        0.0796
    ]
}