{
    "thrust": 0.08992463803239215,
    "discharge_current": 25.394380635137924,
    "ion_velocity": [
        -1890.0844805792624,
        1105.1762119131683,
        2641.146677640727,
        5031.801846382088,
        10051.31872277674,
        14539.892628165073,
        17791.158585606798,
        19778.39408220697,
        20878.0578011997,
        21406.461089825927,
        21660.24187058765
    ],
    "z_normalized": [
        0.0,
        0.0076,
        0.0156,
        0.0236,
        0.0316,
        0.039599999999999996,
        0.0476,
        0.0556,
        0.0636,
        0.0716,
        0.0796
    ]
}