{
    "thrust": 0.08093812733159952,
    "discharge_current": 48.96002100319402,
    "ion_velocity": [
        -2489.085756275514,
        2027.918547006243,
        4133.474480594465,
        7647.24104814138,
        11720.529284439297,
        15589.893009444062,
        18472.554771382376,
        20273.550322917345,
        21258.412638700236,
        21742.34256671123,
        21991.28595602021
    ],
    "z_normalized": [
        0.0,
        0.0076,
        0.0156,
        0.0236,
        0.0316,
        0.039599999999999996,
        0.0476,
        0.0556,
        0.0636,
        0.0716,
        0.0796
    ]
}