{
    "thrust": 0.07939980201664697,
    "discharge_current": 50.48532654416877,
    "ion_velocity": [
        -2579.0869943153252,
        2309.125404012464,
        5125.485442306712,
        9852.490076377637,
        13586.756150097455,
        16761.689306267665,
        19126.51276578536,
        20612.014125498827,
        21436.1023146309,
        21844.601074998372,
        22055.18300191001
    ],
    "z_normalized": [
        0.0,
        0.0076,
        0.0156,
        0.0236,
        0.0316,
        0.039599999999999996,
        0.0476,
        0.0556,
        0.0636,
        0.0716,
        0.0796
    ]
}