{
    "thrust": 0.10179484395430914,
    "discharge_current": 7.889200083976831,
    "ion_velocity": [
        -1235.663719011025,
        -261.8007364322032,
        1163.8338805240062,
        7186.456183914619,
        12023.448162129773,
        15625.247369198778,
        18169.243476732976,
        19793.728870289397,
        20692.110584967468,
        21099.75241063933,
        21217.43355316664
    ],
    "z_normalized": [
        0.0,
        0.0076,
        0.0156,
        0.0236,
        0.0316,
        0.039599999999999996,
        0.0476,
        0.0556,
        0.0636,
        0.0716,
        0.0796
    ]
}