{
    "thrust": 0.09086824817016625,
    "discharge_current": 20.774336225808536,
    "ion_velocity": [
        -1762.5775911703583,
        1105.097131221797,
        4291.55886627508,
        9623.111813489171,
        13521.700870897434,
        16575.510533715584,
        18785.615693160675,
        20209.319839298765,
        21022.728068604494,
        21419.421356234525,
        21596.768355350803
    ],
    "z_normalized": [
        0.0,
        0.0076,
        0.0156,
        0.0236,
        0.0316,
        0.039599999999999996,
        0.0476,
        0.0556,
        0.0636,
        0.0716,
        0.0796
    ]
}