{
    "thrust": 0.08624687857624246,
    "discharge_current": 33.33227971027173,
    "ion_velocity": [
        -2136.5073723064584,
        1355.7958391033824,
        2539.72248201131,
        4473.688340982733,
        9450.15324828935,
        14191.51959378849,
        17670.528392648324,
        19807.91216623995,
        20967.10808046871,
        21528.065546958376,
        21805.272780471656
    ],
    "z_normalized": [
        0.0,
        0.0076,
        0.0156,
        0.0236,
        0.0316,
        0.039599999999999996,
        0.0476,
        0.0556,
        0.0636,
        0.0716,
        0.0796
    ]
}