{
    "thrust": 0.0910838171534049,
    "discharge_current": 17.785652474567904,
    "ion_velocity": [
        -1716.3750517419435,
        1221.8854019624782,
        6430.286690617758,
        14531.607908959895,
        17185.392971043402,
        18750.915719402106,
        19974.020874309295,
        20792.39512493799,
        21253.835044254054,
        21479.668509881103,
        21578.79612573011
    ],
    "z_normalized": [
        0.0,
        0.0076,
        0.0156,
        0.0236,
        0.0316,
        0.039599999999999996,
        0.0476,
        0.0556,
        0.0636,
        0.0716,
        0.0796
    ]
}