{
    "thrust": 0.0845345034814872,
    "discharge_current": 29.12558555001579,
    "ion_velocity": [
        -2171.1093096778886,
        2240.767203555999,
        6810.112142899963,
        14646.818273909284,
        17249.14381986093,
        18962.71090599825,
        20212.669160579764,
        21041.00320192218,
        21509.165676698765,
        21741.324851369256,
        21851.40634879891
    ],
    "z_normalized": [
        0.0,
        0.0076,
        0.0156,
        0.0236,
        0.0316,
        0.039599999999999996,
        0.0476,
        0.0556,
        0.0636,
        0.0716,
        0.0796
    ]
}