{
    "thrust": 0.013212570730807931,
    "discharge_current": 0.41652257139053356,
    "ion_velocity": [
        -298.9606029300876,
        932.2861856760285,
        1911.1801824327633,
        1924.0740714140422,
        3410.0456213174994,
        1412.2745410757755,
        2431.223672560204,
        3381.2424275035473,
        4087.9048905025816,
        4391.4625005832,
        4565.729785488445
    ],
    "z_normalized": [
        0.0,
        0.0076,
        0.0156,
        0.0236,
        0.0316,
        0.039599999999999996,
        0.0476,
        0.0556,
        0.0636,
        0.0716,
        0.0796
    ]
}