{
    "thrust": 0.08088904675326625,
    "discharge_current": 47.317764945623196,
    "ion_velocity": [
        -2482.427019016248,
        2155.4625055116535,
        4781.850418200602,
        9152.775115071276,
        12917.08917703845,
        16329.896650031946,
        18870.988870544286,
        20461.339962269307,
        21339.582432251675,
        21772.533459353086,
        21994.075566128366
    ],
    "z_normalized": [
        0.0,
        0.0076,
        0.0156,
        0.0236,
        0.0316,
        0.039599999999999996,
        0.0476,
        0.0556,
        0.0636,
        0.0716,
        0.0796
    ]
}