{
    "thrust": 0.08597680143617349,
    "discharge_current": 33.97653799382874,
    "ion_velocity": [
        -2157.8669665351977,
        1389.4689726707584,
        2595.6779990531354,
        4585.760918488951,
        9521.813486060877,
        14237.090252483235,
        17699.11330104499,
        19827.782099596126,
        20982.08920264452,
        21541.006967567893,
        21817.778237868653
    ],
    "z_normalized": [
        0.0,
        0.0076,
        0.0156,
        0.0236,
        0.0316,
        0.039599999999999996,
        0.0476,
        0.0556,
        0.0636,
        0.0716,
        0.0796
    ]
}