{
    "thrust": 0.08532973790077433,
    "discharge_current": 27.88882639506075,
    "ion_velocity": [
        -2114.5984336155175,
        2107.100960639692,
        6581.713860550444,
        14021.996616453605,
        16855.07098011793,
        18704.174285200017,
        20049.346314493272,
        20942.468225994977,
        21447.915778606268,
        21698.094292565835,
        21816.017850008422
    ],
    "z_normalized": [
        0.0,
        0.0076,
        0.0156,
        0.0236,
        0.0316,
        0.039599999999999996,
        0.0476,
        0.0556,
        0.0636,
        0.0716,
        0.0796
    ]
}