{
    "thrust": 0.08134805528372739,
    "discharge_current": 46.25245005035203,
    "ion_velocity": [
        -2453.753075823165,
        2033.820461320889,
        4329.651976794123,
        8106.068837124719,
        12223.52116284003,
        15886.47686373524,
        18621.807847911045,
        20334.20479661034,
        21276.37007164049,
        21741.734267007025,
        21978.22406199675
    ],
    "z_normalized": [
        0.0,
        0.0076,
        0.0156,
        0.0236,
        0.0316,
        0.039599999999999996,
        0.0476,
        0.0556,
        0.0636,
        0.0716,
        0.0796
    ]
}