{
    "thrust": 0.06508725089411721,
    "discharge_current": 5.2701156556111926,
    "ion_velocity": [
        -1266.2673935453183,
        928.6189819763656,
        3663.825952364879,
        7717.257477325273,
        11296.609023375704,
        14339.569942824708,
        16709.322530175872,
        18324.624361943523,
        19195.786228305657,
        19585.011033875548,
        19711.56508074064
    ],
    "z_normalized": [
        0.0,
        0.0076,
        0.0156,
        0.0236,
        0.0316,
        0.039599999999999996,
        0.0476,
        0.0556,
        0.0636,
        0.0716,
        0.0796
    ]
}