{
    "thrust": 0.06698937878313782,
    "discharge_current": 5.4442575305253005,
    "ion_velocity": [
        -1268.1164106600238,
        887.1383756704219,
        3723.4724697528413,
        8122.792061659742,
        11834.957941607618,
        14837.400490023809,
        17171.809736377363,
        18700.482050008035,
        19584.380320832588,
        19977.313317878823,
        20120.49649289673
    ],
    "z_normalized": [
        0.0,
        0.0076,
        0.0156,
        0.0236,
        0.0316,
        0.039599999999999996,
        0.0476,
        0.0556,
        0.0636,
        0.0716,
        0.0796
    ]
}