{
    "thrust": 0.08337174680792878,
    "discharge_current": 36.01769788472797,
    "ion_velocity": [
        -2283.319963622387,
        2112.173418449826,
        5536.77329026185,
        11161.840562304855,
        14721.640547665858,
        17420.02128150342,
        19409.59636762318,
        20666.184760057942,
        21375.835201658676,
        21727.017246833566,
        21899.24183417712
    ],
    "z_normalized": [
        0.0,
        0.0076,
        0.0156,
        0.0236,
        0.0316,
        0.039599999999999996,
        0.0476,
        0.0556,
        0.0636,
        0.0716,
        0.0796
    ]
}