{
    "thrust": 0.08292036956925522,
    "discharge_current": 43.0478477454857,
    "ion_velocity": [
        -2357.3794007502556,
        1739.0290616135724,
        3297.0081233939727,
        5977.414139971059,
        10394.907519389159,
        14769.273835372434,
        18011.85132618567,
        20025.07613359431,
        21116.90753260426,
        21649.53897481911,
        21919.89481856064
    ],
    "z_normalized": [
        0.0,
        0.0076,
        0.0156,
        0.0236,
        0.0316,
        0.039599999999999996,
        0.0476,
        0.0556,
        0.0636,
        0.0716,
        0.0796
    ]
}