{
    "thrust": 2.9483259143970293e-13,
    "discharge_current": 1.1215716550859394e-11,
    "ion_velocity": [
        -1238.1675781336942,
        1982.8165583724349,
        3288.266680308773,
        4485.233063147627,
        9042.986980583099,
        13162.094034428565,
        16155.441672205108,
        17496.375961460435,
        17924.447422517078,
        17885.202055801263,
        17645.73183335918
    ],
    "z_normalized": [
        0.0,
        0.0076,
        0.0156,
        0.0236,
        0.0316,
        0.039599999999999996,
        0.0476,
        0.0556,
        0.0636,
        0.0716,
        0.0796
    ]
}