{
    "thrust": 0.08664735370815521,
    "discharge_current": 30.436171984322563,
    "ion_velocity": [
        -2070.5453170368633,
        1638.3566278433057,
        4391.210103443409,
        8948.701624953284,
        12922.807763150331,
        16261.71043352328,
        18733.180928471,
        20272.589541524092,
        21138.64058668466,
        21564.026642256995,
        21767.000207940288
    ],
    "z_normalized": [
        0.0,
        0.0076,
        0.0156,
        0.0236,
        0.0316,
        0.039599999999999996,
        0.0476,
        0.0556,
        0.0636,
        0.0716,
        0.0796
    ]
}