{
    "thrust": 0.07904917012939093,
    "discharge_current": 52.40687515155857,
    "ion_velocity": [
        -2607.121020902277,
        2298.8939239660144,
        4965.381656667759,
        9419.61273178795,
        13258.248567304556,
        16559.804773487063,
        19021.961198148063,
        20568.634562646395,
        21423.94659305936,
        21847.84351747408,
        22067.418729414
    ],
    "z_normalized": [
        0.0,
        0.0076,
        0.0156,
        0.0236,
        0.0316,
        0.039599999999999996,
        0.0476,
        0.0556,
        0.0636,
        0.0716,
        0.0796
    ]
}