{
    "thrust": 0.09835106438306654,
    "discharge_current": 9.282580330890259,
    "ion_velocity": [
        -1236.4072755660452,
        -251.91840593617772,
        1769.7073502084493,
        7893.339441470278,
        12485.978775511718,
        15892.512774954586,
        18301.16686278281,
        19856.454752046007,
        20725.450449495514,
        21131.007744188722,
        21266.806226972167
    ],
    "z_normalized": [
        0.0,
        0.0076,
        0.0156,
        0.0236,
        0.0316,
        0.039599999999999996,
        0.0476,
        0.0556,
        0.0636,
        0.0716,
        0.0796
    ]
}