{
    "thrust": 0.08967567632662884,
    "discharge_current": 22.155478437933432,
    "ion_velocity": [
        -1831.4385249703003,
        1336.2060007408809,
        4902.205618232927,
        10743.681025831766,
        14388.929815300715,
        17116.09485122544,
        19091.661029578532,
        20380.98943423614,
        21115.613632830074,
        21474.96055917722,
        21638.095383757405
    ],
    "z_normalized": [
        0.0,
        0.0076,
        0.0156,
        0.0236,
        0.0316,
        0.039599999999999996,
        0.0476,
        0.0556,
        0.0636,
        0.0716,
        0.0796
    ]
}