{
    "thrust": 0.05240304757206881,
    "discharge_current": 3.4885652059660672,
    "ion_velocity": [
        -1196.9316186623619,
        1292.5101826530074,
        4190.193065543145,
        8879.282132756663,
        11098.527292252864,
        10391.75896241518,
        10016.513368240892,
        11116.25101472476,
        12255.0569711445,
        12798.23627541793,
        12810.238586756537
    ],
    "z_normalized": [
        0.0,
        0.0076,
        0.0156,
        0.0236,
        0.0316,
        0.039599999999999996,
        0.0476,
        0.0556,
        0.0636,
        0.0716,
        0.0796
    ]
}