{
    "thrust": 0.09102033420018663,
    "discharge_current": 23.090119961674503,
    "ion_velocity": [
        -1825.8093801266407,
        1151.2483822341883,
        3329.393741208928,
        6863.466293291482,
        11478.629584194343,
        15382.457758667408,
        18197.455155505602,
        19948.36929519721,
        20927.014126827024,
        21396.492330357894,
        21619.34288988679
    ],
    "z_normalized": [
        0.0,
        0.0076,
        0.0156,
        0.0236,
        0.0316,
        0.039599999999999996,
        0.0476,
        0.0556,
        0.0636,
        0.0716,
        0.0796
    ]
}