{
    "thrust": 0.08964148680087544,
    "discharge_current": 25.992111208027495,
    "ion_velocity": [
        -1912.1989875808374,
        1198.883730953524,
        2958.3292853171456,
        5781.679573233037,
        10590.287104646104,
        14857.637528879988,
        17960.861263580406,
        19863.31763094433,
        20918.43944262504,
        21426.181278570974,
        21670.374256690877
    ],
    "z_normalized": [
        0.0,
        0.0076,
        0.0156,
        0.0236,
        0.0316,
        0.039599999999999996,
        0.0476,
        0.0556,
        0.0636,
        0.0716,
        0.0796
    ]
}