{
    "thrust": 0.0835223932453949,
    "discharge_current": 40.84059245735834,
    "ion_velocity": [
        -2315.4278389181322,
        1662.1439112486546,
        3123.034363827089,
        5641.528610913785,
        10166.06059867669,
        14630.032424312241,
        17932.4948248681,
        19978.60539164508,
        21087.190578092872,
        21627.027702576317,
        21899.52350251306
    ],
    "z_normalized": [
        0.0,
        0.0076,
        0.0156,
        0.0236,
        0.0316,
        0.039599999999999996,
        0.0476,
        0.0556,
        0.0636,
        0.0716,
        0.0796
    ]
}