{
    "thrust": 0.09882148863312136,
    "discharge_current": 10.583641693665522,
    "ion_velocity": [
        -1236.1955881208658,
        -239.95605192969694,
        680.5898754376258,
        2712.183552606417,
        8364.328027820318,
        13571.180854302776,
        17147.779027182933,
        19349.101467596873,
        20521.00261660369,
        21055.823517802615,
        21287.9750902144
    ],
    "z_normalized": [
        0.0,
        0.0076,
        0.0156,
        0.0236,
        0.0316,
        0.039599999999999996,
        0.0476,
        0.0556,
        0.0636,
        0.0716,
        0.0796
    ]
}