{
    "thrust": 0.06306705469090049,
    "discharge_current": 5.293424619226516,
    "ion_velocity": [
        -1263.527313932925,
        1039.722658222484,
        3674.08988435234,
        6926.979952837391,
        9902.168408661337,
        13249.075200337162,
        15259.025101544401,
        16695.59315994352,
        17687.78074575293,
        18146.539066905334,
        18233.296539771247
    ],
    "z_normalized": [
        0.0,
        0.0076,
        0.0156,
        0.0236,
        0.0316,
        0.039599999999999996,
        0.0476,
        0.0556,
        0.0636,
        0.0716,
        0.0796
    ]
}