{
    "thrust": 0.08867067349640657,
    "discharge_current": 27.549881193281898,
    "ion_velocity": [
        -1963.3624953457434,
        1112.0899277431934,
        2239.305687530408,
        3921.312651218925,
        9204.934342924364,
        14043.546671174385,
        17555.88422548921,
        19698.290232362408,
        20870.237135279087,
        21434.317571783584,
        21707.75940890133
    ],
    "z_normalized": [
        0.0,
        0.0076,
        0.0156,
        0.0236,
        0.0316,
        0.039599999999999996,
        0.0476,
        0.0556,
        0.0636,
        0.0716,
        0.0796
    ]
}