{
    "thrust": 0.08574539187665169,
    "discharge_current": 33.5173251462898,
    "ion_velocity": [
        -2150.3054448860858,
        1711.6031790704437,
        4250.386121392265,
        8465.759590921913,
        12515.925043849442,
        16021.996395754726,
        18626.02927706312,
        20246.09186022814,
        21150.214983870257,
        21594.719469021584,
        21809.983339417853
    ],
    "z_normalized": [
        0.0,
        0.0076,
        0.0156,
        0.0236,
        0.0316,
        0.039599999999999996,
        0.0476,
        0.0556,
        0.0636,
        0.0716,
        0.0796
    ]
}