{
    "thrust": 0.08232847027999511,
    "discharge_current": 36.51203440628643,
    "ion_velocity": [
        -2345.335253667541,
        2337.910839497782,
        6262.128398232935,
        13008.246155516365,
        16063.419012414664,
        18273.357169858533,
        19886.586907084493,
        20924.792973316347,
        21511.628367773323,
        21803.124304170073,
        21946.33206310403
    ],
    "z_normalized": [
        0.0,
        0.0076,
        0.0156,
        0.0236,
        0.0316,
        0.039599999999999996,
        0.0476,
        0.0556,
        0.0636,
        0.0716,
        0.0796
    ]
}