{
    "thrust": 0.04675642559495235,
    "discharge_current": 3.322080460482537,
    "ion_velocity": [
        -1185.573147679329,
        1319.7134962648254,
        4068.7907683553494,
        8816.493103326387,
        10675.731845230443,
        9626.01070635589,
        9707.502109473295,
        11041.6619138979,
        12536.853861854614,
        13111.846806551652,
        13122.69825383524
    ],
    "z_normalized": [
        0.0,
        0.0076,
        0.0156,
        0.0236,
        0.0316,
        0.039599999999999996,
        0.0476,
        0.0556,
        0.0636,
        0.0716,
        0.0796
    ]
}