{
    "thrust": 0.08249669551007051,
    "discharge_current": 44.614947089614866,
    "ion_velocity": [
        -2385.4665191692857,
        1819.2471236922913,
        3558.361589790438,
        6524.439585279525,
        10796.590382463226,
        15013.484165647003,
        18145.322728920386,
        20093.252344679528,
        21152.00661560508,
        21669.495558087474,
        21933.037315803536
    ],
    "z_normalized": [
        0.0,
        0.0076,
        0.0156,
        0.0236,
        0.0316,
        0.039599999999999996,
        0.0476,
        0.0556,
        0.0636,
        0.0716,
        0.0796
    ]
}