{
    "thrust": 0.09757383176456805,
    "discharge_current": 10.281438400547886,
    "ion_velocity": [
        -1236.4084449798888,
        -247.3758577345761,
        1659.5741970459164,
        6636.879323709606,
        11517.547585730275,
        15351.44362713298,
        18010.981052372743,
        19713.17875028593,
        20671.028613793427,
        21122.27515455595,
        21280.445585171004
    ],
    "z_normalized": [
        0.0,
        0.0076,
        0.0156,
        0.0236,
        0.0316,
        0.039599999999999996,
        0.0476,
        0.0556,
        0.0636,
        0.0716,
        0.0796
    ]
}