{
    "thrust": 0.08610843228270897,
    "discharge_current": 31.407703339055317,
    "ion_velocity": [
        -2109.4722589540456,
        1744.4146777086237,
        4693.554403131329,
        9530.207738986592,
        13404.819663296132,
        16565.88636805861,
        18903.744450712966,
        20366.036324933728,
        21190.378838898567,
        21595.89725142816,
        21790.514353090082
    ],
    "z_normalized": [
        0.0,
        0.0076,
        0.0156,
        0.0236,
        0.0316,
        0.039599999999999996,
        0.0476,
        0.0556,
        0.0636,
        0.0716,
        0.0796
    ]
}