{
    "thrust": 0.08021905506274811,
    "discharge_current": 46.584925756412034,
    "ion_velocity": [
        -2515.738420635053,
        2321.788243183986,
        5434.448214251847,
        10704.090409985756,
        14219.955814324447,
        17149.472988230646,
        19324.145493370885,
        20691.207836240545,
        21454.22556294553,
        21832.430093920277,
        22025.261062751128
    ],
    "z_normalized": [
        0.0,
        0.0076,
        0.0156,
        0.0236,
        0.0316,
        0.039599999999999996,
        0.0476,
        0.0556,
        0.0636,
        0.0716,
        0.0796
    ]
}