{
    "thrust": 0.08219928758561502,
    "discharge_current": 37.54076975495707,
    "ion_velocity": [
        -2359.1059633222803,
        2308.544629226805,
        6069.873504095235,
        12467.371745381866,
        15685.446976784942,
        18039.81072460775,
        19765.15198037729,
        20866.95528775244,
        21489.743991300493,
        21799.003251571165,
        21951.562236071775
    ],
    "z_normalized": [
        0.0,
        0.0076,
        0.0156,
        0.0236,
        0.0316,
        0.039599999999999996,
        0.0476,
        0.0556,
        0.0636,
        0.0716,
        0.0796
    ]
}