{
    "thrust": 0.08733602874586573,
    "discharge_current": 26.97569080939527,
    "ion_velocity": [
        -1998.8781485255786,
        1656.7755031470585,
        5069.212439523548,
        10625.94464275213,
        14294.553931847408,
        17096.933683651467,
        19147.151139904676,
        20453.91505730292,
        21196.899975020493,
        21561.92273770568,
        21733.15752662632
    ],
    "z_normalized": [
        0.0,
        0.0076,
        0.0156,
        0.0236,
        0.0316,
        0.039599999999999996,
        0.0476,
        0.0556,
        0.0636,
        0.0716,
        0.0796
    ]
}