{
    "thrust": 0.08119397068840707,
    "discharge_current": 44.56746475444954,
    "ion_velocity": [
        -2453.1319271289035,
        2174.9340680658697,
        5021.193897912943,
        9712.22566112276,
        13566.013770967083,
        16725.227079685435,
        19077.249687119005,
        20552.678552819845,
        21374.009395792466,
        21780.897608645682,
        21986.748438416576
    ],
    "z_normalized": [
        0.0,
        0.0076,
        0.0156,
        0.0236,
        0.0316,
        0.039599999999999996,
        0.0476,
        0.0556,
        0.0636,
        0.0716,
        0.0796
    ]
}