{
    "thrust": 0.07950274621249874,
    "discharge_current": 49.167017352738924,
    "ion_velocity": [
        -2567.601745007206,
        2335.359053418851,
        5294.599428115191,
        10291.818770628612,
        13967.750582261666,
        16998.456660302832,
        19253.379493162694,
        20671.08213023888,
        21460.39498926249,
        21852.205031639933,
        22053.393843016907
    ],
    "z_normalized": [
        0.0,
        0.0076,
        0.0156,
        0.0236,
        0.0316,
        0.039599999999999996,
        0.0476,
        0.0556,
        0.0636,
        0.0716,
        0.0796
    ]
}