{
    "thrust": 0.09517076495032957,
    "discharge_current": 12.377257009480983,
    "ion_velocity": [
        -1338.9088719044576,
        -123.59056071359116,
        4043.741422737051,
        11807.8907120906,
        15179.69918747299,
        17454.29914849441,
        19151.958667958235,
        20282.930638160564,
        20918.104970242737,
        21222.858926629448,
        21344.253730313114
    ],
    "z_normalized": [
        0.0,
        0.0076,
        0.0156,
        0.0236,
        0.0316,
        0.039599999999999996,
        0.0476,
        0.0556,
        0.0636,
        0.0716,
        0.0796
    ]
}