{
    "thrust": 0.09675083141161711,
    "discharge_current": 10.263045973748563,
    "ion_velocity": [
        -1236.5141529211426,
        -253.7489446053609,
        2590.888697138847,
        9641.788257986176,
        13712.062546248846,
        16586.09495734471,
        18661.514111354652,
        20023.277548387385,
        20785.86514614338,
        21146.140699700114,
        21276.793886225394
    ],
    "z_normalized": [
        0.0,
        0.0076,
        0.0156,
        0.0236,
        0.0316,
        0.039599999999999996,
        0.0476,
        0.0556,
        0.0636,
        0.0716,
        0.0796
    ]
}