{
    "thrust": 0.09211287928414143,
    "discharge_current": 18.846649518220087,
    "ion_velocity": [
        -1690.9923464042638,
        916.0766112046756,
        4197.148658223511,
        9703.388308766185,
        13635.126116139678,
        16628.152341278597,
        18779.313711852636,
        20188.73619317069,
        20993.56327409979,
        21385.081226736627,
        21556.68423507363
    ],
    "z_normalized": [
        0.0,
        0.0076,
        0.0156,
        0.0236,
        0.0316,
        0.039599999999999996,
        0.0476,
        0.0556,
        0.0636,
        0.0716,
        0.0796
    ]
}