{
    "thrust": 0.0989718614027698,
    "discharge_current": 8.084914697152502,
    "ion_velocity": [
        -1236.4350307010247,
        -262.197921744162,
        2463.9649321815546,
        12353.8837615677,
        15660.195551094333,
        17738.681614360597,
        19301.945560989207,
        20322.98354544493,
        20885.79089538713,
        21144.930255864103,
        21229.401667560793
    ],
    "z_normalized": [
        0.0,
        0.0076,
        0.0156,
        0.0236,
        0.0316,
        0.039599999999999996,
        0.0476,
        0.0556,
        0.0636,
        0.0716,
        0.0796
    ]
}