{
    "thrust": 0.09655354820758336,
    "discharge_current": 9.711085592574792,
    "ion_velocity": [
        -1236.591755344798,
        -260.0525399744225,
        3705.8463590733654,
        13404.227526906154,
        16308.918865557818,
        18123.501351752147,
        19510.808535164473,
        20424.62199753219,
        20932.409000837535,
        21172.201699021258,
        21260.471339358548
    ],
    "z_normalized": [
        0.0,
        0.0076,
        0.0156,
        0.0236,
        0.0316,
        0.039599999999999996,
        0.0476,
        0.0556,
        0.0636,
        0.0716,
        0.0796
    ]
}