{
    "thrust": 0.09362598334085818,
    "discharge_current": 15.690613633057458,
    "ion_velocity": [
        -1603.3943822941058,
        753.5989016996812,
        5824.599738918542,
        13879.815863431782,
        16680.98477975895,
        18410.69583118506,
        19752.673438509082,
        20651.06924645357,
        21156.865538420105,
        21402.93080216817,
        21508.0656023854
    ],
    "z_normalized": [
        0.0,
        0.0076,
        0.0156,
        0.0236,
        0.0316,
        0.039599999999999996,
        0.0476,
        0.0556,
        0.0636,
        0.0716,
        0.0796
    ]
}