{
    "thrust": 0.09032988649790985,
    "discharge_current": 22.61968770993325,
    "ion_velocity": [
        -1805.6476603219708,
        1103.879566581491,
        3644.550107448087,
        7890.966349784382,
        12166.898763794507,
        15764.499181265663,
        18394.48980260174,
        20028.648156017174,
        20959.162395243347,
        21413.171923380036,
        21618.42445109722
    ],
    "z_normalized": [
        0.0,
        0.0076,
        0.0156,
        0.0236,
        0.0316,
        0.039599999999999996,
        0.0476,
        0.0556,
        0.0636,
        0.0716,
        0.0796
    ]
}