{
    "thrust": 0.0833725728935526,
    "discharge_current": 32.305637702948445,
    "ion_velocity": [
        -2256.0969558172105,
        2316.515494764541,
        6631.735722629492,
        14095.827473576386,
        16835.031622105755,
        18732.34588794371,
        20109.69474824627,
        21013.058486833965,
        21523.576628616494,
        21776.97563271732,
        21899.122151813717
    ],
    "z_normalized": [
        0.0,
        0.0076,
        0.0156,
        0.0236,
        0.0316,
        0.039599999999999996,
        0.0476,
        0.0556,
        0.0636,
        0.0716,
        0.0796
    ]
}