{
    "thrust": 0.09682215387051027,
    "discharge_current": 9.998283041415801,
    "ion_velocity": [
        -1236.5401566790895,
        -254.1674670077453,
        2825.0373498473045,
        10614.342520648754,
        14397.87499562217,
        16982.997470983926,
        18879.239800694482,
        20127.550330915295,
        20824.64579329071,
        21153.585133323602,
        21272.605250323275
    ],
    "z_normalized": [
        0.0,
        0.0076,
        0.0156,
        0.0236,
        0.0316,
        0.039599999999999996,
        0.0476,
        0.0556,
        0.0636,
        0.0716,
        0.0796
    ]
}