{
    "thrust": 0.09033598880447577,
    "discharge_current": 21.793085646838673,
    "ion_velocity": [
        -1796.9738831190275,
        1176.3440863374683,
        4275.368749707679,
        9453.594115956053,
        13375.458544543651,
        16493.774720716403,
        18759.523856044652,
        20205.06608393985,
        21030.78771677428,
        21433.883217747094,
        21615.67316648236
    ],
    "z_normalized": [
        0.0,
        0.0076,
        0.0156,
        0.0236,
        0.0316,
        0.039599999999999996,
        0.0476,
        0.0556,
        0.0636,
        0.0716,
        0.0796
    ]
}