{
    "thrust": 0.08748517711170244,
    "discharge_current": 24.358748273113203,
    "ion_velocity": [
        -1961.208196317301,
        1766.7439787348208,
        6103.085986645217,
        13014.259143350966,
        16137.831770757422,
        18216.930390749443,
        19728.435401490842,
        20737.268549384407,
        21309.129613042787,
        21590.652813448272,
        21720.804659524816
    ],
    "z_normalized": [
        0.0,
        0.0076,
        0.0156,
        0.0236,
        0.0316,
        0.039599999999999996,
        0.0476,
        0.0556,
        0.0636,
        0.0716,
        0.0796
    ]
}