{
    "thrust": 0.0809273778234679,
    "discharge_current": 46.88882901113895,
    "ion_velocity": [
        -2479.4113082249332,
        2109.088513851218,
        4589.435126476591,
        8662.604174641398,
        12701.253533062156,
        16187.99146562091,
        18790.607190961524,
        20421.739703780022,
        21322.532553952096,
        21768.13954928201,
        21995.144675524913
    ],
    "z_normalized": [
        0.0,
        0.0076,
        0.0156,
        0.0236,
        0.0316,
        0.039599999999999996,
        0.0476,
        0.0556,
        0.0636,
        0.0716,
        0.0796
    ]
}