{
    "thrust": 0.07841041111182617,
    "discharge_current": 54.98201563454135,
    "ion_velocity": [
        -2655.1997455930155,
        2283.3045239741796,
        4721.845419528596,
        8771.120158099162,
        12793.500087169572,
        16275.410598511915,
        18876.690637154803,
        20512.17281773628,
        21413.270522188526,
        21860.108444179903,
        22092.951403575673
    ],
    "z_normalized": [
        0.0,
        0.0076,
        0.0156,
        0.0236,
        0.0316,
        0.039599999999999996,
        0.0476,
        0.0556,
        0.0636,
        0.0716,
        0.0796
    ]
}