{
    "thrust": 0.09230038339360404,
    "discharge_current": 20.88949236495509,
    "ion_velocity": [
        -1729.283835545832,
        679.025773789267,
        1832.561648183412,
        3285.2470978115584,
        8884.0565521088,
        13913.017563554751,
        17424.35795975616,
        19559.436454375664,
        20745.77820538345,
        21311.05123946554,
        21577.71485067416
    ],
    "z_normalized": [
        0.0,
        0.0076,
        0.0156,
        0.0236,
        0.0316,
        0.039599999999999996,
        0.0476,
        0.0556,
        0.0636,
        0.0716,
        0.0796
    ]
}