{
    "thrust": 0.08200821135250495,
    "discharge_current": 40.65843749107775,
    "ion_velocity": [
        -2387.861066518061,
        2204.311031081276,
        5447.890216855462,
        10818.733962484606,
        14446.094272659273,
        17265.952883850154,
        19354.250865492537,
        20668.710753773103,
        21407.255206448368,
        21773.383952161264,
        21956.206885017556
    ],
    "z_normalized": [
        0.0,
        0.0076,
        0.0156,
        0.0236,
        0.0316,
        0.039599999999999996,
        0.0476,
        0.0556,
        0.0636,
        0.0716,
        0.0796
    ]
}