{
    "thrust": 0.08360484804419926,
    "discharge_current": 40.54730528595794,
    "ion_velocity": [
        -2311.7375528878533,
        1650.1059148367447,
        3080.1434504763574,
        5542.835366977816,
        10106.460750859918,
        14594.625243160584,
        17913.680675045212,
        19969.39048557036,
        21082.838328472524,
        21624.8762908397,
        21898.2943511005
    ],
    "z_normalized": [
        0.0,
        0.0076,
        0.0156,
        0.0236,
        0.0316,
        0.039599999999999996,
        0.0476,
        0.0556,
        0.0636,
        0.0716,
        0.0796
    ]
}