{
    "thrust": 0.0812876183914631,
    "discharge_current": 46.15735335967248,
    "ion_velocity": [
        -2454.9913696394724,
        2129.8561279253036,
        4771.51453354401,
        9168.948908038932,
        12909.192214828254,
        16320.837369654253,
        18859.90146459129,
        20448.03107725898,
        21325.517159445146,
        21757.731237400567,
        21978.245601408427
    ],
    "z_normalized": [
        0.0,
        0.0076,
        0.0156,
        0.0236,
        0.0316,
        0.039599999999999996,
        0.0476,
        0.0556,
        0.0636,
        0.0716,
        0.0796
    ]
}