{
    "thrust": 0.0840847860986565,
    "discharge_current": 39.60192056845036,
    "ion_velocity": [
        -2283.274409107642,
        1627.865416062058,
        3108.840692968992,
        5663.001707075546,
        10172.885021340893,
        14630.833062483933,
        17926.50231087745,
        19966.154474846677,
        21072.302590585725,
        21610.551944292994,
        21881.291701067443
    ],
    "z_normalized": [
        0.0,
        0.0076,
        0.0156,
        0.0236,
        0.0316,
        0.039599999999999996,
        0.0476,
        0.0556,
        0.0636,
        0.0716,
        0.0796
    ]
}