{
    "thrust": 0.06304492871889389,
    "discharge_current": 4.048572728815353,
    "ion_velocity": [
        -1242.6345253854904,
        1173.2152778314999,
        4724.282580379053,
        10189.850211129953,
        12681.9350218022,
        13849.692148855194,
        14238.637453760457,
        15152.975644379665,
        15904.440368044437,
        16245.22312628965,
        16337.606618896421
    ],
    "z_normalized": [
        0.0,
        0.0076,
        0.0156,
        0.0236,
        0.0316,
        0.039599999999999996,
        0.0476,
        0.0556,
        0.0636,
        0.0716,
        0.0796
    ]
}