{
    "thrust": 0.09834377603956569,
    "discharge_current": 8.922224459913288,
    "ion_velocity": [
        -1236.4464466315178,
        -254.83559446300643,
        2052.5722305242734,
        9358.849483887001,
        13555.264419693433,
        16500.958172617047,
        18626.990905879888,
        20011.362146217205,
        20781.639411161483,
        21140.04725272532,
        21259.456765884475
    ],
    "z_normalized": [
        0.0,
        0.0076,
        0.0156,
        0.0236,
        0.0316,
        0.039599999999999996,
        0.0476,
        0.0556,
        0.0636,
        0.0716,
        0.0796
    ]
}