{
    "thrust": 0.08889833067047549,
    "discharge_current": 20.128003159391653,
    "ion_velocity": [
        -1838.1462802225055,
        1639.672344414426,
        6928.828637105961,
        15309.417194348584,
        17738.372765014592,
        19140.89686428884,
        20228.93773649223,
        20953.618258445385,
        21362.570890620864,
        21563.787398825138,
        21653.885300651826
    ],
    "z_normalized": [
        0.0,
        0.0076,
        0.0156,
        0.0236,
        0.0316,
        0.039599999999999996,
        0.0476,
        0.0556,
        0.0636,
        0.0716,
        0.0796
    ]
}