{
    "thrust": 0.0822590206517813,
    "discharge_current": 44.452944888986295,
    "ion_velocity": [
        -2393.7451954608327,
        1982.992823974284,
        4313.646262827799,
        8219.186833500033,
        12112.08402955806,
        15818.051688116744,
        18575.541883932226,
        20294.935610416138,
        21239.692438443064,
        21703.213671227386,
        21938.862747701212
    ],
    "z_normalized": [
        0.0,
        0.0076,
        0.0156,
        0.0236,
        0.0316,
        0.039599999999999996,
        0.0476,
        0.0556,
        0.0636,
        0.0716,
        0.0796
    ]
}