{
    "thrust": 0.08129666068148014,
    "discharge_current": 42.51990320733725,
    "ion_velocity": [
        -2436.1626093526875,
        2303.2212862016236,
        5678.055156736785,
        11409.103572456008,
        14707.163066290259,
        17442.481181675994,
        19464.0332586172,
        20737.622415297606,
        21451.78285923389,
        21805.27498580229,
        21983.21757445283
    ],
    "z_normalized": [
        0.0,
        0.0076,
        0.0156,
        0.0236,
        0.0316,
        0.039599999999999996,
        0.0476,
        0.0556,
        0.0636,
        0.0716,
        0.0796
    ]
}