{
    "thrust": 0.08873650864347216,
    "discharge_current": 21.618950063910727,
    "ion_velocity": [
        -1867.1790582064762,
        1605.6400340690743,
        6255.274873985924,
        13598.014587059357,
        16560.479793599,
        18432.091653757678,
        19822.380982944534,
        20758.84947233799,
        21288.821506759636,
        21549.22765245059,
        21667.39804467912
    ],
    "z_normalized": [
        0.0,
        0.0076,
        0.0156,
        0.0236,
        0.0316,
        0.039599999999999996,
        0.0476,
        0.0556,
        0.0636,
        0.0716,
        0.0796
    ]
}