{
    "thrust": 0.08459563286582115,
    "discharge_current": 30.69104513916574,
    "ion_velocity": [
        -2185.2523465631593,
        2148.5851715809963,
        6299.227730405466,
        13200.169716487308,
        16262.26502583226,
        18358.839724426172,
        19881.123613112468,
        20876.84123101595,
        21440.74305637464,
        21720.00625852571,
        21853.625498243495
    ],
    "z_normalized": [
        0.0,
        0.0076,
        0.0156,
        0.0236,
        0.0316,
        0.039599999999999996,
        0.0476,
        0.0556,
        0.0636,
        0.0716,
        0.0796
    ]
}