{
    "thrust": 0.08535056645749059,
    "discharge_current": 33.36129136464104,
    "ion_velocity": [
        -2170.580062718367,
        1842.5408765544541,
        4814.3626031849235,
        9679.191242537057,
        13530.173266069893,
        16654.507841572904,
        18967.863052749744,
        20415.627832166196,
        21230.223546951358,
        21631.514173231946,
        21825.913359300255
    ],
    "z_normalized": [
        0.0,
        0.0076,
        0.0156,
        0.0236,
        0.0316,
        0.039599999999999996,
        0.0476,
        0.0556,
        0.0636,
        0.0716,
        0.0796
    ]
}