{
    "thrust": 0.07876823083475043,
    "discharge_current": 55.7222585126085,
    "ion_velocity": [
        -2641.4801197210472,
        2177.1265430809917,
        4249.193311232105,
        7677.5045515012125,
        11854.08775231666,
        15692.951620389844,
        18558.446494335785,
        20356.072500609065,
        21339.02541607856,
        21824.073376021184,
        22077.454648855895
    ],
    "z_normalized": [
        0.0,
        0.0076,
        0.0156,
        0.0236,
        0.0316,
        0.039599999999999996,
        0.0476,
        0.0556,
        0.0636,
        0.0716,
        0.0796
    ]
}