{
    "thrust": 0.08744107340819864,
    "discharge_current": 24.29041064298565,
    "ion_velocity": [
        -1962.552947484388,
        1776.5336214440135,
        6147.973758077021,
        13123.392858371657,
        16218.566664899363,
        18266.396502958567,
        19756.352822505258,
        20751.923252345594,
        21316.15355650822,
        21593.963014658402,
        21722.344073081123
    ],
    "z_normalized": [
        0.0,
        0.0076,
        0.0156,
        0.0236,
        0.0316,
        0.039599999999999996,
        0.0476,
        0.0556,
        0.0636,
        0.0716,
        0.0796
    ]
}