{
    "thrust": 0.08690912355337631,
    "discharge_current": 29.99224546803321,
    "ion_velocity": [
        -2052.00193173731,
        1593.5303599633562,
        4277.740900105406,
        8732.914302255984,
        12742.24176091901,
        16146.88458455573,
        18667.04159891496,
        20235.090367822348,
        21116.821698169548,
        21549.661009392545,
        21755.66953856714
    ],
    "z_normalized": [
        0.0,
        0.0076,
        0.0156,
        0.0236,
        0.0316,
        0.039599999999999996,
        0.0476,
        0.0556,
        0.0636,
        0.0716,
        0.0796
    ]
}