{
    "thrust": 0.09566657795819773,
    "discharge_current": 10.933986687998578,
    "ion_velocity": [
        -1236.548191753673,
        -264.90671037758966,
        3782.161851617514,
        12402.72017811072,
        15599.702337333954,
        17687.063903366325,
        19263.659937223096,
        20308.69547766664,
        20892.639220352376,
        21170.87138822292,
        21277.56479376672
    ],
    "z_normalized": [
        0.0,
        0.0076,
        0.0156,
        0.0236,
        0.0316,
        0.039599999999999996,
        0.0476,
        0.0556,
        0.0636,
        0.0716,
        0.0796
    ]
}