{
    "thrust": 0.09421303524367845,
    "discharge_current": 14.7028366512387,
    "ion_velocity": [
        -1562.3880556567206,
        593.908582057019,
        6203.52138842981,
        15022.141345757003,
        17463.003419173296,
        18899.237430542435,
        20024.563917068233,
        20771.851387489092,
        21191.55257742791,
        21395.491873098625,
        21481.414515574197
    ],
    "z_normalized": [
        0.0,
        0.0076,
        0.0156,
        0.0236,
        0.0316,
        0.039599999999999996,
        0.0476,
        0.0556,
        0.0636,
        0.0716,
        0.0796
    ]
}