{
    "thrust": 0.08938412819199489,
    "discharge_current": 19.50406237494995,
    "ion_velocity": [
        -1807.8049300799548,
        1559.704978658775,
        6923.217891010621,
        15356.681076378969,
        17764.831401072304,
        19147.91907752353,
        20225.42264594682,
        20942.693598664926,
        21347.318554522935,
        21546.226416673442,
        21634.815441143754
    ],
    "z_normalized": [
        0.0,
        0.0076,
        0.0156,
        0.0236,
        0.0316,
        0.039599999999999996,
        0.0476,
        0.0556,
        0.0636,
        0.0716,
        0.0796
    ]
}