{
    "thrust": 0.09465172477137607,
    "discharge_current": 13.268714701956057,
    "ion_velocity": [
        -1436.4355363555471,
        139.00170938588704,
        5320.9813845331755,
        14043.990308358227,
        16751.046107837406,
        18424.144082902785,
        19722.189764768194,
        20585.831244473484,
        21070.16330315448,
        21304.121619581925,
        21400.296520804506
    ],
    "z_normalized": [
        0.0,
        0.0076,
        0.0156,
        0.0236,
        0.0316,
        0.039599999999999996,
        0.0476,
        0.0556,
        0.0636,
        0.0716,
        0.0796
    ]
}