{
    "thrust": 0.0895385943565211,
    "discharge_current": 25.687603570501043,
    "ion_velocity": [
        -1901.0551275506546,
        1004.5618189064096,
        2087.69168405257,
        3624.733607291432,
        9043.706554249671,
        13954.16521888221,
        17495.420915266837,
        19650.011524593992,
        20832.48264268957,
        21400.324630036444,
        21673.68864772868
    ],
    "z_normalized": [
        0.0,
        0.0076,
        0.0156,
        0.0236,
        0.0316,
        0.039599999999999996,
        0.0476,
        0.0556,
        0.0636,
        0.0716,
        0.0796
    ]
}