{
    "thrust": 0.09708765358658604,
    "discharge_current": 9.792422579633207,
    "ion_velocity": [
        -1236.5368086088054,
        -252.7124443638009,
        2713.274127056465,
        10486.853909363937,
        14315.545803061446,
        16936.17644159034,
        18855.240991798775,
        20116.774418667886,
        20820.75130015365,
        21152.218478022623,
        21270.66554435773
    ],
    "z_normalized": [
        0.0,
        0.0076,
        0.0156,
        0.0236,
        0.0316,
        0.039599999999999996,
        0.0476,
        0.0556,
        0.0636,
        0.0716,
        0.0796
    ]
}