{
    "thrust": 0.08086450529125488,
    "discharge_current": 49.405743521044634,
    "ion_velocity": [
        -2496.1504717963576,
        2007.1564168245177,
        4004.8177727185775,
        7343.541138701381,
        11486.808124786809,
        15447.696344318518,
        18398.11463779206,
        20241.160143613863,
        21246.665879315653,
        21740.46504470602,
        21994.74593990743
    ],
    "z_normalized": [
        0.0,
        0.0076,
        0.0156,
        0.0236,
        0.0316,
        0.039599999999999996,
        0.0476,
        0.0556,
        0.0636,
        0.0716,
        0.0796
    ]
}