{
    "thrust": 0.08835835356683722,
    "discharge_current": 28.686560696844598,
    "ion_velocity": [
        -2004.7595616651301,
        1510.023116930953,
        3867.892355789017,
        7849.278651422391,
        12081.148355694106,
        15753.751766623724,
        18448.685351754866,
        20118.580998660356,
        21049.36206154099,
        21499.841614921526,
        21718.042752271973
    ],
    "z_normalized": [
        0.0,
        0.0076,
        0.0156,
        0.0236,
        0.0316,
        0.039599999999999996,
        0.0476,
        0.0556,
        0.0636,
        0.0716,
        0.0796
    ]
}