{
    "thrust": 0.08289075462796816,
    "discharge_current": 42.873526285494364,
    "ion_velocity": [
        -2350.995810912298,
        1905.7072947952088,
        4125.50649473579,
        7868.466367338003,
        11811.672230385277,
        15627.318543811536,
        18464.22851526171,
        20230.111340252115,
        21198.94487072401,
        21673.345545553817,
        21913.61105646727
    ],
    "z_normalized": [
        0.0,
        0.0076,
        0.0156,
        0.0236,
        0.0316,
        0.039599999999999996,
        0.0476,
        0.0556,
        0.0636,
        0.0716,
        0.0796
    ]
}