{
    "thrust": 0.1013424737861096,
    "discharge_current": 6.424132071933726,
    "ion_velocity": [
        -1227.132971915905,
        -183.46605400660556,
        227.12193159490062,
        1115.6470926113243,
        6426.760016541091,
        11896.238452690639,
        16047.055614123074,
        18549.127210053113,
        19815.593483331442,
        20358.59303020057,
        20565.53356675888
    ],
    "z_normalized": [
        0.0,
        0.0076,
        0.0156,
        0.0236,
        0.0316,
        0.039599999999999996,
        0.0476,
        0.0556,
        0.0636,
        0.0716,
        0.0796
    ]
}