{
    "thrust": 0.06151867717697011,
    "discharge_current": 5.024492099850619,
    "ion_velocity": [
        -1264.7197078890445,
        913.7298591238119,
        3871.7816612565084,
        8678.310627611425,
        12155.295674763021,
        14871.011165839518,
        17040.881427351927,
        18487.886531383494,
        19301.285344262826,
        19657.907426986545,
        19746.30478792991
    ],
    "z_normalized": [
        0.0,
        0.0076,
        0.0156,
        0.0236,
        0.0316,
        0.039599999999999996,
        0.0476,
        0.0556,
        0.0636,
        0.0716,
        0.0796
    ]
}