{
    "thrust": 0.09503314728493938,
    "discharge_current": 13.133497177986323,
    "ion_velocity": [
        -1384.2796946458395,
        -38.74240794763327,
        3812.766651554271,
        10743.990964003173,
        14440.7454718149,
        17031.548788951313,
        18924.012537005732,
        20184.16700179679,
        20894.772420007575,
        21236.29440839734,
        21373.835420484516
    ],
    "z_normalized": [
        0.0,
        0.0076,
        0.0156,
        0.0236,
        0.0316,
        0.039599999999999996,
        0.0476,
        0.0556,
        0.0636,
        0.0716,
        0.0796
    ]
}