{
    "thrust": 0.07946117144244394,
    "discharge_current": 49.368726304177734,
    "ion_velocity": [
        -2570.9522907907008,
        2328.3153082238773,
        5252.187915155728,
        10177.502856427678,
        13897.857011086631,
        16954.83757783864,
        19230.439452111434,
        20660.996718297185,
        21456.964188764927,
        21852.146762935234,
        22055.12457875977
    ],
    "z_normalized": [
        0.0,
        0.0076,
        0.0156,
        0.0236,
        0.0316,
        0.039599999999999996,
        0.0476,
        0.0556,
        0.0636,
        0.0716,
        0.0796
    ]
}