{
    "thrust": 0.07811615463493879,
    "discharge_current": 56.464053179031986,
    "ion_velocity": [
        -2678.395298409147,
        2285.937594721861,
        4641.653834396762,
        8549.283531095567,
        12608.425468545338,
        16163.89785189476,
        18820.745867068985,
        20491.425495217347,
        21410.173419924406,
        21865.574024124304,
        22103.69588608827
    ],
    "z_normalized": [
        0.0,
        0.0076,
        0.0156,
        0.0236,
        0.0316,
        0.039599999999999996,
        0.0476,
        0.0556,
        0.0636,
        0.0716,
        0.0796
    ]
}