{
    "thrust": 0.0840166769984561,
    "discharge_current": 40.29822598423013,
    "ion_velocity": [
        -2285.735701011425,
        1685.328162008542,
        3362.5134698928678,
        6254.52518164294,
        10566.254020120212,
        14863.531739649867,
        18046.619220365985,
        20019.0057718987,
        21092.032272087257,
        21614.85173608433,
        21878.195666379597
    ],
    "z_normalized": [
        0.0,
        0.0076,
        0.0156,
        0.0236,
        0.0316,
        0.039599999999999996,
        0.0476,
        0.0556,
        0.0636,
        0.0716,
        0.0796
    ]
}