{
    "thrust": 0.09596437346252965,
    "discharge_current": 11.73323264649901,
    "ion_velocity": [
        -1236.4367077829388,
        -262.1003660977543,
        2444.565365296741,
        8114.455950588585,
        12588.912310232985,
        15946.087570894506,
        18308.860280148216,
        19848.51562296885,
        20718.00956922554,
        21132.25155534312,
        21289.381001480615
    ],
    "z_normalized": [
        0.0,
        0.0076,
        0.0156,
        0.0236,
        0.0316,
        0.039599999999999996,
        0.0476,
        0.0556,
        0.0636,
        0.0716,
        0.0796
    ]
}