{
    "thrust": 0.08258285296347076,
    "discharge_current": 36.15626840416334,
    "ion_velocity": [
        -2329.235381920263,
        2292.43065995335,
        6144.379710215062,
        12685.4505720911,
        15853.922444929003,
        18138.82867636895,
        19809.06045840521,
        20880.908166422945,
        21487.10640165276,
        21788.050824729336,
        21935.68184809635
    ],
    "z_normalized": [
        0.0,
        0.0076,
        0.0156,
        0.0236,
        0.0316,
        0.039599999999999996,
        0.0476,
        0.0556,
        0.0636,
        0.0716,
        0.0796
    ]
}