{
    "thrust": 0.09219835571135418,
    "discharge_current": 16.569698751165447,
    "ion_velocity": [
        -1659.6221782914224,
        1020.7976855207725,
        6430.358822265883,
        14812.922560980722,
        17354.610599737232,
        18846.508323308637,
        20016.55393206115,
        20796.7889336782,
        21236.092451676606,
        21450.62998253016,
        21543.47396587977
    ],
    "z_normalized": [
        0.0,
        0.0076,
        0.0156,
        0.0236,
        0.0316,
        0.039599999999999996,
        0.0476,
        0.0556,
        0.0636,
        0.0716,
        0.0796
    ]
}