{
    "thrust": 0.0849813378951241,
    "discharge_current": 32.027841802814265,
    "ion_velocity": [
        -2177.9884268670953,
        1998.492318060891,
        5600.559715236997,
        11451.045000340619,
        14949.818261602293,
        17540.910893059692,
        19440.536539955898,
        20651.322052379706,
        21337.450498441962,
        21676.3282455923,
        21839.606061340644
    ],
    "z_normalized": [
        0.0,
        0.0076,
        0.0156,
        0.0236,
        0.0316,
        0.039599999999999996,
        0.0476,
        0.0556,
        0.0636,
        0.0716,
        0.0796
    ]
}