{
    "thrust": 0.07932774136390992,
    "discharge_current": 51.36791059307455,
    "ion_velocity": [
        -2586.8777163577342,
        2294.231770908294,
        5019.95286817775,
        9575.763788268727,
        13364.490931242433,
        16623.42094027886,
        19052.46551017896,
        20577.843372994674,
        21422.150236046135,
        21840.449861746107,
        22056.54500169858
    ],
    "z_normalized": [
        0.0,
        0.0076,
        0.0156,
        0.0236,
        0.0316,
        0.039599999999999996,
        0.0476,
        0.0556,
        0.0636,
        0.0716,
        0.0796
    ]
}