{
    "thrust": 0.08144643290443934,
    "discharge_current": 40.20744904525155,
    "ion_velocity": [
        -2415.6269226729505,
        2358.2053964719867,
        6027.1909637811905,
        12343.186198496272,
        15470.300838087782,
        17917.57172044328,
        19715.89645030841,
        20858.330302675597,
        21502.002308198797,
        21821.31347196964,
        21980.60412974711
    ],
    "z_normalized": [
        0.0,
        0.0076,
        0.0156,
        0.0236,
        0.0316,
        0.039599999999999996,
        0.0476,
        0.0556,
        0.0636,
        0.0716,
        0.0796
    ]
}