{
    "thrust": 0.07952354025547702,
    "discharge_current": 53.169644298756225,
    "ion_velocity": [
        -2586.3500515476535,
        2134.9887033021905,
        4266.820774860166,
        7800.362319235994,
        11909.701096044051,
        15719.997079855842,
        18562.456762902842,
        20343.313043935952,
        21317.39432236672,
        21797.48584443718,
        22046.820376308395
    ],
    "z_normalized": [
        0.0,
        0.0076,
        0.0156,
        0.0236,
        0.0316,
        0.039599999999999996,
        0.0476,
        0.0556,
        0.0636,
        0.0716,
        0.0796
    ]
}