{
    "thrust": 0.09466807623267488,
    "discharge_current": 15.67584263516078,
    "ion_velocity": [
        -1518.8325555806312,
        267.37258269169695,
        3249.3074707734204,
        8160.690738059066,
        12603.110187816064,
        16016.173338516792,
        18398.099630029665,
        19956.866868637404,
        20846.73750160322,
        21276.525451588874,
        21455.309947568563
    ],
    "z_normalized": [
        0.0,
        0.0076,
        0.0156,
        0.0236,
        0.0316,
        0.039599999999999996,
        0.0476,
        0.0556,
        0.0636,
        0.0716,
        0.0796
    ]
}