{
    "thrust": 0.09453548270535789,
    "discharge_current": 14.282120334270594,
    "ion_velocity": [
        -1488.5827215867114,
        273.9961868259694,
        4745.008948140542,
        12297.263239140282,
        15520.405445661181,
        17684.49526244373,
        19311.353872186657,
        20401.474390818228,
        21015.623133250967,
        21312.50578518649,
        21435.94328525621
    ],
    "z_normalized": [
        0.0,
        0.0076,
        0.0156,
        0.0236,
        0.0316,
        0.039599999999999996,
        0.0476,
        0.0556,
        0.0636,
        0.0716,
        0.0796
    ]
}