{
    "thrust": 0.08352727136954538,
    "discharge_current": 34.12662772778161,
    "ion_velocity": [
        -2263.4405750339993,
        2178.3227394809637,
        5969.76721402763,
        12269.139531084968,
        15567.85849115046,
        17945.297326325443,
        19683.868870911665,
        20798.77686029386,
        21429.951624409412,
        21742.68033013107,
        21894.822021544016
    ],
    "z_normalized": [
        0.0,
        0.0076,
        0.0156,
        0.0236,
        0.0316,
        0.039599999999999996,
        0.0476,
        0.0556,
        0.0636,
        0.0716,
        0.0796
    ]
}