{
    "thrust": 0.08949965720996754,
    "discharge_current": 23.349141428111025,
    "ion_velocity": [
        -1853.0873154530118,
        1304.9080109736756,
        4401.035181160039,
        9547.775224984054,
        13433.292239358563,
        16539.023957477868,
        18805.52827968359,
        20243.01943308743,
        21062.996538060237,
        21463.959450455226,
        21647.15619025303
    ],
    "z_normalized": [
        0.0,
        0.0076,
        0.0156,
        0.0236,
        0.0316,
        0.039599999999999996,
        0.0476,
        0.0556,
        0.0636,
        0.0716,
        0.0796
    ]
}