{
    "thrust": 0.09801849606037566,
    "discharge_current": 8.527985498169866,
    "ion_velocity": [
        -1236.558553816091,
        -257.8124973175206,
        3274.106838085631,
        14007.978322927196,
        16754.726819315085,
        18404.63517222753,
        19667.25685258909,
        20493.03767634491,
        20948.92160070484,
        21160.94292304232,
        21234.360537988036
    ],
    "z_normalized": [
        0.0,
        0.0076,
        0.0156,
        0.0236,
        0.0316,
        0.039599999999999996,
        0.0476,
        0.0556,
        0.0636,
        0.0716,
        0.0796
    ]
}