{
    "thrust": 0.09480606056772184,
    "discharge_current": 12.582857085178178,
    "ion_velocity": [
        -1389.5212570087785,
        15.777908158521635,
        5403.991363885628,
        14656.308694037009,
        17169.079768689164,
        18679.574229474325,
        19856.499976676758,
        20636.090743336117,
        21072.48575888195,
        21282.839336919475,
        21368.261368530388
    ],
    "z_normalized": [
        0.0,
        0.0076,
        0.0156,
        0.0236,
        0.0316,
        0.039599999999999996,
        0.0476,
        0.0556,
        0.0636,
        0.0716,
        0.0796
    ]
}