{
    "thrust": 0.0787344616140708,
    "discharge_current": 53.54799991101475,
    "ion_velocity": [
        -2630.6560364938678,
        2276.797099544736,
        4786.935376135067,
        8956.152165045587,
        12946.458513392105,
        16367.095709131288,
        18921.864349402385,
        20527.6675112395,
        21413.466687219992,
        21852.778584872776,
        22080.83825964159
    ],
    "z_normalized": [
        0.0,
        0.0076,
        0.0156,
        0.0236,
        0.0316,
        0.039599999999999996,
        0.0476,
        0.0556,
        0.0636,
        0.0716,
        0.0796
    ]
}