{
    "thrust": 0.05584319053113998,
    "discharge_current": 4.414360371765302,
    "ion_velocity": [
        -1254.6971318354504,
        1066.928433218328,
        4372.024878629121,
        10444.82967186563,
        13244.323030806478,
        15115.437254931634,
        16784.030273206543,
        17952.590915917328,
        18639.40886220548,
        18918.977350541547,
        19002.29483856943
    ],
    "z_normalized": [
        0.0,
        0.0076,
        0.0156,
        0.0236,
        0.0316,
        0.039599999999999996,
        0.0476,
        0.0556,
        0.0636,
        0.0716,
        0.0796
    ]
}