{
    "thrust": 0.06765559638270918,
    "discharge_current": 5.399757140529898,
    "ion_velocity": [
        -1268.6032614482212,
        860.0587095673602,
        3718.4530467413965,
        8333.692657186255,
        12075.628480001102,
        15024.885430517454,
        17328.536019415613,
        18830.55071572208,
        19667.34523428514,
        20037.86574121843,
        20167.472610801018
    ],
    "z_normalized": [
        0.0,
        0.0076,
        0.0156,
        0.0236,
        0.0316,
        0.039599999999999996,
        0.0476,
        0.0556,
        0.0636,
        0.0716,
        0.0796
    ]
}