{
    "thrust": 0.08128678193270121,
    "discharge_current": 45.963095249578615,
    "ion_velocity": [
        -2454.0808981185087,
        2139.536696539234,
        4823.369565240603,
        9292.877018561961,
        13007.685223581258,
        16382.137736473638,
        18893.014853697197,
        20463.783987418996,
        21332.404349266384,
        21760.35148493237,
        21978.548011444862
    ],
    "z_normalized": [
        0.0,
        0.0076,
        0.0156,
        0.0236,
        0.0316,
        0.039599999999999996,
        0.0476,
        0.0556,
        0.0636,
        0.0716,
        0.0796
    ]
}