{
    "thrust": 0.09566726036330689,
    "discharge_current": 10.819384094729369,
    "ion_velocity": [
        -1236.5551058784763,
        -267.7975973088333,
        3834.047711104539,
        12633.14350810507,
        15759.339530436266,
        17783.449935238295,
        19317.873003207227,
        20334.371488938676,
        20901.99433617976,
        21172.32997415214,
        21275.7987271723
    ],
    "z_normalized": [
        0.0,
        0.0076,
        0.0156,
        0.0236,
        0.0316,
        0.039599999999999996,
        0.0476,
        0.0556,
        0.0636,
        0.0716,
        0.0796
    ]
}