{
    "thrust": 0.08680340181321627,
    "discharge_current": 31.640139904677085,
    "ion_velocity": [
        -2091.235409907811,
        1278.7679733140533,
        2401.680838876159,
        4186.831521184205,
        9292.068183655529,
        14096.850427382824,
        17612.509420276438,
        19767.730041735966,
        20937.899188418105,
        21503.312830742027,
        21781.27978280488
    ],
    "z_normalized": [
        0.0,
        0.0076,
        0.0156,
        0.0236,
        0.0316,
        0.039599999999999996,
        0.0476,
        0.0556,
        0.0636,
        0.0716,
        0.0796
    ]
}