{
    "thrust": 0.07770344534041534,
    "discharge_current": 0.3657634207585177,
    "ion_velocity": [
        -1026.1282351115765,
        648.4752537468682,
        1060.130963237799,
        756.8109196943935,
        1627.7728175939803,
        6509.30941046799,
        9739.999393013763,
        11839.50766861137,
        13004.840978803124,
        13766.52671526893,
        14715.267252484286
    ],
    "z_normalized": [
        0.0,
        0.0076,
        0.0156,
        0.0236,
        0.0316,
        0.039599999999999996,
        0.0476,
        0.0556,
        0.0636,
        0.0716,
        0.0796
    ]
}