{
    "thrust": 0.08796035986517126,
    "discharge_current": 21.497921546254826,
    "ion_velocity": [
        -1899.971651658649,
        1792.0480028274806,
        6955.306058104568,
        15276.422817507242,
        17721.349707628204,
        19152.17492274354,
        20250.774679118793,
        20982.665060640982,
        21395.92550204665,
        21599.642123732083,
        21691.829517460865
    ],
    "z_normalized": [
        0.0,
        0.0076,
        0.0156,
        0.0236,
        0.0316,
        0.039599999999999996,
        0.0476,
        0.0556,
        0.0636,
        0.0716,
        0.0796
    ]
}