{
    "thrust": 0.05802800120938133,
    "discharge_current": 4.039938693533223,
    "ion_velocity": [
        -1247.5287754981252,
        1128.1440854857344,
        4971.411304115533,
        11473.383653167497,
        13679.26343343438,
        14674.438217562367,
        15617.99011433576,
        16656.51943921103,
        17225.866265100092,
        17480.895284658265,
        17571.067558872575
    ],
    "z_normalized": [
        0.0,
        0.0076,
        0.0156,
        0.0236,
        0.0316,
        0.039599999999999996,
        0.0476,
        0.0556,
        0.0636,
        0.0716,
        0.0796
    ]
}