{
    "thrust": 0.09143031990946168,
    "discharge_current": 19.32470455693825,
    "ion_velocity": [
        -1723.7830892300603,
        1063.8668399946046,
        4728.626149436939,
        10797.125911823365,
        14441.396538317438,
        17115.784555320835,
        19046.374455784287,
        20330.97624682164,
        21062.445915207783,
        21418.984008938645,
        21576.738958246937
    ],
    "z_normalized": [
        0.0,
        0.0076,
        0.0156,
        0.0236,
        0.0316,
        0.039599999999999996,
        0.0476,
        0.0556,
        0.0636,
        0.0716,
        0.0796
    ]
}