{
    "thrust": 0.0816125628398198,
    "discharge_current": 41.315803743567194,
    "ion_velocity": [
        -2412.3712707423856,
        2300.912483194263,
        5768.657140192641,
        11665.792400437855,
        14892.42825611782,
        17554.366694573742,
        19518.086302320113,
        20757.501973994604,
        21453.533475299184,
        21797.96834995989,
        21970.639271759665
    ],
    "z_normalized": [
        0.0,
        0.0076,
        0.0156,
        0.0236,
        0.0316,
        0.039599999999999996,
        0.0476,
        0.0556,
        0.0636,
        0.0716,
        0.0796
    ]
}