{
    "thrust": 0.08175991693444316,
    "discharge_current": 44.06881272775659,
    "ion_velocity": [
        -2418.64169946059,
        2139.4076639688706,
        4976.154142821255,
        9700.893360848206,
        13308.07120035238,
        16563.95211760606,
        18983.286970680907,
        20497.02015861811,
        21336.823293140777,
        21750.460819058782,
        21960.1900023033
    ],
    "z_normalized": [
        0.0,
        0.0076,
        0.0156,
        0.0236,
        0.0316,
        0.039599999999999996,
        0.0476,
        0.0556,
        0.0636,
        0.0716,
        0.0796
    ]
}