{
    "thrust": 0.09756331221826431,
    "discharge_current": 9.414910046491762,
    "ion_velocity": [
        -1236.5209184461883,
        -251.3922873645066,
        2485.9377641319456,
        10194.587928017623,
        14124.262666790937,
        16827.08412063888,
        18798.903306381086,
        20091.26357408773,
        20811.459522388013,
        21149.063534381377,
        21266.667615435694
    ],
    "z_normalized": [
        0.0,
        0.0076,
        0.0156,
        0.0236,
        0.0316,
        0.039599999999999996,
        0.0476,
        0.0556,
        0.0636,
        0.0716,
        0.0796
    ]
}