{
    "thrust": 0.10127276113657076,
    "discharge_current": 7.13072431608083,
    "ion_velocity": [
        -1235.8494062532004,
        -263.7872871738203,
        1886.1678924304376,
        12578.167762542358,
        15863.223234372028,
        17860.31507684039,
        19361.577876469637,
        20334.45096864644,
        20865.627567316005,
        21103.505037930696,
        21173.40014946638
    ],
    "z_normalized": [
        0.0,
        0.0076,
        0.0156,
        0.0236,
        0.0316,
        0.039599999999999996,
        0.0476,
        0.0556,
        0.0636,
        0.0716,
        0.0796
    ]
}