{
    "thrust": 0.08449156791637889,
    "discharge_current": 39.26214976873643,
    "ion_velocity": [
        -2274.9843604665048,
        1729.5109556275243,
        3512.815259027046,
        6564.30918562851,
        10947.371141153728,
        15093.77918527937,
        18166.763620843285,
        20070.691160472434,
        21110.117187842076,
        21616.676387752723,
        21870.953156388096
    ],
    "z_normalized": [
        0.0,
        0.0076,
        0.0156,
        0.0236,
        0.0316,
        0.039599999999999996,
        0.0476,
        0.0556,
        0.0636,
        0.0716,
        0.0796
    ]
}