{
    "thrust": 0.08208512374432925,
    "discharge_current": 45.98273509154705,
    "ion_velocity": [
        -2425.146106236645,
        1879.4889054794967,
        3623.635880363901,
        6583.377371712156,
        10930.357099551504,
        15099.78346150169,
        18199.20606004549,
        20129.283751268336,
        21178.988323007852,
        21692.637323803425,
        21955.126304188638
    ],
    "z_normalized": [
        0.0,
        0.0076,
        0.0156,
        0.0236,
        0.0316,
        0.039599999999999996,
        0.0476,
        0.0556,
        0.0636,
        0.0716,
        0.0796
    ]
}