{
    "thrust": 0.08690371565298412,
    "discharge_current": 28.83250287655634,
    "ion_velocity": [
        -2040.6593911462805,
        1675.0496744023312,
        4818.488411244213,
        9958.762380677535,
        13755.184402429477,
        16771.284359645324,
        18992.07211499952,
        20388.461799683217,
        21180.114349442698,
        21569.160624179414,
        21753.428024031826
    ],
    "z_normalized": [
        0.0,
        0.0076,
        0.0156,
        0.0236,
        0.0316,
        0.039599999999999996,
        0.0476,
        0.0556,
        0.0636,
        0.0716,
        0.0796
    ]
}