{
    "thrust": 0.08670599996050178,
    "discharge_current": 25.69944283403677,
    "ion_velocity": [
        -2016.386588163961,
        1876.1138172796288,
        6189.000275876642,
        13130.351065448736,
        16224.151076962105,
        18287.867535955942,
        19786.182228614838,
        20782.077878099786,
        21346.512920594065,
        21624.817062774524,
        21754.52919759225
    ],
    "z_normalized": [
        0.0,
        0.0076,
        0.0156,
        0.0236,
        0.0316,
        0.039599999999999996,
        0.0476,
        0.0556,
        0.0636,
        0.0716,
        0.0796
    ]
}