{
    "thrust": 0.09859682994585499,
    "discharge_current": 9.168762255582026,
    "ion_velocity": [
        -1236.3851960935326,
        -252.55293667886747,
        1697.6120398369635,
        7765.1262067785,
        12395.813031704898,
        15841.83347658082,
        18275.640519923712,
        19844.865638975934,
        20721.154208787848,
        21129.41435145251,
        21264.701152424845
    ],
    "z_normalized": [
        0.0,
        0.0076,
        0.0156,
        0.0236,
        0.0316,
        0.039599999999999996,
        0.0476,
        0.0556,
        0.0636,
        0.0716,
        0.0796
    ]
}