{
    "thrust": 0.07891421783394402,
    "discharge_current": 55.28707879869111,
    "ion_velocity": [
        -2631.3211457793495,
        2163.986378370505,
        4226.118011094815,
        7638.941228930088,
        11815.83380143831,
        15668.028716164157,
        18543.008912103458,
        20346.028709727765,
        21331.683058280974,
        21817.87383735802,
        22071.6184785577
    ],
    "z_normalized": [
        0.0,
        0.0076,
        0.0156,
        0.0236,
        0.0316,
        0.039599999999999996,
        0.0476,
        0.0556,
        0.0636,
        0.0716,
        0.0796
    ]
}