{
    "thrust": 0.0974748023318392,
    "discharge_current": 9.279986495566316,
    "ion_velocity": [
        -1236.5527046640614,
        -252.72064893937977,
        2863.608027181057,
        11577.877344642548,
        15083.625430043483,
        17388.852752163693,
        19106.435201958237,
        20235.729746011228,
        20863.340647726855,
        21157.589972041365,
        21261.071665372005
    ],
    "z_normalized": [
        0.0,
        0.0076,
        0.0156,
        0.0236,
        0.0316,
        0.039599999999999996,
        0.0476,
        0.0556,
        0.0636,
        0.0716,
        0.0796
    ]
}