{
    "thrust": 0.0872318104406702,
    "discharge_current": 31.331783493945956,
    "ion_velocity": [
        -2079.203757584282,
        1362.9920384617112,
        2796.526148802814,
        5140.656720605065,
        9999.313857227282,
        14514.34470227113,
        17825.52605789367,
        19857.465290948217,
        20967.786787955418,
        21504.70077778412,
        21768.128335540954
    ],
    "z_normalized": [
        0.0,
        0.0076,
        0.0156,
        0.0236,
        0.0316,
        0.039599999999999996,
        0.0476,
        0.0556,
        0.0636,
        0.0716,
        0.0796
    ]
}