{
    "thrust": 0.08851698057345568,
    "discharge_current": 25.91970852699322,
    "ion_velocity": [
        -1928.0139376801515,
        1396.5954603466475,
        4175.8191330787095,
        8814.273971981896,
        12826.264407975032,
        16180.270788739153,
        18648.382843706855,
        20188.02754559846,
        21061.168168582495,
        21488.689934364316,
        21687.322513015584
    ],
    "z_normalized": [
        0.0,
        0.0076,
        0.0156,
        0.0236,
        0.0316,
        0.039599999999999996,
        0.0476,
        0.0556,
        0.0636,
        0.0716,
        0.0796
    ]
}