{
    "thrust": 0.08633756520727573,
    "discharge_current": 33.046013405014214,
    "ion_velocity": [
        -2126.3180279489234,
        1345.719718268678,
        2549.4317329150967,
        4519.895824042708,
        9477.491128798361,
        14207.061399612126,
        17676.64940570051,
        19807.599241188975,
        20963.80178789689,
        21523.223549770355,
        21799.385486067615
    ],
    "z_normalized": [
        0.0,
        0.0076,
        0.0156,
        0.0236,
        0.0316,
        0.039599999999999996,
        0.0476,
        0.0556,
        0.0636,
        0.0716,
        0.0796
    ]
}