{
    "thrust": 0.08886740841250691,
    "discharge_current": 25.46095227648232,
    "ion_velocity": [
        -1905.86418372929,
        1321.8083909877903,
        3940.010497276534,
        8330.308328907415,
        12441.373286906084,
        15942.104788570014,
        18518.47047073463,
        20118.98833126396,
        21025.487744487342,
        21468.959190150694,
        21674.125842776597
    ],
    "z_normalized": [
        0.0,
        0.0076,
        0.0156,
        0.0236,
        0.0316,
        0.039599999999999996,
        0.0476,
        0.0556,
        0.0636,
        0.0716,
        0.0796
    ]
}