{
    "thrust": 0.09023494723141673,
    "discharge_current": 21.059005120864313,
    "ion_velocity": [
        -1793.1659099646372,
        1256.2286880390388,
        4916.200151331081,
        10916.08552745471,
        14526.485074807983,
        17188.855193502888,
        19113.587642306626,
        20382.22492455462,
        21104.759252838136,
        21457.826850735,
        21616.71694192518
    ],
    "z_normalized": [
        0.0,
        0.0076,
        0.0156,
        0.0236,
        0.0316,
        0.039599999999999996,
        0.0476,
        0.0556,
        0.0636,
        0.0716,
        0.0796
    ]
}