{
    "thrust": 0.07999549981160026,
    "discharge_current": 47.0513330269343,
    "ion_velocity": [
        -2530.302822223498,
        2345.8645368927982,
        5478.329116364741,
        10794.656686434608,
        14353.258224138244,
        17234.024496498678,
        19372.784170989038,
        20718.573646797366,
        21470.688830099414,
        21844.13818845706,
        22034.696685442428
    ],
    "z_normalized": [
        0.0,
        0.0076,
        0.0156,
        0.0236,
        0.0316,
        0.039599999999999996,
        0.0476,
        0.0556,
        0.0636,
        0.0716,
        0.0796
    ]
}