{
    "thrust": 0.09439661243328341,
    "discharge_current": 14.690187501876956,
    "ion_velocity": [
        -1519.22774686059,
        377.4842383881298,
        4868.257376281544,
        12363.767458971213,
        15573.28366826737,
        17721.794067544408,
        19339.022849221114,
        20423.836972597343,
        21035.347773302943,
        21331.3250767373,
        21455.277205135782
    ],
    "z_normalized": [
        0.0,
        0.0076,
        0.0156,
        0.0236,
        0.0316,
        0.039599999999999996,
        0.0476,
        0.0556,
        0.0636,
        0.0716,
        0.0796
    ]
}