{
    "thrust": 0.08022663091090773,
    "discharge_current": 45.831070595817486,
    "ion_velocity": [
        -2511.8849708306443,
        2345.21499776414,
        5554.5925764812455,
        11004.525619277909,
        14535.812018772136,
        17345.706572022802,
        19429.714174704455,
        20741.7616471803,
        21476.445071947284,
        21841.36846436982,
        22026.832508166026
    ],
    "z_normalized": [
        0.0,
        0.0076,
        0.0156,
        0.0236,
        0.0316,
        0.039599999999999996,
        0.0476,
        0.0556,
        0.0636,
        0.0716,
        0.0796
    ]
}