{
    "thrust": 0.082697180631875,
    "discharge_current": 43.995344715645935,
    "ion_velocity": [
        -2368.9671192640303,
        1850.9803067350779,
        3778.8929589204217,
        7048.83274435053,
        11184.424706924481,
        15245.900355011056,
        18264.38196518846,
        20142.227816561808,
        21166.773190381948,
        21667.90703158192,
        21922.65118741162
    ],
    "z_normalized": [
        0.0,
        0.0076,
        0.0156,
        0.0236,
        0.0316,
        0.039599999999999996,
        0.0476,
        0.0556,
        0.0636,
        0.0716,
        0.0796
    ]
}