{
    "thrust": 0.09177620066942975,
    "discharge_current": 18.281549693983884,
    "ion_velocity": [
        -1697.913583063921,
        1043.5545936455119,
        5216.704950086971,
        12003.325604155458,
        15363.522380460794,
        17642.195019600033,
        19326.668107794885,
        20465.21854134789,
        21110.699765193993,
        21425.386932677273,
        21563.66280058287
    ],
    "z_normalized": [
        0.0,
        0.0076,
        0.0156,
        0.0236,
        0.0316,
        0.039599999999999996,
        0.0476,
        0.0556,
        0.0636,
        0.0716,
        0.0796
    ]
}