{
    "thrust": 0.08930518497045227,
    "discharge_current": 22.69528588228794,
    "ion_velocity": [
        -1854.9386187253326,
        1400.7348064407756,
        5021.3418250695395,
        10926.200125093757,
        14532.284880025489,
        17209.256915604365,
        19149.583751798542,
        20416.35104838867,
        21137.75746311867,
        21490.943440327308,
        21652.026994283045
    ],
    "z_normalized": [
        0.0,
        0.0076,
        0.0156,
        0.0236,
        0.0316,
        0.039599999999999996,
        0.0476,
        0.0556,
        0.0636,
        0.0716,
        0.0796
    ]
}