{
    "thrust": 0.08593190578470347,
    "discharge_current": 33.01920971986758,
    "ion_velocity": [
        -2135.1353279280347,
        1683.1670099979997,
        4197.7422970351045,
        8380.404341100157,
        12443.916613830848,
        15975.295343771359,
        18597.52906203912,
        20228.00621590129,
        21138.035277458563,
        21585.27124023232,
        21801.336813805752
    ],
    "z_normalized": [
        0.0,
        0.0076,
        0.0156,
        0.0236,
        0.0316,
        0.039599999999999996,
        0.0476,
        0.0556,
        0.0636,
        0.0716,
        0.0796
    ]
}