{
    "thrust": 0.08142723744972158,
    "discharge_current": 46.54755714841138,
    "ion_velocity": [
        -2449.534012178199,
        2069.651196559727,
        4499.339617629574,
        8549.336975163156,
        12410.157397181718,
        16010.17777220692,
        18690.858090265825,
        20365.66223149821,
        21287.210592343603,
        21740.424803726833,
        21972.015270337055
    ],
    "z_normalized": [
        0.0,
        0.0076,
        0.0156,
        0.0236,
        0.0316,
        0.039599999999999996,
        0.0476,
        0.0556,
        0.0636,
        0.0716,
        0.0796
    ]
}