{
    "thrust": 0.06535367814589339,
    "discharge_current": 5.441705689717363,
    "ion_velocity": [
        -1265.9534006081383,
        1002.2243752915497,
        3696.091526036369,
        7023.738966582939,
        10022.49327488088,
        13427.106017673077,
        15642.304989754997,
        17226.845286780128,
        18164.66005957746,
        18583.14373965066,
        18689.750881036773
    ],
    "z_normalized": [
        0.0,
        0.0076,
        0.0156,
        0.0236,
        0.0316,
        0.039599999999999996,
        0.0476,
        0.0556,
        0.0636,
        0.0716,
        0.0796
    ]
}