{
    "thrust": 0.0640287697480718,
    "discharge_current": 4.118038455634316,
    "ion_velocity": [
        -1244.427785557773,
        1148.135183887826,
        5224.715748029702,
        11352.962793788904,
        13476.648834435131,
        14244.966191206684,
        14703.573536327762,
        15572.299325398646,
        16210.284201868777,
        16524.145018387586,
        16646.176059138746
    ],
    "z_normalized": [
        0.0,
        0.0076,
        0.0156,
        0.0236,
        0.0316,
        0.039599999999999996,
        0.0476,
        0.0556,
        0.0636,
        0.0716,
        0.0796
    ]
}