{
    "thrust": 0.08056641428967151,
    "discharge_current": 46.083137979009166,
    "ion_velocity": [
        -2494.7098137596145,
        2250.5964258658882,
        5197.541348997575,
        10092.808369692693,
        13865.904367909687,
        16920.153178186658,
        19192.532702096632,
        20620.10709014338,
        21416.029040864512,
        21810.889495176918,
        22011.67756130621
    ],
    "z_normalized": [
        0.0,
        0.0076,
        0.0156,
        0.0236,
        0.0316,
        0.039599999999999996,
        0.0476,
        0.0556,
        0.0636,
        0.0716,
        0.0796
    ]
}