{
    "thrust": 0.08930900595098712,
    "discharge_current": 21.249276157287664,
    "ion_velocity": [
        -1836.6602042669565,
        1481.9982008470556,
        5857.561166268727,
        12817.29828111439,
        15985.982793377158,
        18077.897713429968,
        19611.035685269333,
        20644.445200177837,
        21230.13966649767,
        21517.343782249907,
        21647.27333439837
    ],
    "z_normalized": [
        0.0,
        0.0076,
        0.0156,
        0.0236,
        0.0316,
        0.039599999999999996,
        0.0476,
        0.0556,
        0.0636,
        0.0716,
        0.0796
    ]
}