{
    "thrust": 0.10144666474277239,
    "discharge_current": 7.172047029456529,
    "ion_velocity": [
        -1235.8103311445625,
        -263.1040740292916,
        1791.2186247645252,
        12001.844968915186,
        15472.167505518059,
        17625.22865405424,
        19235.081940967728,
        20278.295946104106,
        20848.350843691318,
        21103.674102809746,
        21178.01763603145
    ],
    "z_normalized": [
        0.0,
        0.0076,
        0.0156,
        0.0236,
        0.0316,
        0.039599999999999996,
        0.0476,
        0.0556,
        0.0636,
        0.0716,
        0.0796
    ]
}