{
    "thrust": 0.07943682799298073,
    "discharge_current": 49.86088969705089,
    "ion_velocity": [
        -2574.317044153016,
        2323.1709577623524,
        5211.856746459297,
        10077.006440072048,
        13774.02633790441,
        16878.618056583156,
        19189.880974160453,
        20642.068600519386,
        21448.85364545336,
        21848.99302743371,
        22054.86038968003
    ],
    "z_normalized": [
        0.0,
        0.0076,
        0.0156,
        0.0236,
        0.0316,
        0.039599999999999996,
        0.0476,
        0.0556,
        0.0636,
        0.0716,
        0.0796
    ]
}