{
    "thrust": 0.09950031417673683,
    "discharge_current": 8.487724861476448,
    "ion_velocity": [
        -1236.1688725163117,
        -237.18049860528788,
        196.92250035922677,
        1287.6744083755084,
        7159.799472355225,
        12840.139972858695,
        16797.564936060946,
        19199.01750913942,
        20451.07775824548,
        21009.899819774782,
        21242.537172673226
    ],
    "z_normalized": [
        0.0,
        0.0076,
        0.0156,
        0.0236,
        0.0316,
        0.039599999999999996,
        0.0476,
        0.0556,
        0.0636,
        0.0716,
        0.0796
    ]
}