{
    "thrust": 0.08766817250719215,
    "discharge_current": 25.003026671591044,
    "ion_velocity": [
        -1960.0756983020044,
        1684.861334240056,
        5610.710258889492,
        11917.063145642955,
        15308.761560614746,
        17711.427528176933,
        19454.23977086139,
        20598.353472473464,
        21248.284241052235,
        21567.76029620855,
        21716.016505800853
    ],
    "z_normalized": [
        0.0,
        0.0076,
        0.0156,
        0.0236,
        0.0316,
        0.039599999999999996,
        0.0476,
        0.0556,
        0.0636,
        0.0716,
        0.0796
    ]
}