{
    "thrust": 0.08374201688194592,
    "discharge_current": 33.70509186259179,
    "ion_velocity": [
        -2251.942398341437,
        2163.949188191787,
        5967.66621714301,
        12272.9083605189,
        15572.526177117961,
        17945.77646198009,
        19680.473544511387,
        20793.841384666706,
        21424.270028818853,
        21736.539377366546,
        21888.158192953153
    ],
    "z_normalized": [
        0.0,
        0.0076,
        0.0156,
        0.0236,
        0.0316,
        0.039599999999999996,
        0.0476,
        0.0556,
        0.0636,
        0.0716,
        0.0796
    ]
}