{
    "thrust": 0.08008715701853039,
    "discharge_current": 47.71324479550299,
    "ion_velocity": [
        -2528.3016385107617,
        2299.1105172645634,
        5280.187643694984,
        10298.021632859047,
        13893.927718673793,
        16946.984898560564,
        19216.62363087814,
        20641.967189244715,
        21435.197220796996,
        21828.077170799075,
        22029.102279480438
    ],
    "z_normalized": [
        0.0,
        0.0076,
        0.0156,
        0.0236,
        0.0316,
        0.039599999999999996,
        0.0476,
        0.0556,
        0.0636,
        0.0716,
        0.0796
    ]
}