{
    "thrust": 0.09997118458241569,
    "discharge_current": 7.59797291150073,
    "ion_velocity": [
        -1236.2554662907903,
        -265.5315797223425,
        2146.9734111231496,
        12349.807211407257,
        15682.433544402564,
        17753.1669585635,
        19308.76630969111,
        20321.049896549343,
        20876.719330122625,
        21129.503849943932,
        21207.95650436119
    ],
    "z_normalized": [
        0.0,
        0.0076,
        0.0156,
        0.0236,
        0.0316,
        0.039599999999999996,
        0.0476,
        0.0556,
        0.0636,
        0.0716,
        0.0796
    ]
}