{
    "thrust": 0.09565099132394465,
    "discharge_current": 12.806007440014763,
    "ion_velocity": [
        -1295.4410136564177,
        -218.83669052782096,
        2359.33797926353,
        7163.841915156448,
        11879.2536694513,
        15565.22910316304,
        18115.6794058698,
        19765.92451054415,
        20703.024137074277,
        21151.437176700638,
        21325.82939261209
    ],
    "z_normalized": [
        0.0,
        0.0076,
        0.0156,
        0.0236,
        0.0316,
        0.039599999999999996,
        0.0476,
        0.0556,
        0.0636,
        0.0716,
        0.0796
    ]
}