{
    "thrust": 0.08826306561422533,
    "discharge_current": 26.89946050398011,
    "ion_velocity": [
        -1950.7133407608046,
        1400.3635548187194,
        3992.5490293328407,
        8332.599430268847,
        12425.465731035973,
        15937.75396180982,
        18529.18426480786,
        20138.053248642278,
        21046.170383399538,
        21490.876403070004,
        21698.600375433223
    ],
    "z_normalized": [
        0.0,
        0.0076,
        0.0156,
        0.0236,
        0.0316,
        0.039599999999999996,
        0.0476,
        0.0556,
        0.0636,
        0.0716,
        0.0796
    ]
}