{
    "thrust": 0.08726856059068158,
    "discharge_current": 24.10896887604705,
    "ion_velocity": [
        -1968.5797588858263,
        1823.8694373420146,
        6357.448871453051,
        13622.384691338706,
        16582.210288416187,
        18488.12896219172,
        19882.846966735055,
        20817.610685542422,
        21346.904465889358,
        21607.734372914063,
        21728.108573988826
    ],
    "z_normalized": [
        0.0,
        0.0076,
        0.0156,
        0.0236,
        0.0316,
        0.039599999999999996,
        0.0476,
        0.0556,
        0.0636,
        0.0716,
        0.0796
    ]
}