{
    "thrust": 0.08994111129421332,
    "discharge_current": 20.241486851021715,
    "ion_velocity": [
        -1795.392838980136,
        1376.9673535525674,
        5808.021136932237,
        12854.076295461035,
        16009.828553635372,
        18072.35713399243,
        19596.35108899785,
        20625.925375634535,
        21209.144807531375,
        21494.77507284123,
        21622.94345611761
    ],
    "z_normalized": [
        0.0,
        0.0076,
        0.0156,
        0.0236,
        0.0316,
        0.039599999999999996,
        0.0476,
        0.0556,
        0.0636,
        0.0716,
        0.0796
    ]
}