{
    "thrust": 0.07906594169098217,
    "discharge_current": 54.02637763670381,
    "ion_velocity": [
        -2614.4878913237776,
        2204.1978119108576,
        4492.409018950236,
        8283.398805083712,
        12319.373165104495,
        15977.044353160365,
        18706.895335919617,
        20419.393075595417,
        21359.143568710282,
        21823.32132404498,
        22064.84434566688
    ],
    "z_normalized": [
        0.0,
        0.0076,
        0.0156,
        0.0236,
        0.0316,
        0.039599999999999996,
        0.0476,
        0.0556,
        0.0636,
        0.0716,
        0.0796
    ]
}