{
    "thrust": 0.09044620906241033,
    "discharge_current": 19.04879300373536,
    "ion_velocity": [
        -1758.4293751381035,
        1321.589204290912,
        6153.880876781446,
        13734.171202341766,
        16643.331546276804,
        18429.46869626763,
        19795.37434455675,
        20715.161496340326,
        21234.87000081624,
        21489.388604724758,
        21602.491306860895
    ],
    "z_normalized": [
        0.0,
        0.0076,
        0.0156,
        0.0236,
        0.0316,
        0.039599999999999996,
        0.0476,
        0.0556,
        0.0636,
        0.0716,
        0.0796
    ]
}