{
    "thrust": 0.09930916627437703,
    "discharge_current": 8.640049242937945,
    "ion_velocity": [
        -1236.3227400745739,
        -256.7166446382637,
        1655.5258368669859,
        8284.862090394556,
        12797.5412397568,
        16068.992396872698,
        18399.628822411607,
        19904.88443187742,
        20741.88427570806,
        21128.914737360275,
        21252.69591947139
    ],
    "z_normalized": [
        0.0,
        0.0076,
        0.0156,
        0.0236,
        0.0316,
        0.039599999999999996,
        0.0476,
        0.0556,
        0.0636,
        0.0716,
        0.0796
    ]
}