{
    "thrust": 0.09512737946609094,
    "discharge_current": 13.107060180716426,
    "ion_velocity": [
        -1373.566821393652,
        -68.7513180564389,
        3570.813849360732,
        10157.338743066277,
        14031.952848948633,
        16793.812046937677,
        18790.51205826415,
        20116.099012119405,
        20864.542547652072,
        21223.970291161342,
        21368.04182473014
    ],
    "z_normalized": [
        0.0,
        0.0076,
        0.0156,
        0.0236,
        0.0316,
        0.039599999999999996,
        0.0476,
        0.0556,
        0.0636,
        0.0716,
        0.0796
    ]
}