{
    "thrust": 0.09830794940628738,
    "discharge_current": 8.589216128659698,
    "ion_velocity": [
        -1236.5009104514388,
        -257.5932636387177,
        2555.70465033872,
        11660.52218639963,
        15166.261965243459,
        17441.473027852433,
        19138.617351558318,
        20250.19712711049,
        20865.512905378535,
        21151.245771337988,
        21247.27330300761
    ],
    "z_normalized": [
        0.0,
        0.0076,
        0.0156,
        0.0236,
        0.0316,
        0.039599999999999996,
        0.0476,
        0.0556,
        0.0636,
        0.0716,
        0.0796
    ]
}