{
    "thrust": 0.0794624273879603,
    "discharge_current": 53.75534396400061,
    "ion_velocity": [
        -2594.7108670149023,
        2108.829952493513,
        4100.996684037958,
        7404.6704546836345,
        11605.764593125117,
        15533.813653453366,
        18463.4825079887,
        20298.567525982133,
        21300.352167511395,
        21793.69417687975,
        22050.33501022307
    ],
    "z_normalized": [
        0.0,
        0.0076,
        0.0156,
        0.0236,
        0.0316,
        0.039599999999999996,
        0.0476,
        0.0556,
        0.0636,
        0.0716,
        0.0796
    ]
}