{
    "thrust": 0.0855864664779855,
    "discharge_current": 29.12687962944345,
    "ion_velocity": [
        -2115.107095800036,
        1981.9072793099158,
        5955.51672944681,
        12407.275715111233,
        15683.599625164374,
        17982.829556221353,
        19654.45170553536,
        20742.480094864684,
        21359.48217420102,
        21664.164992080645,
        21808.896410922767
    ],
    "z_normalized": [
        0.0,
        0.0076,
        0.0156,
        0.0236,
        0.0316,
        0.039599999999999996,
        0.0476,
        0.0556,
        0.0636,
        0.0716,
        0.0796
    ]
}