{
    "thrust": 0.08336279912722122,
    "discharge_current": 32.25067808764789,
    "ion_velocity": [
        -2256.0742558050506,
        2320.0820092026383,
        6649.555100458992,
        14147.281104826088,
        16863.951929500276,
        18750.17508837721,
        20119.650485449933,
        21018.211332516523,
        21525.921778158492,
        21777.91346373443,
        21899.361196673122
    ],
    "z_normalized": [
        0.0,
        0.0076,
        0.0156,
        0.0236,
        0.0316,
        0.039599999999999996,
        0.0476,
        0.0556,
        0.0636,
        0.0716,
        0.0796
    ]
}