{
    "thrust": 0.08485094721900907,
    "discharge_current": 29.37285976594794,
    "ion_velocity": [
        -2157.7465657289176,
        2149.674429287816,
        6487.890705532178,
        13731.044416755787,
        16644.34516197197,
        18587.341177508697,
        19997.81378986332,
        20928.582517671526,
        21455.453854047282,
        21716.40470255395,
        21840.406409977404
    ],
    "z_normalized": [
        0.0,
        0.0076,
        0.0156,
        0.0236,
        0.0316,
        0.039599999999999996,
        0.0476,
        0.0556,
        0.0636,
        0.0716,
        0.0796
    ]
}