{
    "thrust": 0.09169911740313082,
    "discharge_current": 19.492704491612688,
    "ion_velocity": [
        -1714.7062681000684,
        978.801846221672,
        4199.0150482803065,
        9603.489235180015,
        13538.15411087234,
        16575.578146739103,
        18763.58764547383,
        20186.469632968885,
        20999.430609059305,
        21395.235573533824,
        21569.894610851243
    ],
    "z_normalized": [
        0.0,
        0.0076,
        0.0156,
        0.0236,
        0.0316,
        0.039599999999999996,
        0.0476,
        0.0556,
        0.0636,
        0.0716,
        0.0796
    ]
}