{
    "thrust": 0.10046505538473281,
    "discharge_current": 8.016347173367157,
    "ion_velocity": [
        -1236.1384581832292,
        -262.60647513039964,
        1559.952798662824,
        8910.44503637906,
        13279.327482987817,
        16343.003849374873,
        18548.590603154615,
        19973.7963828235,
        20761.697660018195,
        21121.649376658243,
        21230.877596683244
    ],
    "z_normalized": [
        0.0,
        0.0076,
        0.0156,
        0.0236,
        0.0316,
        0.039599999999999996,
        0.0476,
        0.0556,
        0.0636,
        0.0716,
        0.0796
    ]
}