{
    "thrust": 0.08095201289538553,
    "discharge_current": 44.800679046934434,
    "ion_velocity": [
        -2467.4515180537137,
        2220.113320474942,
        5173.311972937802,
        10066.55054517777,
        13848.72899233315,
        16905.002783778917,
        19178.2219190177,
        20605.72019663016,
        21402.10550790987,
        21796.986319261006,
        21996.971228136514
    ],
    "z_normalized": [
        0.0,
        0.0076,
        0.0156,
        0.0236,
        0.0316,
        0.039599999999999996,
        0.0476,
        0.0556,
        0.0636,
        0.0716,
        0.0796
    ]
}