{
    "thrust": 0.09442424615544945,
    "discharge_current": 13.515802779123558,
    "ion_velocity": [
        -1469.2789906689918,
        256.8587694595767,
        5944.226533244626,
        15161.335950332383,
        17536.188916240204,
        18928.442798910142,
        20017.297864761582,
        20738.19840038923,
        21142.333822312186,
        21337.969525327564,
        21418.892281353124
    ],
    "z_normalized": [
        0.0,
        0.0076,
        0.0156,
        0.0236,
        0.0316,
        0.039599999999999996,
        0.0476,
        0.0556,
        0.0636,
        0.0716,
        0.0796
    ]
}