{
    "thrust": 0.08629869599707013,
    "discharge_current": 29.762224816803055,
    "ion_velocity": [
        -2082.7193737802268,
        1780.7791358350735,
        5089.659690698438,
        10472.406125661004,
        14172.857366262031,
        17038.026763206144,
        19144.657976580078,
        20476.178443079036,
        21231.175013737888,
        21602.78443659757,
        21779.796838445185
    ],
    "z_normalized": [
        0.0,
        0.0076,
        0.0156,
        0.0236,
        0.0316,
        0.039599999999999996,
        0.0476,
        0.0556,
        0.0636,
        0.0716,
        0.0796
    ]
}