{
    "thrust": 0.10190916758109277,
    "discharge_current": 6.962065566240074,
    "ion_velocity": [
        -1235.5441303971,
        -256.8119997915326,
        1784.7228187213136,
        12586.308272097298,
        15878.68814198067,
        17867.777198008316,
        19361.969576270414,
        20328.530356464908,
        20855.027353772683,
        21089.038815530042,
        21156.049347100776
    ],
    "z_normalized": [
        0.0,
        0.0076,
        0.0156,
        0.0236,
        0.0316,
        0.039599999999999996,
        0.0476,
        0.0556,
        0.0636,
        0.0716,
        0.0796
    ]
}