{
    "thrust": 0.08918412535125769,
    "discharge_current": 19.933880085176362,
    "ion_velocity": [
        -1823.0301155104617,
        1582.981276422035,
        6807.037896058204,
        15031.681834037841,
        17551.975640566874,
        19017.639984384252,
        20153.515946248448,
        20911.70565438511,
        21339.622667152966,
        21550.00378783706,
        21644.111061754706
    ],
    "z_normalized": [
        0.0,
        0.0076,
        0.0156,
        0.0236,
        0.0316,
        0.039599999999999996,
        0.0476,
        0.0556,
        0.0636,
        0.0716,
        0.0796
    ]
}