{
    "thrust": 0.07986330712564535,
    "discharge_current": 52.447966654546285,
    "ion_velocity": [
        -2565.9090587155015,
        2079.2738047983407,
        4075.7266950532926,
        7394.422023524375,
        11574.802961755893,
        15511.060661104591,
        18445.732722346096,
        20282.49891202341,
        21285.08839838391,
        21778.430465292968,
        22034.32564570321
    ],
    "z_normalized": [
        0.0,
        0.0076,
        0.0156,
        0.0236,
        0.0316,
        0.039599999999999996,
        0.0476,
        0.0556,
        0.0636,
        0.0716,
        0.0796
    ]
}