{
    "thrust": 0.06940902171528318,
    "discharge_current": 4.247766496409434,
    "ion_velocity": [
        -1251.8112619787555,
        1092.8061480997135,
        4658.963918771009,
        10791.027860947015,
        13268.453352998444,
        14779.715988766045,
        16120.984584678452,
        17248.408028118727,
        17898.329157332544,
        18148.51603815127,
        18240.30540786003
    ],
    "z_normalized": [
        0.0,
        0.0076,
        0.0156,
        0.0236,
        0.0316,
        0.039599999999999996,
        0.0476,
        0.0556,
        0.0636,
        0.0716,
        0.0796
    ]
}