{
    "thrust": 0.08543040725507353,
    "discharge_current": 28.388658964269172,
    "ion_velocity": [
        -2115.3020595315616,
        2050.8956522356784,
        6309.063495156173,
        13295.345372914844,
        16340.222355723132,
        18388.591800768714,
        19874.595004888342,
        20854.442922625785,
        21409.525045107905,
        21683.97261734208,
        21813.774023448346
    ],
    "z_normalized": [
        0.0,
        0.0076,
        0.0156,
        0.0236,
        0.0316,
        0.039599999999999996,
        0.0476,
        0.0556,
        0.0636,
        0.0716,
        0.0796
    ]
}