{
    "thrust": 0.09493340477992834,
    "discharge_current": 12.953057777582371,
    "ion_velocity": [
        -1389.8219259629875,
        -9.281748554572488,
        4396.472403277656,
        12248.910540200079,
        15480.705917907933,
        17641.998341304392,
        19267.509547209604,
        20352.625167201222,
        20962.391860580734,
        21255.82915038096,
        21374.661990856384
    ],
    "z_normalized": [
        0.0,
        0.0076,
        0.0156,
        0.0236,
        0.0316,
        0.039599999999999996,
        0.0476,
        0.0556,
        0.0636,
        0.0716,
        0.0796
    ]
}