{
    "thrust": 0.07968382984488673,
    "discharge_current": 50.47123539200436,
    "ion_velocity": [
        -2564.176532629513,
        2215.7622358601748,
        4757.889928382182,
        8949.44455519132,
        12944.71000197159,
        16354.097272435032,
        18899.567767585504,
        20497.919322132908,
        21380.865816883506,
        21818.452850949452,
        22043.757820473445
    ],
    "z_normalized": [
        0.0,
        0.0076,
        0.0156,
        0.0236,
        0.0316,
        0.039599999999999996,
        0.0476,
        0.0556,
        0.0636,
        0.0716,
        0.0796
    ]
}