{
    "thrust": 0.09465031669886335,
    "discharge_current": 16.121694038617555,
    "ion_velocity": [
        -1549.7055919605057,
        369.27448015110735,
        3315.9834303225107,
        8158.355864780331,
        12600.20134314161,
        16020.206869015636,
        18408.273143398266,
        19969.76606485465,
        20862.018223372055,
        21293.356863043144,
        21473.969408929115
    ],
    "z_normalized": [
        0.0,
        0.0076,
        0.0156,
        0.0236,
        0.0316,
        0.039599999999999996,
        0.0476,
        0.0556,
        0.0636,
        0.0716,
        0.0796
    ]
}