{
    "thrust": 0.08660819826792814,
    "discharge_current": 26.628653700594345,
    "ion_velocity": [
        -2032.3772904387054,
        1860.2421877589875,
        5957.539611099481,
        12538.108799683583,
        15783.285281967941,
        18022.792596630195,
        19647.161303287023,
        20715.72612327851,
        21321.925965765207,
        21620.71105769008,
        21760.720580426685
    ],
    "z_normalized": [
        0.0,
        0.0076,
        0.0156,
        0.0236,
        0.0316,
        0.039599999999999996,
        0.0476,
        0.0556,
        0.0636,
        0.0716,
        0.0796
    ]
}