{
    "thrust": 0.10245063339537262,
    "discharge_current": 7.424047122695817,
    "ion_velocity": [
        -1235.236365952006,
        -251.49378359900444,
        1249.1984759163113,
        8345.396160925495,
        12902.364626821365,
        16119.608250086589,
        18427.61783004732,
        19908.702231402593,
        20722.898854651543,
        21087.79409359714,
        21189.028913067028
    ],
    "z_normalized": [
        0.0,
        0.0076,
        0.0156,
        0.0236,
        0.0316,
        0.039599999999999996,
        0.0476,
        0.0556,
        0.0636,
        0.0716,
        0.0796
    ]
}