{
    "thrust": 0.08194007234827916,
    "discharge_current": 38.90634249140702,
    "ion_velocity": [
        -2381.5367720672934,
        2302.0125500850577,
        5930.6200526822995,
        12079.140163176648,
        15396.656989448176,
        17862.901848889625,
        19676.35123223773,
        20828.02876903103,
        21478.417601299323,
        21801.365894608207,
        21961.535399462206
    ],
    "z_normalized": [
        0.0,
        0.0076,
        0.0156,
        0.0236,
        0.0316,
        0.039599999999999996,
        0.0476,
        0.0556,
        0.0636,
        0.0716,
        0.0796
    ]
}