{
    "thrust": 0.09963053040936105,
    "discharge_current": 8.841408861436982,
    "ion_velocity": [
        -1236.2624766516783,
        -255.93238511192916,
        1410.8986861373626,
        7081.939516338933,
        11900.986472744205,
        15563.607452796145,
        18133.402260259194,
        19778.931922570853,
        20696.421752987724,
        21121.301120241773,
        21256.76836018183
    ],
    "z_normalized": [
        0.0,
        0.0076,
        0.0156,
        0.0236,
        0.0316,
        0.039599999999999996,
        0.0476,
        0.0556,
        0.0636,
        0.0716,
        0.0796
    ]
}