{
    "thrust": 0.08517448412395363,
    "discharge_current": 32.325886215741406,
    "ion_velocity": [
        -2170.557140895392,
        1934.6057992085096,
        5310.502754163993,
        10803.052497672792,
        14440.081278001266,
        17221.689242549,
        19269.294508472318,
        20563.63395162377,
        21296.24402662923,
        21657.685300339726,
        21832.06490884465
    ],
    "z_normalized": [
        0.0,
        0.0076,
        0.0156,
        0.0236,
        0.0316,
        0.039599999999999996,
        0.0476,
        0.0556,
        0.0636,
        0.0716,
        0.0796
    ]
}