{
    "thrust": 0.08743481095634215,
    "discharge_current": 29.887239346155486,
    "ion_velocity": [
        -2037.944942282463,
        1193.864176487425,
        2275.2536697211526,
        3948.8307302482062,
        9160.287164135168,
        14018.060988072471,
        17560.402922638554,
        19726.91093376293,
        20905.719055781883,
        21474.37320404127,
        21752.369993027613
    ],
    "z_normalized": [
        0.0,
        0.0076,
        0.0156,
        0.0236,
        0.0316,
        0.039599999999999996,
        0.0476,
        0.0556,
        0.0636,
        0.0716,
        0.0796
    ]
}