{
    "thrust": 0.09943288010605207,
    "discharge_current": 7.7562926753251284,
    "ion_velocity": [
        -1236.3720973054528,
        -265.32328309922036,
        2464.904126747831,
        13157.210439291493,
        16217.98687245142,
        18077.184577407985,
        19485.625081648042,
        20403.196651240993,
        20907.260627286378,
        21137.817500663627,
        21211.73729179475
    ],
    "z_normalized": [
        0.0,
        0.0076,
        0.0156,
        0.0236,
        0.0316,
        0.039599999999999996,
        0.0476,
        0.0556,
        0.0636,
        0.0716,
        0.0796
    ]
}