{
    "thrust": 0.08051190275639257,
    "discharge_current": 50.71689661074707,
    "ion_velocity": [
        -2531.765864868863,
        2063.538792726999,
        4064.9405542266195,
        7399.465410421956,
        11628.20161744449,
        15538.455118364249,
        18453.497292668966,
        20276.401756353876,
        21271.744554925,
        21761.132254582717,
        22013.891402742905
    ],
    "z_normalized": [
        0.0,
        0.0076,
        0.0156,
        0.0236,
        0.0316,
        0.039599999999999996,
        0.0476,
        0.0556,
        0.0636,
        0.0716,
        0.0796
    ]
}