{
    "thrust": 9.042845708420166e-05,
    "discharge_current": 0.0180487149857796,
    "ion_velocity": [
        -238.4001058157128,
        1383.7871174278555,
        2192.968598541434,
        2414.9774834882523,
        4011.0669642627518,
        1144.050259914098,
        773.3304605506321,
        725.5675342341378,
        552.9581189117458,
        488.4737975215985,
        544.156164869433
    ],
    "z_normalized": [
        0.0,
        0.0076,
        0.0156,
        0.0236,
        0.0316,
        0.039599999999999996,
        0.0476,
        0.0556,
        0.0636,
        0.0716,
        0.0796
    ]
}