{
    "thrust": 0.08919987392226215,
    "discharge_current": 21.36589178022378,
    "ion_velocity": [
        -1843.0504761635118,
        1510.0898526018132,
        5954.900519498394,
        12997.510608052018,
        16120.06423136882,
        18160.388710612788,
        19659.45447559576,
        20670.232420399985,
        21242.893081107017,
        21523.84230828993,
        21651.063352035973
    ],
    "z_normalized": [
        0.0,
        0.0076,
        0.0156,
        0.0236,
        0.0316,
        0.039599999999999996,
        0.0476,
        0.0556,
        0.0636,
        0.0716,
        0.0796
    ]
}