{
    "thrust": 0.08326767910374387,
    "discharge_current": 36.67101459880369,
    "ion_velocity": [
        -2293.590309604285,
        2103.1483178676576,
        5436.278657501425,
        10905.598603694698,
        14520.544591875401,
        17295.631007559583,
        19345.116167020224,
        20637.15634124859,
        21365.764844048987,
        21726.286384717714,
        21903.610574512604
    ],
    "z_normalized": [
        0.0,
        0.0076,
        0.0156,
        0.0236,
        0.0316,
        0.039599999999999996,
        0.0476,
        0.0556,
        0.0636,
        0.0716,
        0.0796
    ]
}