{
    "thrust": 0.061544702180691885,
    "discharge_current": 4.37465678666006,
    "ion_velocity": [
        -1254.1212542919056,
        1100.3306144397372,
        4400.1585208654615,
        10650.955813470595,
        13410.880052741411,
        15171.42105194098,
        16837.656544225858,
        17989.432442984384,
        18670.219780256295,
        18977.566927704367,
        19037.238168904096
    ],
    "z_normalized": [
        0.0,
        0.0076,
        0.0156,
        0.0236,
        0.0316,
        0.039599999999999996,
        0.0476,
        0.0556,
        0.0636,
        0.0716,
        0.0796
    ]
}