{
    "thrust": 0.09810091991986851,
    "discharge_current": 8.578375427699662,
    "ion_velocity": [
        -1236.5406245183335,
        -257.1892473939201,
        2964.4826383535637,
        12991.936765257138,
        16069.920281836326,
        17984.26093077334,
        19436.307657285746,
        20387.593643066975,
        20913.375892140542,
        21157.89277069784,
        21241.636941755387
    ],
    "z_normalized": [
        0.0,
        0.0076,
        0.0156,
        0.0236,
        0.0316,
        0.039599999999999996,
        0.0476,
        0.0556,
        0.0636,
        0.0716,
        0.0796
    ]
}