{
    "thrust": 0.0822738786747874,
    "discharge_current": 37.687843188143965,
    "ion_velocity": [
        -2355.934388583316,
        2289.1986694759694,
        5994.181128950546,
        12264.292001793538,
        15540.804908477669,
        17947.852865180306,
        19713.96684372664,
        20839.859381811613,
        21476.173838574294,
        21792.078712930175,
        21948.04221024729
    ],
    "z_normalized": [
        0.0,
        0.0076,
        0.0156,
        0.0236,
        0.0316,
        0.039599999999999996,
        0.0476,
        0.0556,
        0.0636,
        0.0716,
        0.0796
    ]
}