{
    "thrust": 0.10305884359343136,
    "discharge_current": 6.950558784681387,
    "ion_velocity": [
        -1234.7542474319137,
        -232.19180119940714,
        1466.6558982798904,
        10738.031385563527,
        14620.348172411826,
        17112.02458587603,
        18951.132874328658,
        20137.875807809054,
        20785.06073636557,
        21070.941467344022,
        21148.581058490177
    ],
    "z_normalized": [
        0.0,
        0.0076,
        0.0156,
        0.0236,
        0.0316,
        0.039599999999999996,
        0.0476,
        0.0556,
        0.0636,
        0.0716,
        0.0796
    ]
}