{
    "thrust": 0.10066769146552314,
    "discharge_current": 7.909695376754559,
    "ion_velocity": [
        -1236.0931181013477,
        -263.46069485407065,
        1552.2423649010675,
        9077.541585016788,
        13404.394755316289,
        16414.50916798497,
        18586.969121468555,
        19991.07282045969,
        20766.413240001202,
        21119.770876492577,
        21226.014960491568
    ],
    "z_normalized": [
        0.0,
        0.0076,
        0.0156,
        0.0236,
        0.0316,
        0.039599999999999996,
        0.0476,
        0.0556,
        0.0636,
        0.0716,
        0.0796
    ]
}