{
    "thrust": 0.07791592349635013,
    "discharge_current": 57.73344773224022,
    "ion_velocity": [
        -2697.0357121886827,
        2264.0976596315077,
        4463.181971701153,
        8097.949202851302,
        12239.733244901769,
        15936.02082797128,
        18699.871506387295,
        20438.23386227237,
        21391.811305658284,
        21864.251736146176,
        22111.92746621322
    ],
    "z_normalized": [
        0.0,
        0.0076,
        0.0156,
        0.0236,
        0.0316,
        0.039599999999999996,
        0.0476,
        0.0556,
        0.0636,
        0.0716,
        0.0796
    ]
}