{
    "thrust": 0.0925807764839016,
    "discharge_current": 16.300608751108985,
    "ion_velocity": [
        -1643.2112696132506,
        947.6579358745184,
        6297.090831660337,
        14620.759833634653,
        17216.108342322786,
        18754.75915355806,
        19959.848680580682,
        20764.13112390555,
        21216.91205080978,
        21437.81804925265,
        21533.097332859834
    ],
    "z_normalized": [
        0.0,
        0.0076,
        0.0156,
        0.0236,
        0.0316,
        0.039599999999999996,
        0.0476,
        0.0556,
        0.0636,
        0.0716,
        0.0796
    ]
}