{
    "thrust": 0.07945744286425481,
    "discharge_current": 49.35759638269981,
    "ion_velocity": [
        -2571.043152682977,
        2332.901666823056,
        5271.3239825658275,
        10227.931289652995,
        13927.381797412825,
        16973.54841665632,
        19240.625827121636,
        20665.906730619485,
        21459.12318121493,
        21852.910406628023,
        22055.195315274566
    ],
    "z_normalized": [
        0.0,
        0.0076,
        0.0156,
        0.0236,
        0.0316,
        0.039599999999999996,
        0.0476,
        0.0556,
        0.0636,
        0.0716,
        0.0796
    ]
}