{
    "thrust": 0.04003088970218863,
    "discharge_current": 0.39918759015972227,
    "ion_velocity": [
        -179.3840542187687,
        880.6866507194611,
        1460.4758429572678,
        576.6632888467568,
        904.4639252321444,
        1914.3163705799561,
        3528.7742669104045,
        4939.8465299441905,
        6053.093109833095,
        6855.585482781762,
        7452.8397782739985
    ],
    "z_normalized": [
        0.0,
        0.0076,
        0.0156,
        0.0236,
        0.0316,
        0.039599999999999996,
        0.0476,
        0.0556,
        0.0636,
        0.0716,
        0.0796
    ]
}