{
    "thrust": 0.0809769819938856,
    "discharge_current": 46.91744843208309,
    "ion_velocity": [
        -2477.209019139561,
        2080.337218535356,
        4462.648629447879,
        8385.156278830511,
        12465.899696915887,
        16041.672716995801,
        18711.748080956728,
        20384.43367734134,
        21305.904401368975,
        21761.439313818144,
        21993.427210209917
    ],
    "z_normalized": [
        0.0,
        0.0076,
        0.0156,
        0.0236,
        0.0316,
        0.039599999999999996,
        0.0476,
        0.0556,
        0.0636,
        0.0716,
        0.0796
    ]
}