{
    "thrust": 0.08646676974934785,
    "discharge_current": 24.257716900161103,
    "ion_velocity": [
        -2009.3950106280763,
        2006.8499478351466,
        6937.652236840665,
        15099.105508182789,
        17598.09929470012,
        19117.449969029967,
        20257.99156416723,
        21017.825413917835,
        21447.184956860267,
        21659.44455756515,
        21757.32023996716
    ],
    "z_normalized": [
        0.0,
        0.0076,
        0.0156,
        0.0236,
        0.0316,
        0.039599999999999996,
        0.0476,
        0.0556,
        0.0636,
        0.0716,
        0.0796
    ]
}