{
    "thrust": 0.09373084256866096,
    "discharge_current": 16.476792540900462,
    "ion_velocity": [
        -1608.4771518104187,
        689.7132245144238,
        4596.659085558293,
        11113.538622729455,
        14691.164859248274,
        17225.74712443257,
        19074.93779829812,
        20317.44519667493,
        21022.023233259304,
        21363.86664293292,
        21510.080705225777
    ],
    "z_normalized": [
        0.0,
        0.0076,
        0.0156,
        0.0236,
        0.0316,
        0.039599999999999996,
        0.0476,
        0.0556,
        0.0636,
        0.0716,
        0.0796
    ]
}