{
    "thrust": 0.10166906513267694,
    "discharge_current": 6.977695928106742,
    "ion_velocity": [
        -1235.6435299508103,
        -259.35651235736503,
        1850.3866796352295,
        12883.020049136854,
        16076.883099545474,
        17988.12144628147,
        19427.425587794252,
        20358.74575414459,
        20866.10378090627,
        21091.978677402676,
        21157.373489462065
    ],
    "z_normalized": [
        0.0,
        0.0076,
        0.0156,
        0.0236,
        0.0316,
        0.039599999999999996,
        0.0476,
        0.0556,
        0.0636,
        0.0716,
        0.0796
    ]
}