{
    "thrust": 0.08168427510190093,
    "discharge_current": 44.93699431230355,
    "ion_velocity": [
        -2428.690392797748,
        2026.0523013010666,
        4399.120888314066,
        8304.340498590558,
        12392.188876605907,
        15987.55104433389,
        18671.21517151426,
        20350.614649846262,
        21276.51876271056,
        21733.84317136485,
        21965.32086133986
    ],
    "z_normalized": [
        0.0,
        0.0076,
        0.0156,
        0.0236,
        0.0316,
        0.039599999999999996,
        0.0476,
        0.0556,
        0.0636,
        0.0716,
        0.0796
    ]
}