{
    "thrust": 0.08092989010741501,
    "discharge_current": 42.463584876376736,
    "ion_velocity": [
        -2456.2291237526056,
        2358.018465097527,
        5849.573123703885,
        11835.030679370679,
        15102.408765380715,
        17693.855878038514,
        19605.940339372988,
        20814.31276653802,
        21493.825712524635,
        21831.024447827156,
        22000.59558666206
    ],
    "z_normalized": [
        0.0,
        0.0076,
        0.0156,
        0.0236,
        0.0316,
        0.039599999999999996,
        0.0476,
        0.0556,
        0.0636,
        0.0716,
        0.0796
    ]
}