{
    "thrust": 0.07896976651664199,
    "discharge_current": 52.855190308828625,
    "ion_velocity": [
        -2614.5605155501025,
        2255.2820430236898,
        4748.959228597665,
        8878.408053765474,
        12885.92485299912,
        16326.241280400425,
        18895.90402398079,
        20510.638192590224,
        21401.21853268886,
        21842.786287970503,
        22071.585248786898
    ],
    "z_normalized": [
        0.0,
        0.0076,
        0.0156,
        0.0236,
        0.0316,
        0.039599999999999996,
        0.0476,
        0.0556,
        0.0636,
        0.0716,
        0.0796
    ]
}