{
    "thrust": 0.09781208492332405,
    "discharge_current": 9.68524234973018,
    "ion_velocity": [
        -1236.4393959606002,
        -250.22146834737188,
        1894.5397338767416,
        7920.133397534174,
        12492.791076534633,
        15895.677678103139,
        18298.999031277075,
        19853.41623555747,
        20723.91134110015,
        21132.130456535047,
        21272.599382986078
    ],
    "z_normalized": [
        0.0,
        0.0076,
        0.0156,
        0.0236,
        0.0316,
        0.039599999999999996,
        0.0476,
        0.0556,
        0.0636,
        0.0716,
        0.0796
    ]
}