{
    "thrust": 0.09563307554899483,
    "discharge_current": 10.873001712646408,
    "ion_velocity": [
        -1236.5580803531204,
        -263.72607724630006,
        4002.2874631363316,
        13005.636431668507,
        16010.90864154773,
        17935.488794955523,
        19402.916694626296,
        20374.778237094455,
        20917.30174847462,
        21175.88937820063,
        21275.326700526963
    ],
    "z_normalized": [
        0.0,
        0.0076,
        0.0156,
        0.0236,
        0.0316,
        0.039599999999999996,
        0.0476,
        0.0556,
        0.0636,
        0.0716,
        0.0796
    ]
}