{
    "thrust": 0.08692270255288394,
    "discharge_current": 32.015377649249984,
    "ion_velocity": [
        -2100.7220462821438,
        1369.8330882411708,
        2726.590139425901,
        4943.268664728789,
        9842.22503591393,
        14422.487147700393,
        17782.46482471371,
        19845.173528910225,
        20969.86346624356,
        21513.904198495136,
        21781.523092812353
    ],
    "z_normalized": [
        0.0,
        0.0076,
        0.0156,
        0.0236,
        0.0316,
        0.039599999999999996,
        0.0476,
        0.0556,
        0.0636,
        0.0716,
        0.0796
    ]
}