{
    "thrust": 0.08899946308438234,
    "discharge_current": 23.819570711881777,
    "ion_velocity": [
        -1882.121666268525,
        1409.5951329253692,
        4737.811542144089,
        10212.878641659827,
        13963.884609267983,
        16868.89614733683,
        18985.244045384952,
        20340.79174764498,
        21113.396457636638,
        21491.6872529683,
        21665.415536819655
    ],
    "z_normalized": [
        0.0,
        0.0076,
        0.0156,
        0.0236,
        0.0316,
        0.039599999999999996,
        0.0476,
        0.0556,
        0.0636,
        0.0716,
        0.0796
    ]
}