{
    "thrust": 0.0981941101575379,
    "discharge_current": 9.12550381334067,
    "ion_velocity": [
        -1236.4465393804567,
        -253.618838654341,
        2007.4540393945358,
        8928.611375007771,
        13241.461855001178,
        16320.8931393679,
        18529.05995088613,
        19964.674801130604,
        20764.93490494103,
        21138.144049895316,
        21263.57451993898
    ],
    "z_normalized": [
        0.0,
        0.0076,
        0.0156,
        0.0236,
        0.0316,
        0.039599999999999996,
        0.0476,
        0.0556,
        0.0636,
        0.0716,
        0.0796
    ]
}