{
    "thrust": 0.07972528190177107,
    "discharge_current": 48.18616562661525,
    "ion_velocity": [
        -2550.6608140724406,
        2340.5130657063332,
        5380.519130823949,
        10527.53646692417,
        14143.187292327159,
        17105.969450641078,
        19308.26455162925,
        20693.102025552475,
        21465.362888991316,
        21848.71282144083,
        22044.99031905938
    ],
    "z_normalized": [
        0.0,
        0.0076,
        0.0156,
        0.0236,
        0.0316,
        0.039599999999999996,
        0.0476,
        0.0556,
        0.0636,
        0.0716,
        0.0796
    ]
}