{
    "thrust": 0.08217465151528411,
    "discharge_current": 42.77258887874491,
    "ion_velocity": [
        -2390.5174872593384,
        2028.6393219605277,
        4582.248990066439,
        8784.594128533177,
        12797.580374499908,
        16234.371389975837,
        18796.686592493,
        20399.64163827371,
        21287.5112270423,
        21726.14426953308,
        21946.639276716116
    ],
    "z_normalized": [
        0.0,
        0.0076,
        0.0156,
        0.0236,
        0.0316,
        0.039599999999999996,
        0.0476,
        0.0556,
        0.0636,
        0.0716,
        0.0796
    ]
}