{
    "thrust": 0.09004108683736241,
    "discharge_current": 21.818175443627307,
    "ion_velocity": [
        -1810.6474297239654,
        1258.8528945934067,
        4656.765814865232,
        10272.627659742006,
        14018.090906839556,
        16886.207779189877,
        18964.731379599103,
        20311.600077197723,
        21079.90580260046,
        21455.341112230442,
        21625.094222600346
    ],
    "z_normalized": [
        0.0,
        0.0076,
        0.0156,
        0.0236,
        0.0316,
        0.039599999999999996,
        0.0476,
        0.0556,
        0.0636,
        0.0716,
        0.0796
    ]
}