{
    "thrust": 0.09435275238503467,
    "discharge_current": 15.707880128866972,
    "ion_velocity": [
        -1582.7599829464932,
        609.8585472139212,
        4909.563259251998,
        12023.836622038547,
        15340.946200480237,
        17598.26943870776,
        19281.492975266443,
        20413.452325241058,
        21053.044772737983,
        21363.19811099384,
        21494.813596661304
    ],
    "z_normalized": [
        0.0,
        0.0076,
        0.0156,
        0.0236,
        0.0316,
        0.039599999999999996,
        0.0476,
        0.0556,
        0.0636,
        0.0716,
        0.0796
    ]
}