{
    "thrust": 0.08606881257301022,
    "discharge_current": 25.051090362082856,
    "ion_velocity": [
        -2040.0815659208793,
        2057.864431023653,
        6925.966157040619,
        15041.257126621813,
        17555.173243917143,
        19102.734871184835,
        20257.553845233655,
        21026.63853600607,
        21461.276965261455,
        21676.294220454325,
        21775.93974277783
    ],
    "z_normalized": [
        0.0,
        0.0076,
        0.0156,
        0.0236,
        0.0316,
        0.039599999999999996,
        0.0476,
        0.0556,
        0.0636,
        0.0716,
        0.0796
    ]
}