{
    "thrust": 0.07976353643128511,
    "discharge_current": 48.90771136880195,
    "ion_velocity": [
        -2551.7491608510613,
        2307.365314814703,
        5225.402351032378,
        10134.677337074689,
        13787.229840503098,
        16883.6311110868,
        19187.470568892484,
        20634.40481348922,
        21438.581180347013,
        21837.075152964193,
        22041.615885245435
    ],
    "z_normalized": [
        0.0,
        0.0076,
        0.0156,
        0.0236,
        0.0316,
        0.039599999999999996,
        0.0476,
        0.0556,
        0.0636,
        0.0716,
        0.0796
    ]
}