{
    "thrust": 0.08310164338334612,
    "discharge_current": 42.371845389067964,
    "ion_velocity": [
        -2350.5876322134936,
        1728.6581239721118,
        3249.0894479556323,
        5863.25810759905,
        10356.638554308289,
        14747.01448573411,
        18000.01590610584,
        20018.575014168386,
        21113.131878340584,
        21646.844269024266,
        21917.301790386595
    ],
    "z_normalized": [
        0.0,
        0.0076,
        0.0156,
        0.0236,
        0.0316,
        0.039599999999999996,
        0.0476,
        0.0556,
        0.0636,
        0.0716,
        0.0796
    ]
}