{
    "thrust": 0.09128742625270597,
    "discharge_current": 22.27590651974693,
    "ion_velocity": [
        -1781.1396814838108,
        765.4070697671172,
        1788.0767275844662,
        3057.643344386654,
        8733.047438019656,
        13805.741374668738,
        17388.43761870175,
        19560.951992509494,
        20762.578651469354,
        21336.605075859483,
        21609.166642758533
    ],
    "z_normalized": [
        0.0,
        0.0076,
        0.0156,
        0.0236,
        0.0316,
        0.039599999999999996,
        0.0476,
        0.0556,
        0.0636,
        0.0716,
        0.0796
    ]
}