{
    "thrust": 0.0820855477056263,
    "discharge_current": 42.57334555461703,
    "ion_velocity": [
        -2394.155539222902,
        2072.7179387179435,
        4781.88695135509,
        9228.937524039779,
        13168.901873950344,
        16466.495645743027,
        18922.814119511957,
        20460.78310081226,
        21315.50375490207,
        21738.13421109189,
        21950.491279172842
    ],
    "z_normalized": [
        0.0,
        0.0076,
        0.0156,
        0.0236,
        0.0316,
        0.039599999999999996,
        0.0476,
        0.0556,
        0.0636,
        0.0716,
        0.0796
    ]
}