{
    "thrust": 0.09102083931536646,
    "discharge_current": 21.193597081643112,
    "ion_velocity": [
        -1760.177779321848,
        1024.6628769418498,
        3726.239642887715,
        8241.121428861305,
        12477.352690337793,
        15947.361066613303,
        18470.084815760587,
        20051.682708705303,
        20956.043693129985,
        21396.779641180074,
        21593.662746721733
    ],
    "z_normalized": [
        0.0,
        0.0076,
        0.0156,
        0.0236,
        0.0316,
        0.039599999999999996,
        0.0476,
        0.0556,
        0.0636,
        0.0716,
        0.0796
    ]
}