{
    "thrust": 3.190173370211442e-13,
    "discharge_current": 7.97024856360915e-12,
    "ion_velocity": [
        -1238.1762363275072,
        1699.7392770337278,
        3199.6178520402846,
        4287.825306449182,
        11836.504472367424,
        16025.329456869056,
        15964.206037807297,
        14199.701480646094,
        12939.412452466193,
        12588.830574916929,
        12304.012096750434
    ],
    "z_normalized": [
        0.0,
        0.0076,
        0.0156,
        0.0236,
        0.0316,
        0.039599999999999996,
        0.0476,
        0.0556,
        0.0636,
        0.0716,
        0.0796
    ]
}