{
    "thrust": 0.08021866293988274,
    "discharge_current": 45.849528620065236,
    "ion_velocity": [
        -2512.4095356521475,
        2346.065993195923,
        5556.433807410014,
        11009.22097812343,
        14537.853050694044,
        17347.12926218175,
        19430.649680106348,
        20742.3910243051,
        21476.891719191157,
        21841.72023171396,
        22027.148461859168
    ],
    "z_normalized": [
        0.0,
        0.0076,
        0.0156,
        0.0236,
        0.0316,
        0.039599999999999996,
        0.0476,
        0.0556,
        0.0636,
        0.0716,
        0.0796
    ]
}