{
    "thrust": 0.08012085518087411,
    "discharge_current": 49.03725451330602,
    "ion_velocity": [
        -2533.601551079074,
        2185.5862499737405,
        4737.164097538835,
        8938.710540318492,
        12935.191651783987,
        16343.123130406653,
        18886.937825327124,
        20483.332653677768,
        21365.707716659228,
        21802.807477767245,
        22026.95452229838
    ],
    "z_normalized": [
        0.0,
        0.0076,
        0.0156,
        0.0236,
        0.0316,
        0.039599999999999996,
        0.0476,
        0.0556,
        0.0636,
        0.0716,
        0.0796
    ]
}