{
    "thrust": 0.09111666883333934,
    "discharge_current": 17.554496987188088,
    "ion_velocity": [
        -1711.6097401532977,
        1229.6390506097832,
        6667.169435376152,
        15059.808908204865,
        17542.033439612747,
        18978.074669615307,
        20104.422429341714,
        20855.062883174964,
        21278.02617064508,
        21485.11522606803,
        21575.725967128074
    ],
    "z_normalized": [
        0.0,
        0.0076,
        0.0156,
        0.0236,
        0.0316,
        0.039599999999999996,
        0.0476,
        0.0556,
        0.0636,
        0.0716,
        0.0796
    ]
}