{
    "thrust": 0.08041798650525582,
    "discharge_current": 45.19939125549296,
    "ion_velocity": [
        -2498.0824895589762,
        2346.428712298334,
        5614.449754472458,
        11180.924260654525,
        14609.448015557733,
        17390.679025208043,
        19451.068592681553,
        20748.54271221417,
        21475.246285049725,
        21835.817343586044,
        22018.80113235133
    ],
    "z_normalized": [
        0.0,
        0.0076,
        0.0156,
        0.0236,
        0.0316,
        0.039599999999999996,
        0.0476,
        0.0556,
        0.0636,
        0.0716,
        0.0796
    ]
}