{
    "thrust": 0.08391666101565015,
    "discharge_current": 40.4790608104001,
    "ion_velocity": [
        -2290.3104564459168,
        1703.3621211250627,
        3428.751564366885,
        6401.471080798962,
        10674.680664701327,
        14929.484136113822,
        18082.37408667191,
        20036.71781496714,
        21100.685351634555,
        21619.2886410542,
        21880.6104369882
    ],
    "z_normalized": [
        0.0,
        0.0076,
        0.0156,
        0.0236,
        0.0316,
        0.039599999999999996,
        0.0476,
        0.0556,
        0.0636,
        0.0716,
        0.0796
    ]
}