{
    "thrust": 0.09266935154545668,
    "discharge_current": 16.50127395192411,
    "ion_velocity": [
        -1643.1944025970035,
        924.9195580122513,
        5981.743959415636,
        13939.386717579802,
        16741.66034270545,
        18455.165790557334,
        19786.384230212898,
        20678.673691770007,
        21181.499814022467,
        21426.650257218582,
        21532.616819180657
    ],
    "z_normalized": [
        0.0,
        0.0076,
        0.0156,
        0.0236,
        0.0316,
        0.039599999999999996,
        0.0476,
        0.0556,
        0.0636,
        0.0716,
        0.0796
    ]
}