{
    "thrust": 0.0980690906470977,
    "discharge_current": 9.061461785930906,
    "ion_velocity": [
        -1236.4767299031441,
        -254.1156465010655,
        2203.9440835261494,
        9713.80573865551,
        13800.423407724978,
        16641.373162256343,
        18701.196011277163,
        20045.90304655173,
        20794.362186719758,
        21143.468318833086,
        21261.559623566318
    ],
    "z_normalized": [
        0.0,
        0.0076,
        0.0156,
        0.0236,
        0.0316,
        0.039599999999999996,
        0.0476,
        0.0556,
        0.0636,
        0.0716,
        0.0796
    ]
}