{
    "thrust": 0.07886584003272333,
    "discharge_current": 55.57463321281454,
    "ion_velocity": [
        -2637.404980815529,
        2166.731841261963,
        4202.286702257975,
        7571.206313983293,
        11774.706476614374,
        15643.243748062969,
        18530.71121537832,
        20341.73642702425,
        21331.443449311235,
        21819.62374172219,
        22074.56225879773
    ],
    "z_normalized": [
        0.0,
        0.0076,
        0.0156,
        0.0236,
        0.0316,
        0.039599999999999996,
        0.0476,
        0.0556,
        0.0636,
        0.0716,
        0.0796
    ]
}