{
    "thrust": 0.08791159207662552,
    "discharge_current": 22.471530374826038,
    "ion_velocity": [
        -1916.2547016318822,
        1763.494595682444,
        6586.476986237431,
        14274.696599049066,
        17043.241689935297,
        18742.770548424975,
        20015.504806492823,
        20869.358921644027,
        21352.17996284504,
        21589.99861660835,
        21698.52034241177
    ],
    "z_normalized": [
        0.0,
        0.0076,
        0.0156,
        0.0236,
        0.0316,
        0.039599999999999996,
        0.0476,
        0.0556,
        0.0636,
        0.0716,
        0.0796
    ]
}