{
    "thrust": 0.07804571034268638,
    "discharge_current": 57.47292426289451,
    "ion_velocity": [
        -2687.6925798545185,
        2262.8966486580944,
        4488.728536843375,
        8172.682679220682,
        12287.497030911645,
        15966.610904070541,
        18715.44428357295,
        20443.14268408435,
        21390.754789938943,
        21859.780389613687,
        22105.632243144562
    ],
    "z_normalized": [
        0.0,
        0.0076,
        0.0156,
        0.0236,
        0.0316,
        0.039599999999999996,
        0.0476,
        0.0556,
        0.0636,
        0.0716,
        0.0796
    ]
}