{
    "thrust": 0.08612541446409323,
    "discharge_current": 27.36487622507699,
    "ion_velocity": [
        -2066.2146110302515,
        1934.843343582416,
        6082.219513658984,
        12789.329645981148,
        15971.043718101382,
        18147.536739609324,
        19726.46240120079,
        20765.530997578397,
        21354.682003443017,
        21645.409825756386,
        21782.209095057147
    ],
    "z_normalized": [
        0.0,
        0.0076,
        0.0156,
        0.0236,
        0.0316,
        0.039599999999999996,
        0.0476,
        0.0556,
        0.0636,
        0.0716,
        0.0796
    ]
}