{
    "thrust": 0.09897364336379394,
    "discharge_current": 8.625696111509338,
    "ion_velocity": [
        -1236.373841776797,
        -256.41484270539246,
        1822.6400421593573,
        8934.402722018784,
        13265.762332267901,
        16335.90110258432,
        18541.346755495673,
        19971.695422881163,
        20766.394396091095,
        21134.18693727229,
        21253.01344606662
    ],
    "z_normalized": [
        0.0,
        0.0076,
        0.0156,
        0.0236,
        0.0316,
        0.039599999999999996,
        0.0476,
        0.0556,
        0.0636,
        0.0716,
        0.0796
    ]
}