{
    "thrust": 0.07916502337475756,
    "discharge_current": 51.16699930652996,
    "ion_velocity": [
        -2595.331906285369,
        2319.3199223806773,
        5112.110312639625,
        9801.562111393194,
        13572.160662472495,
        16754.712418150113,
        19126.195419862477,
        20616.485185079066,
        21443.062275642278,
        21853.069525213697,
        22064.78094178208
    ],
    "z_normalized": [
        0.0,
        0.0076,
        0.0156,
        0.0236,
        0.0316,
        0.039599999999999996,
        0.0476,
        0.0556,
        0.0636,
        0.0716,
        0.0796
    ]
}