{
    "thrust": 0.0965624131873567,
    "discharge_current": 11.176074477854796,
    "ion_velocity": [
        -1236.4116484497856,
        -249.038707381407,
        1819.3215479779344,
        6559.66261145901,
        11439.920551491554,
        15308.13684509081,
        17981.053149906063,
        19693.18434221463,
        20660.721724569932,
        21119.71529914362,
        21287.738532176656
    ],
    "z_normalized": [
        0.0,
        0.0076,
        0.0156,
        0.0236,
        0.0316,
        0.039599999999999996,
        0.0476,
        0.0556,
        0.0636,
        0.0716,
        0.0796
    ]
}