{
    "thrust": 0.07887573558616433,
    "discharge_current": 53.02202300910338,
    "ion_velocity": [
        -2619.583062333531,
        2304.0857969588196,
        4942.36644597252,
        9347.761526600081,
        13216.536330564031,
        16535.21297310496,
        19010.925361901405,
        20566.602618603905,
        21426.643443298963,
        21853.044486677794,
        22074.253344667806
    ],
    "z_normalized": [
        0.0,
        0.0076,
        0.0156,
        0.0236,
        0.0316,
        0.039599999999999996,
        0.0476,
        0.0556,
        0.0636,
        0.0716,
        0.0796
    ]
}