{
    "thrust": 0.08405964451016781,
    "discharge_current": 31.453751674285783,
    "ion_velocity": [
        -2223.3058381807314,
        2231.208525420893,
        6454.024226390012,
        13590.949706939527,
        16531.226191303416,
        18535.511900117435,
        19990.47641048278,
        20943.64169849026,
        21483.075121004225,
        21750.575162540736,
        21879.009886693464
    ],
    "z_normalized": [
        0.0,
        0.0076,
        0.0156,
        0.0236,
        0.0316,
        0.039599999999999996,
        0.0476,
        0.0556,
        0.0636,
        0.0716,
        0.0796
    ]
}