{
    "thrust": 0.0901307306889233,
    "discharge_current": 21.11589945701758,
    "ion_velocity": [
        -1798.413095140413,
        1281.9499635722045,
        5019.302927139034,
        11120.895056233767,
        14686.40513562708,
        17286.78147698747,
        19167.080977053327,
        20410.484958076457,
        21118.269681576694,
        21464.25764996938,
        21620.11633298376
    ],
    "z_normalized": [
        0.0,
        0.0076,
        0.0156,
        0.0236,
        0.0316,
        0.039599999999999996,
        0.0476,
        0.0556,
        0.0636,
        0.0716,
        0.0796
    ]
}