{
    "thrust": 0.10185839994066742,
    "discharge_current": 7.475889465604509,
    "ion_velocity": [
        -1235.6715347238508,
        -260.8484042980134,
        1419.4769082317775,
        9287.52967415886,
        13577.790030560294,
        16511.06272435181,
        18637.48135687866,
        20009.088003482288,
        20762.95936035819,
        21102.170151956467,
        21198.93548280508
    ],
    "z_normalized": [
        0.0,
        0.0076,
        0.0156,
        0.0236,
        0.0316,
        0.039599999999999996,
        0.0476,
        0.0556,
        0.0636,
        0.0716,
        0.0796
    ]
}