{
    "thrust": 0.09922707520222544,
    "discharge_current": 8.473198803803657,
    "ion_velocity": [
        -1236.3456821301181,
        -257.65544098641874,
        1790.306165490552,
        9052.722340856468,
        13357.246879902244,
        16388.42249280443,
        18570.448267869993,
        19985.409439175222,
        20770.551366917363,
        21132.98305011224,
        21248.69812274695
    ],
    "z_normalized": [
        0.0,
        0.0076,
        0.0156,
        0.0236,
        0.0316,
        0.039599999999999996,
        0.0476,
        0.0556,
        0.0636,
        0.0716,
        0.0796
    ]
}