{
    "thrust": 0.07822249736543543,
    "discharge_current": 57.17213721757932,
    "ion_velocity": [
        -2677.305274869859,
        2235.599288295012,
        4395.175438444417,
        7966.96533760819,
        12110.538377622672,
        15855.911222772142,
        18653.47769061003,
        20410.773051959062,
        21373.41754476573,
        21849.368791751687,
        22098.73291818565
    ],
    "z_normalized": [
        0.0,
        0.0076,
        0.0156,
        0.0236,
        0.0316,
        0.039599999999999996,
        0.0476,
        0.0556,
        0.0636,
        0.0716,
        0.0796
    ]
}