{
    "thrust": 0.08661651882791499,
    "discharge_current": 24.311024549816214,
    "ion_velocity": [
        -2002.662308042444,
        1978.603880310103,
        6847.69623150493,
        14854.290889557358,
        17436.675581126947,
        19016.3781643101,
        20197.047316032647,
        20984.92024054868,
        21430.259202048463,
        21650.329405439796,
        21751.871274875022
    ],
    "z_normalized": [
        0.0,
        0.0076,
        0.0156,
        0.0236,
        0.0316,
        0.039599999999999996,
        0.0476,
        0.0556,
        0.0636,
        0.0716,
        0.0796
    ]
}