{
    "thrust": 0.09502801676687932,
    "discharge_current": 17.617022741504385,
    "ion_velocity": [
        -1605.909008128395,
        464.71063758234146,
        2145.3579430660407,
        4479.387057901505,
        9732.484876507946,
        14446.353223575898,
        17628.34685060021,
        19626.482242059,
        20734.26569516094,
        21258.07375045907,
        21500.73051814156
    ],
    "z_normalized": [
        0.0,
        0.0076,
        0.0156,
        0.0236,
        0.0316,
        0.039599999999999996,
        0.0476,
        0.0556,
        0.0636,
        0.0716,
        0.0796
    ]
}