{
    "thrust": 0.09876868266287542,
    "discharge_current": 9.54773390641278,
    "ion_velocity": [
        -1236.3388255399982,
        -248.99242373325555,
        1372.1793417630024,
        6219.054910932112,
        11217.254590084753,
        15185.370499329845,
        17932.84721816557,
        19681.22469342705,
        20661.497026999557,
        21119.57724600382,
        21272.023929523573
    ],
    "z_normalized": [
        0.0,
        0.0076,
        0.0156,
        0.0236,
        0.0316,
        0.039599999999999996,
        0.0476,
        0.0556,
        0.0636,
        0.0716,
        0.0796
    ]
}