{
    "thrust": 0.10356074334781105,
    "discharge_current": 6.774609716801353,
    "ion_velocity": [
        -1234.4350678283563,
        -220.14488122136726,
        1583.9474259330002,
        11969.89364816252,
        15473.013716197063,
        17616.70982836873,
        19217.399828911937,
        20250.008086125144,
        20810.85117339852,
        21056.789101167913,
        21123.401463415194
    ],
    "z_normalized": [
        0.0,
        0.0076,
        0.0156,
        0.0236,
        0.0316,
        0.039599999999999996,
        0.0476,
        0.0556,
        0.0636,
        0.0716,
        0.0796
    ]
}