{
    "thrust": 0.06253809602345478,
    "discharge_current": 4.822958007975972,
    "ion_velocity": [
        -1257.4424659606007,
        1108.376507874417,
        4651.8611911657845,
        9999.162803022691,
        12620.483082796127,
        14032.35613068476,
        15204.641383401271,
        16294.343435562268,
        16996.699603267818,
        17345.28863921105,
        17371.184332549703
    ],
    "z_normalized": [
        0.0,
        0.0076,
        0.0156,
        0.0236,
        0.0316,
        0.039599999999999996,
        0.0476,
        0.0556,
        0.0636,
        0.0716,
        0.0796
    ]
}