{
    "thrust": 0.09315342130796127,
    "discharge_current": 16.21408283673475,
    "ion_velocity": [
        -1624.0068261242448,
        830.7585936196828,
        5711.102594953537,
        13489.593044938185,
        16413.40267240794,
        18248.664933958054,
        19663.078638408322,
        20612.674406502283,
        21147.978726855094,
        21408.569745266886,
        21520.675010606217
    ],
    "z_normalized": [
        0.0,
        0.0076,
        0.0156,
        0.0236,
        0.0316,
        0.039599999999999996,
        0.0476,
        0.0556,
        0.0636,
        0.0716,
        0.0796
    ]
}