{
    "thrust": 0.08955479727885103,
    "discharge_current": 23.34256304297433,
    "ion_velocity": [
        -1850.362715056175,
        1287.2890818929077,
        4317.57459681345,
        9367.833636931831,
        13290.706556220344,
        16451.75798585928,
        18760.23565922819,
        20219.836475306864,
        21052.420544872068,
        21459.461604258384,
        21645.340426578918
    ],
    "z_normalized": [
        0.0,
        0.0076,
        0.0156,
        0.0236,
        0.0316,
        0.039599999999999996,
        0.0476,
        0.0556,
        0.0636,
        0.0716,
        0.0796
    ]
}