{
    "thrust": 0.09422352199682044,
    "discharge_current": 14.244003852905236,
    "ion_velocity": [
        -1518.118946590831,
        415.20384505651816,
        5824.600381132325,
        14515.607281194903,
        17101.39929944923,
        18659.48525469058,
        19876.028849198392,
        20685.463159023635,
        21139.942516965846,
        21360.362578881563,
        21452.629279925408
    ],
    "z_normalized": [
        0.0,
        0.0076,
        0.0156,
        0.0236,
        0.0316,
        0.039599999999999996,
        0.0476,
        0.0556,
        0.0636,
        0.0716,
        0.0796
    ]
}