{
    "thrust": 0.08156821481717429,
    "discharge_current": 39.38122152187108,
    "ion_velocity": [
        -2404.3251871840744,
        2368.1582205279524,
        6118.390804734794,
        12592.03395914848,
        15703.72614760351,
        18061.07615928002,
        19789.924452203264,
        20892.2649265857,
        21514.24726967589,
        21823.140048638466,
        21976.67424572784
    ],
    "z_normalized": [
        0.0,
        0.0076,
        0.0156,
        0.0236,
        0.0316,
        0.039599999999999996,
        0.0476,
        0.0556,
        0.0636,
        0.0716,
        0.0796
    ]
}