{
    "thrust": 0.08718529431670466,
    "discharge_current": 25.81770131243777,
    "ion_velocity": [
        -1993.6105257783936,
        1757.383889109198,
        5714.797726242647,
        12073.663867409188,
        15429.999539235627,
        17794.996412673227,
        19511.109185348418,
        20636.352469293866,
        21275.28917482348,
        21589.695529581964,
        21736.344330911124
    ],
    "z_normalized": [
        0.0,
        0.0076,
        0.0156,
        0.0236,
        0.0316,
        0.039599999999999996,
        0.0476,
        0.0556,
        0.0636,
        0.0716,
        0.0796
    ]
}