{
    "thrust": 0.0987222935929337,
    "discharge_current": 8.320264949630303,
    "ion_velocity": [
        -1236.4549216931885,
        -259.9100213781087,
        2388.872337604389,
        11593.02588370092,
        15131.981133518513,
        17422.32686024905,
        19129.075401338476,
        20244.912321774547,
        20861.529520656473,
        21146.48723289505,
        21240.1125043952
    ],
    "z_normalized": [
        0.0,
        0.0076,
        0.0156,
        0.0236,
        0.0316,
        0.039599999999999996,
        0.0476,
        0.0556,
        0.0636,
        0.0716,
        0.0796
    ]
}