{
    "thrust": 0.036594499206369084,
    "discharge_current": 2.8936018883718204,
    "ion_velocity": [
        -1181.802071143162,
        1327.985129106222,
        4189.348275107703,
        8498.711647252056,
        10212.813536228237,
        8832.375982072908,
        8395.760500001456,
        9510.536683873219,
        11142.114914061487,
        11827.004665177192,
        11729.181800841536
    ],
    "z_normalized": [
        0.0,
        0.0076,
        0.0156,
        0.0236,
        0.0316,
        0.039599999999999996,
        0.0476,
        0.0556,
        0.0636,
        0.0716,
        0.0796
    ]
}