{
    "thrust": 0.09273227593691306,
    "discharge_current": 18.084859079103943,
    "ion_velocity": [
        -1658.7071470261415,
        809.3308979276061,
        4063.514421042119,
        9516.38778343611,
        13531.955729633435,
        16562.066724125383,
        18730.838103423874,
        20156.8321835728,
        20971.032103072503,
        21366.56216852866,
        21538.208665600232
    ],
    "z_normalized": [
        0.0,
        0.0076,
        0.0156,
        0.0236,
        0.0316,
        0.039599999999999996,
        0.0476,
        0.0556,
        0.0636,
        0.0716,
        0.0796
    ]
}