{
    "thrust": 0.08865337097269688,
    "discharge_current": 28.199638164939113,
    "ion_velocity": [
        -1981.6666119163754,
        1335.9467043418172,
        3192.0049893361647,
        6246.369259280822,
        10878.706502351019,
        15030.15737795334,
        18067.840962004393,
        19934.55160047529,
        20967.67427858864,
        21466.36450451664,
        21708.110148027332
    ],
    "z_normalized": [
        0.0,
        0.0076,
        0.0156,
        0.0236,
        0.0316,
        0.039599999999999996,
        0.0476,
        0.0556,
        0.0636,
        0.0716,
        0.0796
    ]
}