{
    "thrust": 0.08163539493860843,
    "discharge_current": 42.587754335346865,
    "ion_velocity": [
        -2417.866906814202,
        2238.01483440004,
        5456.725574561543,
        10861.702923310362,
        14240.79680792584,
        17147.05622690601,
        19298.97971208956,
        20650.80258062355,
        21406.4428651768,
        21779.622039542923,
        21967.716262122136
    ],
    "z_normalized": [
        0.0,
        0.0076,
        0.0156,
        0.0236,
        0.0316,
        0.039599999999999996,
        0.0476,
        0.0556,
        0.0636,
        0.0716,
        0.0796
    ]
}