{
    "thrust": 0.08813634067613194,
    "discharge_current": 23.90574968381714,
    "ion_velocity": [
        -1924.3622983995863,
        1625.6632503267433,
        5632.41828154131,
        12063.015678773998,
        15419.997008615239,
        17769.17762625905,
        19471.874112122536,
        20597.801515929146,
        21237.286034879417,
        21551.369930718018,
        21696.109348738402
    ],
    "z_normalized": [
        0.0,
        0.0076,
        0.0156,
        0.0236,
        0.0316,
        0.039599999999999996,
        0.0476,
        0.0556,
        0.0636,
        0.0716,
        0.0796
    ]
}