{
    "thrust": 0.08387851963813453,
    "discharge_current": 32.7090593925732,
    "ion_velocity": [
        -2239.2933237500492,
        2205.468241283657,
        6228.530163834552,
        12966.596933836687,
        16083.093176122522,
        18260.82327189323,
        19845.552380430374,
        20873.768863722824,
        21455.9099392747,
        21744.48328708407,
        21883.90629709898
    ],
    "z_normalized": [
        0.0,
        0.0076,
        0.0156,
        0.0236,
        0.0316,
        0.039599999999999996,
        0.0476,
        0.0556,
        0.0636,
        0.0716,
        0.0796
    ]
}