{
    "thrust": 0.08494941485735763,
    "discharge_current": 31.089025086894775,
    "ion_velocity": [
        -2170.414624742384,
        2053.3208819003057,
        5930.650127076757,
        12258.468629776178,
        15568.63781735228,
        17924.46416935279,
        19641.752702186885,
        20750.910752724554,
        21379.600381206357,
        21690.42233930188,
        21839.49883765876
    ],
    "z_normalized": [
        0.0,
        0.0076,
        0.0156,
        0.0236,
        0.0316,
        0.039599999999999996,
        0.0476,
        0.0556,
        0.0636,
        0.0716,
        0.0796
    ]
}