{
    "thrust": 0.0828357691441675,
    "discharge_current": 36.30848150023777,
    "ion_velocity": [
        -2315.945152745631,
        2237.404098557364,
        5951.821868764091,
        12178.65357158133,
        15489.741984485914,
        17907.386106602222,
        19679.968395228145,
        20811.038436836392,
        21450.739789905005,
        21768.03909607409,
        21923.803982511523
    ],
    "z_normalized": [
        0.0,
        0.0076,
        0.0156,
        0.0236,
        0.0316,
        0.039599999999999996,
        0.0476,
        0.0556,
        0.0636,
        0.0716,
        0.0796
    ]
}