{
    "thrust": 0.09584828168720527,
    "discharge_current": 10.504814622849322,
    "ion_velocity": [
        -1236.565102188688,
        -271.70084385534835,
        3723.7471814504775,
        12632.007373300818,
        15765.191584633665,
        17788.389196615553,
        19321.5647992783,
        20335.984123300917,
        20901.87590366945,
        21170.783711266125,
        21272.529854428398
    ],
    "z_normalized": [
        0.0,
        0.0076,
        0.0156,
        0.0236,
        0.0316,
        0.039599999999999996,
        0.0476,
        0.0556,
        0.0636,
        0.0716,
        0.0796
    ]
}