{
    "thrust": 0.08662164921592416,
    "discharge_current": 26.130447875200506,
    "ion_velocity": [
        -2025.8977036097012,
        1874.691803387473,
        6096.842562035742,
        12891.12289983876,
        16047.418828789121,
        18182.969952667427,
        19731.902797627088,
        20757.20324760246,
        21338.540382073566,
        21625.14960066879,
        21759.07234303432
    ],
    "z_normalized": [
        0.0,
        0.0076,
        0.0156,
        0.0236,
        0.0316,
        0.039599999999999996,
        0.0476,
        0.0556,
        0.0636,
        0.0716,
        0.0796
    ]
}