{
    "thrust": 0.08017170842601538,
    "discharge_current": 46.04798887991911,
    "ion_velocity": [
        -2515.8612363899542,
        2351.2288021820077,
        5565.073266280578,
        11033.322158325347,
        14530.236747042347,
        17343.476934946393,
        19429.727035981206,
        20743.002858958822,
        21478.056908775514,
        21843.025346640432,
        22028.67125099159
    ],
    "z_normalized": [
        0.0,
        0.0076,
        0.0156,
        0.0236,
        0.0316,
        0.039599999999999996,
        0.0476,
        0.0556,
        0.0636,
        0.0716,
        0.0796
    ]
}