{
    "thrust": 0.08578380265368114,
    "discharge_current": 26.37855780282204,
    "ion_velocity": [
        -2071.9929722919455,
        2068.5599140923364,
        6714.890586160298,
        14423.230650821399,
        17137.764490801794,
        18861.76632253519,
        20126.215160557884,
        20969.340457549675,
        21446.244403255598,
        21682.17999933456,
        21792.437893022117
    ],
    "z_normalized": [
        0.0,
        0.0076,
        0.0156,
        0.0236,
        0.0316,
        0.039599999999999996,
        0.0476,
        0.0556,
        0.0636,
        0.0716,
        0.0796
    ]
}