{
    "thrust": 0.08577943048421892,
    "discharge_current": 26.858697685476294,
    "ion_velocity": [
        -2078.2535923635346,
        2047.341313018594,
        6561.256547650575,
        14000.486960599434,
        16845.195490738814,
        18686.022388151854,
        20028.005344898946,
        20921.456896966414,
        21427.123506280976,
        21677.18499900624,
        21794.41989435742
    ],
    "z_normalized": [
        0.0,
        0.0076,
        0.0156,
        0.0236,
        0.0316,
        0.039599999999999996,
        0.0476,
        0.0556,
        0.0636,
        0.0716,
        0.0796
    ]
}