{
    "thrust": 0.104101163563904,
    "discharge_current": 6.599085517123344,
    "ion_velocity": [
        -1229.1060447127554,
        -105.27770849341525,
        1438.0684140677715,
        10912.761642820678,
        14747.13005164947,
        17168.083297672936,
        18958.83263335595,
        20110.43387175962,
        20734.894967315584,
        21005.409369127363,
        21075.02191936345
    ],
    "z_normalized": [
        0.0,
        0.0076,
        0.0156,
        0.0236,
        0.0316,
        0.039599999999999996,
        0.0476,
        0.0556,
        0.0636,
        0.0716,
        0.0796
    ]
}