{
    "thrust": 0.08955893900546073,
    "discharge_current": 24.192785282011087,
    "ion_velocity": [
        -1858.8713527162608,
        1207.849338067689,
        3712.436018857231,
        7911.610991800549,
        12137.466532962468,
        15751.985894731715,
        18405.92143668868,
        20050.73758063851,
        20983.397473665606,
        21439.059125258416,
        21647.70159096148
    ],
    "z_normalized": [
        0.0,
        0.0076,
        0.0156,
        0.0236,
        0.0316,
        0.039599999999999996,
        0.0476,
        0.0556,
        0.0636,
        0.0716,
        0.0796
    ]
}