{
    "thrust": 0.08615270379391127,
    "discharge_current": 33.74339823084373,
    "ion_velocity": [
        -2153.5211654729887,
        1394.3443676960028,
        2609.786759579226,
        4601.343274542112,
        9559.41797018534,
        14258.966757871767,
        17709.5445874897,
        19830.724016272663,
        20981.500112357753,
        21538.648445195675,
        21814.30365633354
    ],
    "z_normalized": [
        0.0,
        0.0076,
        0.0156,
        0.0236,
        0.0316,
        0.039599999999999996,
        0.0476,
        0.0556,
        0.0636,
        0.0716,
        0.0796
    ]
}