{
    "thrust": 0.0959832977449076,
    "discharge_current": 11.79754896255178,
    "ion_velocity": [
        -1236.4140337905199,
        -258.8388196861237,
        2182.169629185789,
        7303.529561535363,
        11990.885365720998,
        15612.288139011076,
        18133.532226817508,
        19763.395317325503,
        20685.49541371113,
        21124.72134490171,
        21290.571466579866
    ],
    "z_normalized": [
        0.0,
        0.0076,
        0.0156,
        0.0236,
        0.0316,
        0.039599999999999996,
        0.0476,
        0.0556,
        0.0636,
        0.0716,
        0.0796
    ]
}