{
    "thrust": 0.079500910301384,
    "discharge_current": 51.042581414998175,
    "ion_velocity": [
        -2576.9066883541154,
        2226.5181846405408,
        4759.503505347812,
        8941.265764189404,
        12938.098771832876,
        16352.245808588907,
        18901.534763826257,
        20502.599859657475,
        21386.729168682643,
        21824.964329504535,
        22050.95478917435
    ],
    "z_normalized": [
        0.0,
        0.0076,
        0.0156,
        0.0236,
        0.0316,
        0.039599999999999996,
        0.0476,
        0.0556,
        0.0636,
        0.0716,
        0.0796
    ]
}