{
    "thrust": 0.10000051153462013,
    "discharge_current": 7.571715761017029,
    "ion_velocity": [
        -1236.2500269034365,
        -265.8119281116258,
        2161.5586709537783,
        12481.206786602837,
        15772.605745239414,
        17807.45587109023,
        19338.068004734185,
        20333.921420542993,
        20880.374567512383,
        21128.82891441843,
        21205.914679348025
    ],
    "z_normalized": [
        0.0,
        0.0076,
        0.0156,
        0.0236,
        0.0316,
        0.039599999999999996,
        0.0476,
        0.0556,
        0.0636,
        0.0716,
        0.0796
    ]
}