{
    "thrust": 0.08981727253949166,
    "discharge_current": 20.21006190093364,
    "ion_velocity": [
        -1800.1855891473015,
        1411.321684718022,
        5982.60535750868,
        13212.399649404882,
        16274.191755111324,
        18230.222996515728,
        19688.604660493333,
        20673.386493162063,
        21230.78292147237,
        21503.944316968475,
        21626.529064339993
    ],
    "z_normalized": [
        0.0,
        0.0076,
        0.0156,
        0.0236,
        0.0316,
        0.039599999999999996,
        0.0476,
        0.0556,
        0.0636,
        0.0716,
        0.0796
    ]
}