{
    "thrust": 0.09446375439236021,
    "discharge_current": 15.309736471491508,
    "ion_velocity": [
        -1553.5931439010453,
        482.8569041770884,
        4649.035283143904,
        11615.460415434336,
        15048.156345497588,
        17420.173553130742,
        19174.733381606802,
        20352.967001412355,
        21018.962726985243,
        21341.439214126767,
        21477.26068771704
    ],
    "z_normalized": [
        0.0,
        0.0076,
        0.0156,
        0.0236,
        0.0316,
        0.039599999999999996,
        0.0476,
        0.0556,
        0.0636,
        0.0716,
        0.0796
    ]
}