{
    "thrust": 0.04414068967689842,
    "discharge_current": 3.3759178167642823,
    "ion_velocity": [
        -1199.2844033567324,
        1289.9763902138236,
        4079.1192240852674,
        8252.608510158196,
        10743.833998752678,
        10344.576568832537,
        9799.208594846868,
        10652.323767300775,
        12003.423375320239,
        12590.943056678645,
        12521.52010823617
    ],
    "z_normalized": [
        0.0,
        0.0076,
        0.0156,
        0.0236,
        0.0316,
        0.039599999999999996,
        0.0476,
        0.0556,
        0.0636,
        0.0716,
        0.0796
    ]
}