{
    "thrust": 0.09225122447480702,
    "discharge_current": 17.632570583961378,
    "ion_velocity": [
        -1672.2155571613775,
        966.2702768063505,
        5243.889548322947,
        12198.69353814912,
        15501.128685349846,
        17710.321328218437,
        19360.970360060925,
        20475.753955255357,
        21107.003660594535,
        21414.5023026736,
        21548.709385814025
    ],
    "z_normalized": [
        0.0,
        0.0076,
        0.0156,
        0.0236,
        0.0316,
        0.039599999999999996,
        0.0476,
        0.0556,
        0.0636,
        0.0716,
        0.0796
    ]
}