{
    "thrust": 0.08621228836384019,
    "discharge_current": 31.297739736415267,
    "ion_velocity": [
        -2102.82011903099,
        1711.654352030442,
        4563.423203601736,
        9263.418806451911,
        13184.602234640768,
        16428.73052389502,
        18829.82333871157,
        20328.746092944504,
        21172.512497322004,
        21587.375157452316,
        21786.311014776125
    ],
    "z_normalized": [
        0.0,
        0.0076,
        0.0156,
        0.0236,
        0.0316,
        0.039599999999999996,
        0.0476,
        0.0556,
        0.0636,
        0.0716,
        0.0796
    ]
}