{
    "thrust": 0.09497631593448495,
    "discharge_current": 14.965861086746587,
    "ion_velocity": [
        -1458.6023485591484,
        73.97640331435126,
        2883.5227271796693,
        7504.343283434446,
        12123.318898448437,
        15732.05824431004,
        18237.16556828205,
        19862.031343786522,
        20789.61501321147,
        21236.675825842933,
        21419.640707002367
    ],
    "z_normalized": [
        0.0,
        0.0076,
        0.0156,
        0.0236,
        0.0316,
        0.039599999999999996,
        0.0476,
        0.0556,
        0.0636,
        0.0716,
        0.0796
    ]
}