{
    "thrust": 0.070242125753728,
    "discharge_current": 4.2022300762388785,
    "ion_velocity": [
        -1250.821255821787,
        1109.4469784283986,
        4780.640991470955,
        10771.31200408214,
        13156.90623486662,
        14505.499338668253,
        15736.680929696997,
        16815.460193496747,
        17487.521579281376,
        17739.144061499705,
        17758.18560354477
    ],
    "z_normalized": [
        0.0,
        0.0076,
        0.0156,
        0.0236,
        0.0316,
        0.039599999999999996,
        0.0476,
        0.0556,
        0.0636,
        0.0716,
        0.0796
    ]
}