{
    "thrust": 0.07171678549448614,
    "discharge_current": 5.632925906556845,
    "ion_velocity": [
        -1270.6919733053412,
        995.3060911303861,
        4503.494392999409,
        11064.34365146387,
        14080.92960949028,
        16082.481175921546,
        17711.189008543075,
        18806.547309077956,
        19362.549227928175,
        19638.851183496212,
        19698.8991089591
    ],
    "z_normalized": [
        0.0,
        0.0076,
        0.0156,
        0.0236,
        0.0316,
        0.039599999999999996,
        0.0476,
        0.0556,
        0.0636,
        0.0716,
        0.0796
    ]
}