{
    "thrust": 0.07959554731722097,
    "discharge_current": 49.85105368006672,
    "ion_velocity": [
        -2565.7457723787275,
        2280.6381271715386,
        5049.533579452115,
        9658.216030626114,
        13512.310543611111,
        16710.235710997087,
        19094.239472834943,
        20592.26817323642,
        21423.581816086367,
        21836.10657737124,
        22048.21968077419
    ],
    "z_normalized": [
        0.0,
        0.0076,
        0.0156,
        0.0236,
        0.0316,
        0.039599999999999996,
        0.0476,
        0.0556,
        0.0636,
        0.0716,
        0.0796
    ]
}