{
    "thrust": 0.09178562553691429,
    "discharge_current": 17.28229679866033,
    "ion_velocity": [
        -1684.2361223496741,
        1085.1225712905327,
        6136.563837160494,
        14050.093270068923,
        16838.756142452683,
        18524.378080247912,
        19835.34892990456,
        20714.653032370374,
        21210.506095613655,
        21452.723440284986,
        21558.45366990318
    ],
    "z_normalized": [
        0.0,
        0.0076,
        0.0156,
        0.0236,
        0.0316,
        0.039599999999999996,
        0.0476,
        0.0556,
        0.0636,
        0.0716,
        0.0796
    ]
}