{
    "thrust": 0.09957933479158426,
    "discharge_current": 7.777090242086495,
    "ion_velocity": [
        -1236.3343168092788,
        -264.2126434658978,
        2239.1132168965883,
        12244.763974405387,
        15601.725610809572,
        17704.50336818407,
        19283.04892217995,
        20311.68837220802,
        20877.31980256389,
        21135.85726299262,
        21217.50659212909
    ],
    "z_normalized": [
        0.0,
        0.0076,
        0.0156,
        0.0236,
        0.0316,
        0.039599999999999996,
        0.0476,
        0.0556,
        0.0636,
        0.0716,
        0.0796
    ]
}