{
    "thrust": 0.10135113663451398,
    "discharge_current": 7.0667524156406625,
    "ion_velocity": [
        -1235.800656151196,
        -262.9962208634395,
        1905.4120515559523,
        12870.25610805021,
        16063.12524891797,
        17980.802228049928,
        19425.507915194186,
        20361.197528377666,
        20871.570674763276,
        21099.683454521666,
        21166.5973915245
    ],
    "z_normalized": [
        0.0,
        0.0076,
        0.0156,
        0.0236,
        0.0316,
        0.039599999999999996,
        0.0476,
        0.0556,
        0.0636,
        0.0716,
        0.0796
    ]
}