{
    "thrust": 0.08060585189347157,
    "discharge_current": 44.341140377380796,
    "ion_velocity": [
        -2483.5225346699453,
        2346.5266062199935,
        5676.869584747529,
        11357.45281936339,
        14734.628109517334,
        17467.134650446656,
        19489.24994393584,
        20763.48747272959,
        21477.97881073838,
        21832.42782097037,
        22011.82496506422
    ],
    "z_normalized": [
        0.0,
        0.0076,
        0.0156,
        0.0236,
        0.0316,
        0.039599999999999996,
        0.0476,
        0.0556,
        0.0636,
        0.0716,
        0.0796
    ]
}