{
    "thrust": 0.07945238612639291,
    "discharge_current": 51.67598450666876,
    "ion_velocity": [
        -2583.0374742648937,
        2191.2008814493565,
        4571.024997126227,
        8494.6897216006,
        12567.484960719828,
        16121.800638634511,
        18777.473727061104,
        20444.958599483027,
        21363.082887265602,
        21817.796114225228,
        22052.651106940953
    ],
    "z_normalized": [
        0.0,
        0.0076,
        0.0156,
        0.0236,
        0.0316,
        0.039599999999999996,
        0.0476,
        0.0556,
        0.0636,
        0.0716,
        0.0796
    ]
}