{
    "thrust": 0.08597095219504976,
    "discharge_current": 35.59025493396611,
    "ion_velocity": [
        -2185.190831395715,
        1618.5807758103613,
        3415.1280899688145,
        6476.436398376333,
        10912.222565395721,
        15064.332748234387,
        18133.213834907012,
        20028.366643553007,
        21066.029901527727,
        21570.336866333033,
        21820.711104680253
    ],
    "z_normalized": [
        0.0,
        0.0076,
        0.0156,
        0.0236,
        0.0316,
        0.039599999999999996,
        0.0476,
        0.0556,
        0.0636,
        0.0716,
        0.0796
    ]
}