{
    "thrust": 0.08712590907621826,
    "discharge_current": 27.413352816452058,
    "ion_velocity": [
        -2014.3423331833164,
        1690.0634921121152,
        5125.681463179473,
        10709.59000707375,
        14361.704426204828,
        17141.535567444047,
        19175.77599977651,
        20472.462888450595,
        21209.467557886313,
        21571.729521546666,
        21742.114826332658
    ],
    "z_normalized": [
        0.0,
        0.0076,
        0.0156,
        0.0236,
        0.0316,
        0.039599999999999996,
        0.0476,
        0.0556,
        0.0636,
        0.0716,
        0.0796
    ]
}