{
    "thrust": 0.07812744629540837,
    "discharge_current": 56.39307699116752,
    "ion_velocity": [
        -2677.4042290756083,
        2286.8928798412694,
        4650.0352440329725,
        8571.28526139344,
        12625.34299614886,
        16174.362355783749,
        18826.262019010577,
        20493.79196154594,
        21410.96291624477,
        21865.584667821877,
        22103.272648922182
    ],
    "z_normalized": [
        0.0,
        0.0076,
        0.0156,
        0.0236,
        0.0316,
        0.039599999999999996,
        0.0476,
        0.0556,
        0.0636,
        0.0716,
        0.0796
    ]
}