{
    "thrust": 0.10011549421420851,
    "discharge_current": 30.598909521808185,
    "ion_velocity": [
        -1927.3704414091358,
        1424.3547679410447,
        3954.363848592375,
        8223.079095813051,
        12484.370225883344,
        16003.080125760323,
        18539.87391499264,
        20132.603444062093,
        21024.451986003813,
        21454.26253816304,
        21659.942320315724
    ],
    "z_normalized": [
        0.0,
        0.0076,
        0.0156,
        0.0236,
        0.0316,
        0.039599999999999996,
        0.0476,
        0.0556,
        0.0636,
        0.0716,
        0.0796
    ]
}