{
    "thrust": 0.10678309662385485,
    "discharge_current": 11.847532478125792,
    "ion_velocity": [
        -1235.7700700925589,
        -266.83388419942975,
        1355.6245062915336,
        4423.770857088916,
        9656.887850876414,
        14305.619000866189,
        17529.969606817325,
        19520.104981405373,
        20575.042880805493,
        21055.60766208008,
        21262.19367118769
    ],
    "z_normalized": [
        0.0,
        0.0076,
        0.0156,
        0.0236,
        0.0316,
        0.039599999999999996,
        0.0476,
        0.0556,
        0.0636,
        0.0716,
        0.0796
    ]
}