{
    "thrust": 3.1528778758164783e-12,
    "discharge_current": 1.1869596483853797e-10,
    "ion_velocity": [
        -1206.460601556887,
        1360.2961253964886,
        2733.9770942953874,
        4295.362256184368,
        10883.036814498186,
        15273.977222908017,
        16051.042396621206,
        13737.84306030979,
        12309.9061216758,
        11779.288149147347,
        11302.863205652142
    ],
    "z_normalized": [
        0.0,
        0.0076,
        0.0156,
        0.0236,
        0.0316,
        0.039599999999999996,
        0.0476,
        0.0556,
        0.0636,
        0.0716,
        0.0796
    ]
}