{
    "thrust": 0.11592398619542008,
    "discharge_current": 8.57643034337881,
    "ion_velocity": [
        -1110.1789307802057,
        219.38559936729538,
        1331.092810310669,
        2733.215709801471,
        7617.12952208186,
        12668.850510118451,
        16135.985918548004,
        18419.24347526049,
        19413.281682912642,
        19936.971996881533,
        20236.095980160128
    ],
    "z_normalized": [
        0.0,
        0.0076,
        0.0156,
        0.0236,
        0.0316,
        0.039599999999999996,
        0.0476,
        0.0556,
        0.0636,
        0.0716,
        0.0796
    ]
}