{
    "thrust": 0.10218359532200531,
    "discharge_current": 25.206689756370302,
    "ion_velocity": [
        -1784.9884505195964,
        1133.6513072753855,
        3499.5428891762936,
        7355.91229280261,
        11958.141176689902,
        15689.229864532259,
        18319.36500812723,
        19994.402758273874,
        20928.124942475417,
        21374.38477918098,
        21584.28003938604
    ],
    "z_normalized": [
        0.0,
        0.0076,
        0.0156,
        0.0236,
        0.0316,
        0.039599999999999996,
        0.0476,
        0.0556,
        0.0636,
        0.0716,
        0.0796
    ]
}