{
    "thrust": 0.10587738215574004,
    "discharge_current": 13.589734763893114,
    "ion_velocity": [
        -1235.956176469913,
        -250.52598019432338,
        1149.9190935286463,
        3489.3693017522155,
        8968.018391567255,
        13941.706088187608,
        17330.264543712306,
        19423.277129834383,
        20544.664763703408,
        21060.574894416335,
        21287.698616319776
    ],
    "z_normalized": [
        0.0,
        0.0076,
        0.0156,
        0.0236,
        0.0316,
        0.039599999999999996,
        0.0476,
        0.0556,
        0.0636,
        0.0716,
        0.0796
    ]
}