{
    "thrust": 0.1016928096458732,
    "discharge_current": 32.499659564002265,
    "ion_velocity": [
        -1931.8435505050686,
        1218.7785921302668,
        2967.4840728070776,
        5809.161908610544,
        10676.926528903234,
        14931.376231449736,
        17998.527654473273,
        19874.26663955486,
        20918.39936245222,
        21420.823226321823,
        21662.811310024787
    ],
    "z_normalized": [
        0.0,
        0.0076,
        0.0156,
        0.0236,
        0.0316,
        0.039599999999999996,
        0.0476,
        0.0556,
        0.0636,
        0.0716,
        0.0796
    ]
}