{
    "thrust": 0.10410929032327108,
    "discharge_current": 23.521575430880798,
    "ion_velocity": [
        -1711.6120770617317,
        852.7664728169915,
        2725.755044419715,
        5583.71878731166,
        10633.367795534745,
        14954.222411147028,
        17917.56015263109,
        19783.532876225832,
        20821.552071591155,
        21315.050432744916,
        21545.870369564167
    ],
    "z_normalized": [
        0.0,
        0.0076,
        0.0156,
        0.0236,
        0.0316,
        0.039599999999999996,
        0.0476,
        0.0556,
        0.0636,
        0.0716,
        0.0796
    ]
}