{
    "thrust": 0.10236033392123325,
    "discharge_current": 24.449055105701298,
    "ion_velocity": [
        -1767.1449868477068,
        1108.8062565089576,
        3515.21304113075,
        7429.450524207898,
        12024.377220171282,
        15729.608489418088,
        18331.79657414047,
        19997.39151738548,
        20924.543538215035,
        21367.166625889153,
        21574.75290157454
    ],
    "z_normalized": [
        0.0,
        0.0076,
        0.0156,
        0.0236,
        0.0316,
        0.039599999999999996,
        0.0476,
        0.0556,
        0.0636,
        0.0716,
        0.0796
    ]
}