{
    "thrust": 0.10693588742018895,
    "discharge_current": 11.362563473439964,
    "ion_velocity": [
        -1235.8889147816046,
        -240.30842762005406,
        753.2657948873775,
        2889.745112411522,
        8554.69847098135,
        13698.918424883417,
        17233.298155568154,
        19395.643244867548,
        20536.68654976574,
        21053.696507581943,
        21274.685942245196
    ],
    "z_normalized": [
        0.0,
        0.0076,
        0.0156,
        0.0236,
        0.0316,
        0.039599999999999996,
        0.0476,
        0.0556,
        0.0636,
        0.0716,
        0.0796
    ]
}