{
    "thrust": 0.10657540511882739,
    "discharge_current": 19.060653478464754,
    "ion_velocity": [
        -1540.3395668843414,
        234.0915485710658,
        1836.0022944607422,
        3882.68595424841,
        9315.962860662346,
        14224.358773035812,
        17513.02762343165,
        19562.025600164845,
        20686.71365547712,
        21214.86373649843,
        21456.909525883824
    ],
    "z_normalized": [
        0.0,
        0.0076,
        0.0156,
        0.0236,
        0.0316,
        0.039599999999999996,
        0.0476,
        0.0556,
        0.0636,
        0.0716,
        0.0796
    ]
}