{
    "thrust": [
        0.20647341009660575
    ],
    "time": [
        0.001
    ],
    "discharge_current": [
        15.308594342176265
    ],
    "z_normalized": [
        0.0,
        0.18999999999999997,
        0.38999999999999996,
        0.59,
        0.7899999999999999,
        0.99,
        1.19,
        1.3900000000000001,
        1.5899999999999999,
        1.7899999999999998,
        1.99
    ],
    "ion_velocity": [
        [
            -1438.3873672909908,
            17.65666601990786,
            650.4260298646578,
            2548.7962323330316,
            5497.521865885008,
            8931.254128057524,
            12352.928139859912,
            15130.12986551217,
            17436.34825909754,
            19363.487091058076,
            21331.252943487132
        ]
    ]
}