{
    "thrust": [
        0.14972733469235397
    ],
    "time": [
        0.001
    ],
    "discharge_current": [
        95.4794556077456
    ],
    "z_normalized": [
        0.0,
        0.18999999999999997,
        0.38999999999999996,
        0.59,
        0.7899999999999999,
        0.99,
        1.19,
        1.3900000000000001,
        1.5899999999999999,
        1.7899999999999998,
        1.99
    ],
    "ion_velocity": [
        [
            -2511.8987475065724,
            1716.944521113016,
            2489.7423123530884,
            3911.293759117174,
            5947.208336088191,
            8333.606589742141,
            12050.867349729637,
            15064.640910402904,
            17626.647411802995,
            19777.49248453938,
            21988.628727869054
        ]
    ]
}