{
    "thrust": 0.07948017407400956,
    "discharge_current": 52.286427447089316,
    "ion_velocity": [
        -2584.929087640028,
        2151.2632718592304,
        4369.574321814268,
        8017.094471395948,
        12158.791608931308,
        15867.25278659095,
        18639.38641992927,
        20379.593433422324,
        21334.32562467829,
        21806.692629596328,
        22050.91270477399
    ],
    "z_normalized": [
        0.0,
        0.0076,
        0.0156,
        0.0236,
        0.0316,
        0.039599999999999996,
        0.0476,
        0.0556,
        0.0636,
        0.0716,
        0.0796
    ]
}