{
    "thrust": 0.08997351974099209,
    "discharge_current": 22.458940243719276,
    "ion_velocity": [
        -1820.8986687263032,
        1233.2914404863734,
        4332.4250408044645,
        9499.877726756975,
        13403.035704714677,
        16515.05490561198,
        18780.795400002175,
        20221.884674265228,
        21044.7336637128,
        21446.72337107711,
        21629.042964349082
    ],
    "z_normalized": [
        0.0,
        0.0076,
        0.0156,
        0.0236,
        0.0316,
        0.039599999999999996,
        0.0476,
        0.0556,
        0.0636,
        0.0716,
        0.0796
    ]
}