{
    "thrust": 0.07933153874092622,
    "discharge_current": 52.797110041058566,
    "ion_velocity": [
        -2595.2835446856925,
        2166.15423920085,
        4398.581566547459,
        8066.623252267393,
        12202.904498538699,
        15896.169323127579,
        18657.044881503713,
        20390.624315125286,
        21341.91752779232,
        21812.706112123393,
        22056.438421992796
    ],
    "z_normalized": [
        0.0,
        0.0076,
        0.0156,
        0.0236,
        0.0316,
        0.039599999999999996,
        0.0476,
        0.0556,
        0.0636,
        0.0716,
        0.0796
    ]
}