{
    "thrust": 0.08187437855232703,
    "discharge_current": 44.37473967915917,
    "ion_velocity": [
        -2415.3758717263127,
        2014.7545242920664,
        4400.127537657743,
        8323.904208408181,
        12407.75005965305,
        15994.932699306042,
        18672.051283275498,
        20346.931388888428,
        21270.880008903547,
        21727.165724021273,
        21957.70999045374
    ],
    "z_normalized": [
        0.0,
        0.0076,
        0.0156,
        0.0236,
        0.0316,
        0.039599999999999996,
        0.0476,
        0.0556,
        0.0636,
        0.0716,
        0.0796
    ]
}