{
    "thrust": 0.07812786037794557,
    "discharge_current": 56.84641018290472,
    "ion_velocity": [
        -2680.043146239408,
        2263.969479318227,
        4529.077686298295,
        8268.597733325627,
        12383.315118106588,
        16022.603113408422,
        18743.35618179851,
        20454.355135551883,
        21393.835689912095,
        21859.39821461951,
        22102.955342729798
    ],
    "z_normalized": [
        0.0,
        0.0076,
        0.0156,
        0.0236,
        0.0316,
        0.039599999999999996,
        0.0476,
        0.0556,
        0.0636,
        0.0716,
        0.0796
    ]
}