{
    "thrust": 0.09066260181699967,
    "discharge_current": 21.16006927958683,
    "ion_velocity": [
        -1775.5852473748753,
        1132.1329278413734,
        4279.6028894574865,
        9543.891014141655,
        13454.874417705836,
        16538.09445768472,
        18772.797348717126,
        20206.126673741655,
        21025.133440168534,
        21424.70442923368,
        21603.923559394694
    ],
    "z_normalized": [
        0.0,
        0.0076,
        0.0156,
        0.0236,
        0.0316,
        0.039599999999999996,
        0.0476,
        0.0556,
        0.0636,
        0.0716,
        0.0796
    ]
}