{
    "thrust": 0.0899587945347814,
    "discharge_current": 22.49396440302568,
    "ion_velocity": [
        -1821.9753709164058,
        1235.0738524342787,
        4329.85576812036,
        9490.194584155508,
        13395.070447245933,
        16510.465824734096,
        18778.993935304326,
        20221.255621367116,
        21044.776698328264,
        21447.104216921463,
        21629.62113499825
    ],
    "z_normalized": [
        0.0,
        0.0076,
        0.0156,
        0.0236,
        0.0316,
        0.039599999999999996,
        0.0476,
        0.0556,
        0.0636,
        0.0716,
        0.0796
    ]
}