{
    "thrust": 0.07803118529250044,
    "discharge_current": 57.66463029979446,
    "ion_velocity": [
        -2690.1726520528314,
        2254.030338516941,
        4435.113909434892,
        8045.30484544274,
        12183.254921293908,
        15902.530871238469,
        18681.280349105178,
        20427.547361527795,
        21384.667925881582,
        21858.206984858116,
        22106.55420328225
    ],
    "z_normalized": [
        0.0,
        0.0076,
        0.0156,
        0.0236,
        0.0316,
        0.039599999999999996,
        0.0476,
        0.0556,
        0.0636,
        0.0716,
        0.0796
    ]
}