{
    "thrust": 0.091418153507792,
    "discharge_current": 19.941998339355575,
    "ion_velocity": [
        -1731.049652295825,
        1020.9184301390143,
        4209.7106203335,
        9559.301149503668,
        13491.76110554194,
        16551.48970773949,
        18759.160412337616,
        20188.150231490356,
        21004.818648727276,
        21402.655518671025,
        21579.00003348425
    ],
    "z_normalized": [
        0.0,
        0.0076,
        0.0156,
        0.0236,
        0.0316,
        0.039599999999999996,
        0.0476,
        0.0556,
        0.0636,
        0.0716,
        0.0796
    ]
}