{
    "thrust": 0.08882517639439558,
    "discharge_current": 25.007884491473625,
    "ion_velocity": [
        -1903.315979950884,
        1380.364887823498,
        4320.943016282568,
        9210.198717703684,
        13150.763754191164,
        16374.850928762718,
        18740.49810511265,
        20225.105176799207,
        21069.71414586694,
        21483.158447837908,
        21674.20874665422
    ],
    "z_normalized": [
        0.0,
        0.0076,
        0.0156,
        0.0236,
        0.0316,
        0.039599999999999996,
        0.0476,
        0.0556,
        0.0636,
        0.0716,
        0.0796
    ]
}