{
    "thrust": 0.08999165859461983,
    "discharge_current": 22.427230298591002,
    "ion_velocity": [
        -1819.7080618336552,
        1230.5259076863952,
        4329.807205408678,
        9497.923688426557,
        13401.708867513116,
        16513.994974466055,
        18779.731815122574,
        20221.036480993855,
        21044.022943636424,
        21446.066012590283,
        21628.362072794378
    ],
    "z_normalized": [
        0.0,
        0.0076,
        0.0156,
        0.0236,
        0.0316,
        0.039599999999999996,
        0.0476,
        0.0556,
        0.0636,
        0.0716,
        0.0796
    ]
}