{
    "thrust": 0.0798497812242507,
    "discharge_current": 50.924760927786906,
    "ion_velocity": [
        -2558.324183453838,
        2128.5344875911414,
        4367.85940585692,
        8054.121302334885,
        12188.411888359231,
        15881.687976515565,
        18641.92697652601,
        20373.741542733274,
        21324.438426948418,
        21794.668982728115,
        22036.913698229782
    ],
    "z_normalized": [
        0.0,
        0.0076,
        0.0156,
        0.0236,
        0.0316,
        0.039599999999999996,
        0.0476,
        0.0556,
        0.0636,
        0.0716,
        0.0796
    ]
}