{
    "thrust": [
        0.15004894672033892
    ],
    "time": [
        0.001
    ],
    "discharge_current": [
        94.78793591782988
    ],
    "z_normalized": [
        0.0,
        0.18999999999999997,
        0.38999999999999996,
        0.59,
        0.7899999999999999,
        0.99,
        1.19,
        1.3900000000000001,
        1.5899999999999999,
        1.7899999999999998,
        1.99
    ],
    "ion_velocity": [
        [
            -2503.305112857819,
            1709.5051841809768,
            2482.083203624213,
            3903.0608769309547,
            5940.859821460837,
            8325.394950356851,
            12039.263468282648,
            15054.738401219587,
            17618.93829192053,
            19771.686610483594,
            21983.742119957184
        ]
    ]
}