{
    "thrust": [
        0.14957168295678216
    ],
    "time": [
        0.001
    ],
    "discharge_current": [
        95.88017143126689
    ],
    "z_normalized": [
        0.0,
        0.18999999999999997,
        0.38999999999999996,
        0.59,
        0.7899999999999999,
        0.99,
        1.19,
        1.3900000000000001,
        1.5899999999999999,
        1.7899999999999998,
        1.99
    ],
    "ion_velocity": [
        [
            -2516.3437124108455,
            1720.1240958975652,
            2491.002949977996,
            3909.0774448593993,
            5939.284319608176,
            8321.950498285598,
            12043.467557454675,
            15060.139045066038,
            17624.459848961993,
            19777.287868049876,
            21990.950299642936
        ]
    ]
}