{
    "thrust": [
        0.19636973890229129
    ],
    "time": [
        0.001
    ],
    "discharge_current": [
        17.52353112325647
    ],
    "z_normalized": [
        0.0,
        0.18999999999999997,
        0.38999999999999996,
        0.59,
        0.7899999999999999,
        0.99,
        1.19,
        1.3900000000000001,
        1.5899999999999999,
        1.7899999999999998,
        1.99
    ],
    "ion_velocity": [
        [
            -1474.1081449147164,
            -29.359733191958313,
            792.0440966274608,
            2642.4737200110562,
            5179.2150116981975,
            8295.483806294746,
            11835.38577919266,
            14831.756146722304,
            17289.538617399445,
            19321.44384724968,
            21422.766810234385
        ]
    ]
}