{
    "thrust": [
        0.14958028964936662
    ],
    "time": [
        0.001
    ],
    "discharge_current": [
        95.86009921938378
    ],
    "z_normalized": [
        0.0,
        0.18999999999999997,
        0.38999999999999996,
        0.59,
        0.7899999999999999,
        0.99,
        1.19,
        1.3900000000000001,
        1.5899999999999999,
        1.7899999999999998,
        1.99
    ],
    "ion_velocity": [
        [
            -2516.1075399754372,
            1719.930654049559,
            2490.840010604559,
            3908.9669320299063,
            5939.315032757874,
            8322.01555153826,
            12043.393122926755,
            15060.042709210107,
            17624.36113088358,
            19777.18752014317,
            21990.820550714212
        ]
    ]
}