{
    "thrust": [
        0.14952898609851292
    ],
    "time": [
        0.001
    ],
    "discharge_current": [
        95.97996369525025
    ],
    "z_normalized": [
        0.0,
        0.18999999999999997,
        0.38999999999999996,
        0.59,
        0.7899999999999999,
        0.99,
        1.19,
        1.3900000000000001,
        1.5899999999999999,
        1.7899999999999998,
        1.99
    ],
    "ion_velocity": [
        [
            -2517.515929947523,
            1721.084797142738,
            2491.8124196986,
            3909.626796388271,
            5939.130554406839,
            8321.626003785846,
            12043.835971685725,
            15060.616309917861,
            17624.949058577942,
            19777.78528270992,
            21991.59382274949
        ]
    ]
}