{
    "thrust": [
        0.14901420631119366
    ],
    "time": [
        0.001
    ],
    "discharge_current": [
        97.21283030224326
    ],
    "z_normalized": [
        0.0,
        0.18999999999999997,
        0.38999999999999996,
        0.59,
        0.7899999999999999,
        0.99,
        1.19,
        1.3900000000000001,
        1.5899999999999999,
        1.7899999999999998,
        1.99
    ],
    "ion_velocity": [
        [
            -2531.7304553692343,
            1732.8177753876078,
            2501.733558704411,
            3916.4081726387985,
            5937.079572237118,
            8317.463025900146,
            12048.156109631782,
            15066.277818241797,
            17630.773284770137,
            19783.725979397972,
            21999.33194291516
        ]
    ]
}