{
    "thrust": [
        0.2054791219220863
    ],
    "time": [
        0.001
    ],
    "discharge_current": [
        15.632024122226344
    ],
    "z_normalized": [
        0.0,
        0.18999999999999997,
        0.38999999999999996,
        0.59,
        0.7899999999999999,
        0.99,
        1.19,
        1.3900000000000001,
        1.5899999999999999,
        1.7899999999999998,
        1.99
    ],
    "ion_velocity": [
        [
            -1390.0850406756047,
            -8.695207950552545,
            545.4717380328416,
            2239.4431514008133,
            4841.9351136985715,
            7997.00490610816,
            11573.931507260062,
            14628.640108763992,
            17143.683998049408,
            19219.23887081297,
            21343.75965271011
        ]
    ]
}