{
    "thrust": [
        0.14949487779003934
    ],
    "time": [
        0.001
    ],
    "discharge_current": [
        96.05994288163879
    ],
    "z_normalized": [
        0.0,
        0.18999999999999997,
        0.38999999999999996,
        0.59,
        0.7899999999999999,
        0.99,
        1.19,
        1.3900000000000001,
        1.5899999999999999,
        1.7899999999999998,
        1.99
    ],
    "ion_velocity": [
        [
            -2518.453059105991,
            1721.8535237306617,
            2492.4604398321694,
            3910.0669800446194,
            5939.006020293173,
            8321.364632392248,
            12044.129245363787,
            15060.996782024642,
            17625.339227250992,
            19778.182151678295,
            21992.107716531256
        ]
    ]
}