{
    "thrust": [
        0.14945212468344468
    ],
    "time": [
        0.001
    ],
    "discharge_current": [
        96.16052432141352
    ],
    "z_normalized": [
        0.0,
        0.18999999999999997,
        0.38999999999999996,
        0.59,
        0.7899999999999999,
        0.99,
        1.19,
        1.3900000000000001,
        1.5899999999999999,
        1.7899999999999998,
        1.99
    ],
    "ion_velocity": [
        [
            -2519.628602422601,
            1722.8187038732844,
            2493.2744508376527,
            3910.620425939986,
            5938.847746535524,
            8321.034262362327,
            12044.495524231224,
            15061.472672888307,
            17625.8274710088,
            19778.67898097742,
            21992.75162275613
        ]
    ]
}