{
    "thrust": [
        0.15007753938203328
    ],
    "time": [
        0.001
    ],
    "discharge_current": [
        94.72377347010833
    ],
    "z_normalized": [
        0.0,
        0.18999999999999997,
        0.38999999999999996,
        0.59,
        0.7899999999999999,
        0.99,
        1.19,
        1.3900000000000001,
        1.5899999999999999,
        1.7899999999999998,
        1.99
    ],
    "ion_velocity": [
        [
            -2502.5277379819836,
            1708.875161533434,
            2481.5556292861643,
            3902.7070136544835,
            5940.946421114788,
            8325.591486574582,
            12039.007053117568,
            15054.41140525836,
            17618.60475243885,
            19771.348964003573,
            21983.309647933766
        ]
    ]
}