{
    "thrust": [
        0.18452370822995126
    ],
    "time": [
        0.001
    ],
    "discharge_current": [
        35.009627831150716
    ],
    "z_normalized": [
        0.0,
        0.18999999999999997,
        0.38999999999999996,
        0.59,
        0.7899999999999999,
        0.99,
        1.19,
        1.3900000000000001,
        1.5899999999999999,
        1.7899999999999998,
        1.99
    ],
    "ion_velocity": [
        [
            -1561.0611338298345,
            274.9907857437944,
            1180.3283265231858,
            2054.1867594909017,
            3293.2715175633293,
            5396.31738795011,
            9565.684539849759,
            13223.65764459966,
            16319.777580379545,
            18890.897716065832,
            21461.226743151023
        ]
    ]
}