{
    "thrust": [
        0.1886447245030724
    ],
    "time": [
        0.001
    ],
    "discharge_current": [
        10.40182235896541
    ],
    "z_normalized": [
        0.0,
        0.18999999999999997,
        0.38999999999999996,
        0.59,
        0.7899999999999999,
        0.99,
        1.19,
        1.3900000000000001,
        1.5899999999999999,
        1.7899999999999998,
        1.99
    ],
    "ion_velocity": [
        [
            -1349.8689298262427,
            -59.08505181467614,
            259.7021180929393,
            434.8358982584116,
            2111.35384567688,
            9315.293439999903,
            13134.920236842912,
            15694.16003675998,
            17871.183986343578,
            19661.402682682048,
            21393.501582129305
        ]
    ]
}