{
    "thrust": [
        0.18878581966911243
    ],
    "time": [
        0.001
    ],
    "discharge_current": [
        10.493194784879039
    ],
    "z_normalized": [
        0.0,
        0.18999999999999997,
        0.38999999999999996,
        0.59,
        0.7899999999999999,
        0.99,
        1.19,
        1.3900000000000001,
        1.5899999999999999,
        1.7899999999999998,
        1.99
    ],
    "ion_velocity": [
        [
            -1359.110637088566,
            -60.826570414321075,
            260.79311856481286,
            432.4676443369363,
            1987.0742957302452,
            9111.359580305405,
            13033.30134200426,
            15605.642791533184,
            17771.7025099373,
            19571.36838323175,
            21349.199059574174
        ]
    ]
}