{
    "thrust": [
        0.19180816838420497
    ],
    "time": [
        0.001
    ],
    "discharge_current": [
        10.556230992384867
    ],
    "z_normalized": [
        0.0,
        0.18999999999999997,
        0.38999999999999996,
        0.59,
        0.7899999999999999,
        0.99,
        1.19,
        1.3900000000000001,
        1.5899999999999999,
        1.7899999999999998,
        1.99
    ],
    "ion_velocity": [
        [
            -1347.1174865800872,
            -63.79945535318681,
            254.2121655506766,
            435.12907012594565,
            2117.343453635429,
            9280.398503752021,
            13123.658834406919,
            15707.882232217507,
            17898.33321288245,
            19696.68934468139,
            21416.993057826992
        ]
    ]
}