{
    "thrust": [
        0.1892709170554915
    ],
    "time": [
        0.001
    ],
    "discharge_current": [
        10.438208758574648
    ],
    "z_normalized": [
        0.0,
        0.18999999999999997,
        0.38999999999999996,
        0.59,
        0.7899999999999999,
        0.99,
        1.19,
        1.3900000000000001,
        1.5899999999999999,
        1.7899999999999998,
        1.99
    ],
    "ion_velocity": [
        [
            -1354.4980551633444,
            -59.89405028577383,
            260.0097299662173,
            431.56570613753723,
            2209.2626044352796,
            9510.71367707092,
            13261.238835885792,
            15767.6545365827,
            17915.63642328725,
            19691.98912511851,
            21405.434884189195
        ]
    ]
}