{
    "thrust": [
        0.1978274289726996
    ],
    "time": [
        0.001
    ],
    "discharge_current": [
        16.890178394008377
    ],
    "z_normalized": [
        0.0,
        0.18999999999999997,
        0.38999999999999996,
        0.59,
        0.7899999999999999,
        0.99,
        1.19,
        1.3900000000000001,
        1.5899999999999999,
        1.7899999999999998,
        1.99
    ],
    "ion_velocity": [
        [
            -1374.4270704913977,
            -34.47366194331851,
            389.86060782097763,
            1246.5144646874703,
            2607.8890156273615,
            4767.443847333727,
            8958.816388782721,
            12980.389868000053,
            16201.862115379641,
            18760.051500717014,
            21378.491802333254
        ]
    ]
}