{
    "iteration": 100,
    "checkpoint_samples": [
        [
            -0.6365591929398999,
            1.7452409128505177
        ],
        [
            -0.04483326741654614,
            1.5496974850721001
        ],
        [
            -2.0403544939226728,
            1.7348135550232326
        ],
        [
            -3.9458558281279608,
            0.1689485404279569
        ],
        [
            -1.9067913410609996,
            0.23822533758079764
        ],
        [
            -2.5476077380218314,
            1.772121747218568
        ],
        [
            -3.592990065460444,
            1.82901712319406
        ],
        [
            -0.4683351335390653,
            1.5207847399560435
        ]
    ]
}