{
    "thrust": [
        0.19391516267162767
    ],
    "time": [
        0.001
    ],
    "discharge_current": [
        12.870405358285403
    ],
    "z_normalized": [
        0.0,
        0.18999999999999997,
        0.38999999999999996,
        0.59,
        0.7899999999999999,
        0.99,
        1.19,
        1.3900000000000001,
        1.5899999999999999,
        1.7899999999999998,
        1.99
    ],
    "ion_velocity": [
        [
            -1355.7522245448522,
            -79.43202723546473,
            267.3852359493314,
            577.4771838824761,
            2141.583933415624,
            5745.520415463515,
            9974.891225310226,
            13599.761693551842,
            16574.27606402527,
            18980.345068777522,
            21386.191817501593
        ]
    ]
}