{
    "thrust": [
        0.18712189957514114
    ],
    "time": [
        0.001
    ],
    "discharge_current": [
        16.04642605780274
    ],
    "z_normalized": [
        0.0,
        0.18999999999999997,
        0.38999999999999996,
        0.59,
        0.7899999999999999,
        0.99,
        1.19,
        1.3900000000000001,
        1.5899999999999999,
        1.7899999999999998,
        1.99
    ],
    "ion_velocity": [
        [
            -1335.6427816579499,
            -58.29141054305554,
            304.7083533052956,
            1101.9456302501765,
            3728.2168804481057,
            7111.556885661193,
            11006.087226249716,
            14287.969043139308,
            16964.446138246512,
            19150.45312888779,
            21392.200120779617
        ]
    ]
}