{
    "thrust": [
        0.1625865201991687
    ],
    "time": [
        0.001
    ],
    "discharge_current": [
        66.55788701656934
    ],
    "z_normalized": [
        0.0,
        0.18999999999999997,
        0.38999999999999996,
        0.59,
        0.7899999999999999,
        0.99,
        1.19,
        1.3900000000000001,
        1.5899999999999999,
        1.7899999999999998,
        1.99
    ],
    "ion_velocity": [
        [
            -2138.3366261271285,
            1342.9881044806032,
            2183.290542312278,
            3687.8097748627097,
            5956.796701202196,
            8471.055337186523,
            11946.262896163711,
            14919.67862546417,
            17474.56685583407,
            19618.908200278376,
            21785.68367083951
        ]
    ]
}