{
    "thrust": [
        0.18270549239510475
    ],
    "time": [
        0.001
    ],
    "discharge_current": [
        33.01635703978735
    ],
    "z_normalized": [
        0.0,
        0.18999999999999997,
        0.38999999999999996,
        0.59,
        0.7899999999999999,
        0.99,
        1.19,
        1.3900000000000001,
        1.5899999999999999,
        1.7899999999999998,
        1.99
    ],
    "ion_velocity": [
        [
            -1508.64198417978,
            31.214106306710786,
            1137.332606856415,
            2843.0563062249007,
            5350.605782660786,
            8455.01587106276,
            11929.972979355402,
            14822.472168277993,
            17291.958104389298,
            19338.202651158594,
            21447.922915683437
        ]
    ]
}