{
    "thrust": [
        0.1881121053056611
    ],
    "time": [
        0.001
    ],
    "discharge_current": [
        15.224369542332367
    ],
    "z_normalized": [
        0.0,
        0.18999999999999997,
        0.38999999999999996,
        0.59,
        0.7899999999999999,
        0.99,
        1.19,
        1.3900000000000001,
        1.5899999999999999,
        1.7899999999999998,
        1.99
    ],
    "ion_velocity": [
        [
            -1323.7488608297535,
            -58.22004659192048,
            296.9237842884671,
            957.8009587728609,
            3505.4530841169317,
            6928.949271094101,
            10865.388337618711,
            14194.469408031944,
            16912.819010970044,
            19129.844925224726,
            21392.98324824951
        ]
    ]
}