{
    "thrust": [
        0.19223136962625964
    ],
    "time": [
        0.001
    ],
    "discharge_current": [
        13.305632842359241
    ],
    "z_normalized": [
        0.0,
        0.18999999999999997,
        0.38999999999999996,
        0.59,
        0.7899999999999999,
        0.99,
        1.19,
        1.3900000000000001,
        1.5899999999999999,
        1.7899999999999998,
        1.99
    ],
    "ion_velocity": [
        [
            -1367.5924888160428,
            -70.43801824461036,
            276.62717384220707,
            634.2023177599491,
            2535.2412158492743,
            6117.36215048388,
            10253.852792159836,
            13788.91218220903,
            16686.091964169864,
            19034.83426686461,
            21395.089811588725
        ]
    ]
}