{
    "thrust": [
        0.18222915774732476
    ],
    "time": [
        0.001
    ],
    "discharge_current": [
        23.58208309294374
    ],
    "z_normalized": [
        0.0,
        0.18999999999999997,
        0.38999999999999996,
        0.59,
        0.7899999999999999,
        0.99,
        1.19,
        1.3900000000000001,
        1.5899999999999999,
        1.7899999999999998,
        1.99
    ],
    "ion_velocity": [
        [
            -1300.4882822185714,
            -58.4520365558316,
            397.3820435676725,
            2002.8532494475373,
            4631.492265436544,
            7858.15566402652,
            11582.029568015225,
            14657.115722265402,
            17150.282500086087,
            19201.12908243259,
            21357.009573123785
        ]
    ]
}