{
    "thrust": [
        0.18604745170703696
    ],
    "time": [
        0.001
    ],
    "discharge_current": [
        15.516333554007046
    ],
    "z_normalized": [
        0.0,
        0.18999999999999997,
        0.38999999999999996,
        0.59,
        0.7899999999999999,
        0.99,
        1.19,
        1.3900000000000001,
        1.5899999999999999,
        1.7899999999999998,
        1.99
    ],
    "ion_velocity": [
        [
            -1413.2673793263589,
            -61.689738350998965,
            297.7121661716481,
            1009.4713907479895,
            3592.446066126572,
            7001.769518108837,
            10922.599526690774,
            14234.313635740578,
            16937.30375694135,
            19142.881593105772,
            21398.21055767698
        ]
    ]
}