{
    "thrust": [
        0.19697667479070677
    ],
    "time": [
        0.001
    ],
    "discharge_current": [
        12.296919877093076
    ],
    "z_normalized": [
        0.0,
        0.18999999999999997,
        0.38999999999999996,
        0.59,
        0.7899999999999999,
        0.99,
        1.19,
        1.3900000000000001,
        1.5899999999999999,
        1.7899999999999998,
        1.99
    ],
    "ion_velocity": [
        [
            -1346.8560956396764,
            -92.58433396791723,
            253.39351393636952,
            509.96582538581885,
            1526.9054836209114,
            5025.156985429608,
            9445.105703926827,
            13248.529644688315,
            16373.152700793138,
            18888.71395974571,
            21383.105597257643
        ]
    ]
}