{
    "thrust": [
        0.16950264206064325
    ],
    "time": [
        0.001
    ],
    "discharge_current": [
        51.992544653567194
    ],
    "z_normalized": [
        0.0,
        0.18999999999999997,
        0.38999999999999996,
        0.59,
        0.7899999999999999,
        0.99,
        1.19,
        1.3900000000000001,
        1.5899999999999999,
        1.7899999999999998,
        1.99
    ],
    "ion_velocity": [
        [
            -1910.2919224514264,
            1061.862129380995,
            1968.0019071450322,
            3520.8230465733714,
            5892.266136124532,
            8616.375391684714,
            11956.40221591754,
            14883.632411037232,
            17412.453142558978,
            19531.553724015583,
            21663.588537833657
        ]
    ]
}