{
    "thrust": [
        0.19175989020654785
    ],
    "time": [
        0.001
    ],
    "discharge_current": [
        13.4392929063315
    ],
    "z_normalized": [
        0.0,
        0.18999999999999997,
        0.38999999999999996,
        0.59,
        0.7899999999999999,
        0.99,
        1.19,
        1.3900000000000001,
        1.5899999999999999,
        1.7899999999999998,
        1.99
    ],
    "ion_velocity": [
        [
            -1341.7899197625356,
            -68.63757835839651,
            276.6893819092132,
            654.6434182665215,
            2648.1632869153846,
            6214.464851884903,
            10325.574822098384,
            13836.29379234839,
            16712.567206520573,
            19045.698611539894,
            21393.972795460235
        ]
    ]
}