{
    "thrust": [
        0.15805626431829714
    ],
    "time": [
        0.001
    ],
    "discharge_current": [
        77.42017330178227
    ],
    "z_normalized": [
        0.0,
        0.18999999999999997,
        0.38999999999999996,
        0.59,
        0.7899999999999999,
        0.99,
        1.19,
        1.3900000000000001,
        1.5899999999999999,
        1.7899999999999998,
        1.99
    ],
    "ion_velocity": [
        [
            -2290.308379503795,
            1532.300720006856,
            2338.4120888796433,
            3806.7683586268745,
            5982.894595099755,
            8425.02742607398,
            11995.1518309883,
            14982.902608997696,
            17538.74736318552,
            19684.300835825114,
            21866.2804782676
        ]
    ]
}