{
    "thrust": [
        0.14563609191060564
    ],
    "time": [
        0.001
    ],
    "discharge_current": [
        105.85866509599902
    ],
    "z_normalized": [
        0.0,
        0.18999999999999997,
        0.38999999999999996,
        0.59,
        0.7899999999999999,
        0.99,
        1.19,
        1.3900000000000001,
        1.5899999999999999,
        1.7899999999999998,
        1.99
    ],
    "ion_velocity": [
        [
            -2627.8449006931414,
            1812.772919086779,
            2570.0406639571856,
            3963.304897722665,
            5926.968562277684,
            8295.657627546609,
            12080.881074653144,
            15106.715582942488,
            17671.44073448936,
            19824.49452075183,
            22051.18508300962
        ]
    ]
}