{
    "thrust": [
        0.1821834426560644
    ],
    "time": [
        0.001
    ],
    "discharge_current": [
        23.354110222216548
    ],
    "z_normalized": [
        0.0,
        0.18999999999999997,
        0.38999999999999996,
        0.59,
        0.7899999999999999,
        0.99,
        1.19,
        1.3900000000000001,
        1.5899999999999999,
        1.7899999999999998,
        1.99
    ],
    "ion_velocity": [
        [
            -1315.1186173412946,
            -56.660658846542226,
            395.25727171537807,
            1988.7887213288152,
            4620.859708838758,
            7850.714392628748,
            11577.737076520265,
            14656.608604815194,
            17153.31408775479,
            19206.78640989269,
            21364.37778566285
        ]
    ]
}