{
    "thrust": [
        0.19392753646325858
    ],
    "time": [
        0.001
    ],
    "discharge_current": [
        12.962004931882044
    ],
    "z_normalized": [
        0.0,
        0.18999999999999997,
        0.38999999999999996,
        0.59,
        0.7899999999999999,
        0.99,
        1.19,
        1.3900000000000001,
        1.5899999999999999,
        1.7899999999999998,
        1.99
    ],
    "ion_velocity": [
        [
            -1345.9114121434036,
            -71.5320799691379,
            270.0163491476207,
            588.7412398312302,
            2232.9150015690957,
            5837.782796260033,
            10045.745780999547,
            13649.356942158109,
            16605.201180853044,
            18997.234852935246,
            21391.659053603733
        ]
    ]
}