{
    "thrust": [
        0.1945479194121858
    ],
    "time": [
        0.001
    ],
    "discharge_current": [
        12.78045492347281
    ],
    "z_normalized": [
        0.0,
        0.18999999999999997,
        0.38999999999999996,
        0.59,
        0.7899999999999999,
        0.99,
        1.19,
        1.3900000000000001,
        1.5899999999999999,
        1.7899999999999998,
        1.99
    ],
    "ion_velocity": [
        [
            -1339.404656928926,
            -79.33533809389907,
            265.4265686144899,
            570.0216991948681,
            2070.1680334058183,
            5673.957844489883,
            9923.618398913603,
            13567.648934413402,
            16558.024858330242,
            18975.308539800117,
            21389.4125404978
        ]
    ]
}