{
    "thrust": [
        0.1502892789534372
    ],
    "time": [
        0.001
    ],
    "discharge_current": [
        94.25283964154389
    ],
    "z_normalized": [
        0.0,
        0.18999999999999997,
        0.38999999999999996,
        0.59,
        0.7899999999999999,
        0.99,
        1.19,
        1.3900000000000001,
        1.5899999999999999,
        1.7899999999999998,
        1.99
    ],
    "ion_velocity": [
        [
            -2496.7834036134545,
            1704.2303481856363,
            2477.6717343739842,
            3900.10857243323,
            5941.5634983451655,
            8327.016215133615,
            12037.09438190243,
            15051.979350839147,
            17616.12626154634,
            19768.842017878724,
            21980.105007551727
        ]
    ]
}