{
    "thrust": [
        0.19281406606722287
    ],
    "time": [
        0.001
    ],
    "discharge_current": [
        13.099798086384864
    ],
    "z_normalized": [
        0.0,
        0.18999999999999997,
        0.38999999999999996,
        0.59,
        0.7899999999999999,
        0.99,
        1.19,
        1.3900000000000001,
        1.5899999999999999,
        1.7899999999999998,
        1.99
    ],
    "ion_velocity": [
        [
            -1339.928226572082,
            -75.71972146280098,
            270.07595062412975,
            608.7506082049906,
            2381.038330808806,
            5978.2452015344825,
            10149.28112601059,
            13716.683935357441,
            16641.781553143708,
            19011.647619188298,
            21389.080914368722
        ]
    ]
}