{
    "thrust": [
        0.18666081348703634
    ],
    "time": [
        0.001
    ],
    "discharge_current": [
        15.597629919373162
    ],
    "z_normalized": [
        0.0,
        0.18999999999999997,
        0.38999999999999996,
        0.59,
        0.7899999999999999,
        0.99,
        1.19,
        1.3900000000000001,
        1.5899999999999999,
        1.7899999999999998,
        1.99
    ],
    "ion_velocity": [
        [
            -1355.338671863359,
            -61.011147257914985,
            298.94800160365907,
            1031.2445141052644,
            3626.7114894552947,
            7029.8919420470365,
            10944.552626553112,
            14249.281323689254,
            16946.0829755863,
            19147.09691830421,
            21399.39489446649
        ]
    ]
}