{
    "thrust": [
        0.19186133590214766
    ],
    "time": [
        0.001
    ],
    "discharge_current": [
        13.393919904891407
    ],
    "z_normalized": [
        0.0,
        0.18999999999999997,
        0.38999999999999996,
        0.59,
        0.7899999999999999,
        0.99,
        1.19,
        1.3900000000000001,
        1.5899999999999999,
        1.7899999999999998,
        1.99
    ],
    "ion_velocity": [
        [
            -1353.9539736153567,
            -66.75785130315838,
            276.3101223763913,
            654.2550461410591,
            2632.04251957261,
            6200.501715154214,
            10314.844812982401,
            13830.804378215013,
            16712.679294418864,
            19050.217774294804,
            21401.071241378842
        ]
    ]
}