{
    "thrust": [
        0.18658728674744868
    ],
    "time": [
        0.001
    ],
    "discharge_current": [
        15.82587414061699
    ],
    "z_normalized": [
        0.0,
        0.18999999999999997,
        0.38999999999999996,
        0.59,
        0.7899999999999999,
        0.99,
        1.19,
        1.3900000000000001,
        1.5899999999999999,
        1.7899999999999998,
        1.99
    ],
    "ion_velocity": [
        [
            -1344.4403262569886,
            -59.8959072243182,
            300.73457977641874,
            1069.7891058506684,
            3685.388192060899,
            7078.68793192811,
            10983.048365084227,
            14275.451393074174,
            16961.14181506377,
            19153.871581318705,
            21400.731109063676
        ]
    ]
}