{
    "thrust": [
        0.18295765263738645
    ],
    "time": [
        0.001
    ],
    "discharge_current": [
        27.609161549430706
    ],
    "z_normalized": [
        0.0,
        0.18999999999999997,
        0.38999999999999996,
        0.59,
        0.7899999999999999,
        0.99,
        1.19,
        1.3900000000000001,
        1.5899999999999999,
        1.7899999999999998,
        1.99
    ],
    "ion_velocity": [
        [
            -1328.4246281940132,
            -43.48962630065873,
            605.4633796410238,
            2376.287932328734,
            4940.361221537282,
            8113.4764944538465,
            11763.799678489995,
            14738.59965026547,
            17196.53994214543,
            19225.423929336735,
            21354.321586631777
        ]
    ]
}