{
    "thrust": [
        0.1637314631165718
    ],
    "time": [
        0.001
    ],
    "discharge_current": [
        64.12513637877112
    ],
    "z_normalized": [
        0.0,
        0.18999999999999997,
        0.38999999999999996,
        0.59,
        0.7899999999999999,
        0.99,
        1.19,
        1.3900000000000001,
        1.5899999999999999,
        1.7899999999999998,
        1.99
    ],
    "ion_velocity": [
        [
            -2107.359702441979,
            1361.0725520975766,
            2213.642532810072,
            3721.2970666592573,
            6001.468960353348,
            8546.746007351067,
            11990.55752003581,
            14943.740442489507,
            17483.045293010655,
            19613.87888998684,
            21765.794338962332
        ]
    ]
}