{
    "thrust": [
        0.17684277695588418
    ],
    "time": [
        0.001
    ],
    "discharge_current": [
        41.05960029138765
    ],
    "z_normalized": [
        0.0,
        0.18999999999999997,
        0.38999999999999996,
        0.59,
        0.7899999999999999,
        0.99,
        1.19,
        1.3900000000000001,
        1.5899999999999999,
        1.7899999999999998,
        1.99
    ],
    "ion_velocity": [
        [
            -1711.878447905947,
            686.8884960175235,
            1692.9168498455326,
            3288.9215656173546,
            5732.590556362155,
            8691.12573877799,
            11991.994541339482,
            14877.929738845005,
            17371.311331083012,
            19451.33494494983,
            21558.680176559294
        ]
    ]
}