{
    "thrust": [
        0.18711599757051167
    ],
    "time": [
        0.001
    ],
    "discharge_current": [
        15.42491791953841
    ],
    "z_normalized": [
        0.0,
        0.18999999999999997,
        0.38999999999999996,
        0.59,
        0.7899999999999999,
        0.99,
        1.19,
        1.3900000000000001,
        1.5899999999999999,
        1.7899999999999998,
        1.99
    ],
    "ion_velocity": [
        [
            -1344.0477283510158,
            -60.77807963645928,
            297.4989939222013,
            999.0986099478822,
            3575.60906010103,
            6987.576888236408,
            10911.474119911592,
            14226.586613194428,
            16932.571981780224,
            19140.403076790295,
            21397.320460099945
        ]
    ]
}