{
    "thrust": [
        0.15255693172688586
    ],
    "time": [
        0.001
    ],
    "discharge_current": [
        88.94877078121398
    ],
    "z_normalized": [
        0.0,
        0.18999999999999997,
        0.38999999999999996,
        0.59,
        0.7899999999999999,
        0.99,
        1.19,
        1.3900000000000001,
        1.5899999999999999,
        1.7899999999999998,
        1.99
    ],
    "ion_velocity": [
        [
            -2432.3685297812667,
            1633.9603125540032,
            2415.893650686138,
            3854.2842086419905,
            5935.961918242847,
            8327.246649234541,
            12000.65094355773,
            15014.67450834596,
            17582.954994357016,
            19739.32575441622,
            21946.31955140048
        ]
    ]
}