{
    "timestamp": "2024-12-28T00:43:42.871106",
    "initial_cov": [
        [
            1.0,
            -0.5
        ],
        [
            -0.5,
            1.0
        ]
    ],
    "initial sample": [
        0.02000351122351038,
        1.0034883812015256
    ],
    "iterations": 200,
    "acceptance_rate": 0.05
}