{
    "iteration": 100,
    "checkpoint_samples": [
        [
            -2.597869966225187,
            1.9584689781115787
        ],
        [
            -1.5794284564826724,
            1.7547074315346267
        ],
        [
            -0.332934408000611,
            1.7832005698619016
        ],
        [
            -2.166996349164065,
            1.6699857527762263
        ],
        [
            -2.776415550177802,
            1.7816603722451512
        ]
    ]
}