{
    "thrust": 0.07864294048086569,
    "discharge_current": 54.86139094175054,
    "ion_velocity": [
        -2642.897673454761,
        2218.6738992310625,
        4466.730431979618,
        8175.539217622268,
        12301.318997002716,
        15965.635064458098,
        18705.184555359698,
        20426.891418141924,
        21372.00908020493,
        21840.11531904677,
        22083.80581271078
    ],
    "z_normalized": [
        0.0,
        0.0076,
        0.0156,
        0.0236,
        0.0316,
        0.039599999999999996,
        0.0476,
        0.0556,
        0.0636,
        0.0716,
        0.0796
    ]
}