{
    "thrust": 0.09363502426628678,
    "discharge_current": 17.06585464458352,
    "ion_velocity": [
        -1616.6830558724616,
        667.1386870856378,
        3989.7954392141614,
        9554.135368819472,
        13589.20616532942,
        16591.51811952901,
        18728.46966493843,
        20146.066475429714,
        20954.32569367913,
        21346.247936003703,
        21514.002075051067
    ],
    "z_normalized": [
        0.0,
        0.0076,
        0.0156,
        0.0236,
        0.0316,
        0.039599999999999996,
        0.0476,
        0.0556,
        0.0636,
        0.0716,
        0.0796
    ]
}