{
    "thrust": 0.09004877061292826,
    "discharge_current": 22.25959101905625,
    "ion_velocity": [
        -1815.228144047959,
        1225.6471938198274,
        4358.353941719647,
        9579.543715666116,
        13467.87075728929,
        16553.147850397472,
        18797.336543028174,
        20228.732581131462,
        21046.015486717144,
        21445.242420122962,
        21626.068593568627
    ],
    "z_normalized": [
        0.0,
        0.0076,
        0.0156,
        0.0236,
        0.0316,
        0.039599999999999996,
        0.0476,
        0.0556,
        0.0636,
        0.0716,
        0.0796
    ]
}