{
    "thrust": 0.08977607067998901,
    "discharge_current": 22.89087280241512,
    "ion_velocity": [
        -1834.951213097176,
        1257.8663343856745,
        4313.513556628,
        9408.772745371154,
        13326.907468969011,
        16471.036231989052,
        18763.815098667244,
        20217.34896493244,
        21046.881394783093,
        21452.273299969103,
        21636.759597527296
    ],
    "z_normalized": [
        0.0,
        0.0076,
        0.0156,
        0.0236,
        0.0316,
        0.039599999999999996,
        0.0476,
        0.0556,
        0.0636,
        0.0716,
        0.0796
    ]
}