{
    "thrust": 0.0796263506416333,
    "discharge_current": 51.737755576532045,
    "ion_velocity": [
        -2574.3953500440466,
        2141.3721709346037,
        4364.986289906142,
        8023.630882282156,
        12163.472552373954,
        15868.687812797458,
        18638.22367454665,
        20376.420564338776,
        21330.101490072815,
        21801.87994472728,
        22045.430815898813
    ],
    "z_normalized": [
        0.0,
        0.0076,
        0.0156,
        0.0236,
        0.0316,
        0.039599999999999996,
        0.0476,
        0.0556,
        0.0636,
        0.0716,
        0.0796
    ]
}