{
    "thrust": 0.09294691485999464,
    "discharge_current": 17.69376068412818,
    "ion_velocity": [
        -1646.8677800954329,
        784.9787087489017,
        4181.153335172282,
        9873.668967648915,
        13801.8193792658,
        16718.25767815015,
        18806.4050423409,
        20192.088604902674,
        20982.12334691261,
        21365.78824390658,
        21531.72143262716
    ],
    "z_normalized": [
        0.0,
        0.0076,
        0.0156,
        0.0236,
        0.0316,
        0.039599999999999996,
        0.0476,
        0.0556,
        0.0636,
        0.0716,
        0.0796
    ]
}