{
    "thrust": 0.0860696745565086,
    "discharge_current": 32.34095576460465,
    "ion_velocity": [
        -2120.7839978268926,
        1691.3899327484294,
        4332.476124781065,
        8707.031044100653,
        12719.342731397557,
        16143.362625901289,
        18683.361077862628,
        20264.224189610388,
        21149.423988713024,
        21584.523763881407,
        21794.083860668783
    ],
    "z_normalized": [
        0.0,
        0.0076,
        0.0156,
        0.0236,
        0.0316,
        0.039599999999999996,
        0.0476,
        0.0556,
        0.0636,
        0.0716,
        0.0796
    ]
}