{
    "thrust": 0.08037102340972821,
    "discharge_current": 49.065464031259005,
    "ion_velocity": [
        -2520.8610117891585,
        2103.890963044718,
        4399.201905654338,
        8178.852281743376,
        12292.718850649766,
        15940.53643428038,
        18665.761335860316,
        20374.393828111723,
        21314.024948760147,
        21778.665358663897,
        22016.851207318057
    ],
    "z_normalized": [
        0.0,
        0.0076,
        0.0156,
        0.0236,
        0.0316,
        0.039599999999999996,
        0.0476,
        0.0556,
        0.0636,
        0.0716,
        0.0796
    ]
}