{
    "thrust": 0.08960333153618966,
    "discharge_current": 23.16375273988369,
    "ion_velocity": [
        -1846.1288241458042,
        1287.0321523044777,
        4367.8059784445195,
        9496.008258657439,
        13394.068608917927,
        16513.966733531804,
        18790.065967852493,
        20233.475409821087,
        21056.988639054405,
        21459.585955376744,
        21643.24248718974
    ],
    "z_normalized": [
        0.0,
        0.0076,
        0.0156,
        0.0236,
        0.0316,
        0.039599999999999996,
        0.0476,
        0.0556,
        0.0636,
        0.0716,
        0.0796
    ]
}