{
    "thrust": 0.07967798236298212,
    "discharge_current": 51.551037692832,
    "ion_velocity": [
        -2570.4973402654036,
        2143.8859066320883,
        4391.133856870186,
        8085.716043890456,
        12217.085126847956,
        15901.21936570085,
        18654.82761950517,
        20382.997000065665,
        21331.691162321888,
        21801.05087950677,
        22043.24592002013
    ],
    "z_normalized": [
        0.0,
        0.0076,
        0.0156,
        0.0236,
        0.0316,
        0.039599999999999996,
        0.0476,
        0.0556,
        0.0636,
        0.0716,
        0.0796
    ]
}