{
    "thrust": 0.09030863917374576,
    "discharge_current": 21.806590671053286,
    "ion_velocity": [
        -1798.3769312637558,
        1184.0162163343007,
        4310.669066478723,
        9530.212381367435,
        13434.463262761426,
        16529.67576885892,
        18778.196928302405,
        20214.7471135397,
        21035.241522242086,
        21435.823498821665,
        21616.54298365448
    ],
    "z_normalized": [
        0.0,
        0.0076,
        0.0156,
        0.0236,
        0.0316,
        0.039599999999999996,
        0.0476,
        0.0556,
        0.0636,
        0.0716,
        0.0796
    ]
}