{
    "thrust": 0.08083930297604694,
    "discharge_current": 47.64632224591151,
    "ion_velocity": [
        -2488.487829679239,
        2069.4544667047844,
        4363.167680928824,
        8141.061714866867,
        12257.01689028448,
        15913.16238825394,
        18644.02748164485,
        20354.942140289193,
        21296.049382993504,
        21761.157987590806,
        21998.573601347944
    ],
    "z_normalized": [
        0.0,
        0.0076,
        0.0156,
        0.0236,
        0.0316,
        0.039599999999999996,
        0.0476,
        0.0556,
        0.0636,
        0.0716,
        0.0796
    ]
}