{
    "thrust": 0.07815807031989809,
    "discharge_current": 57.371767283342884,
    "ion_velocity": [
        -2681.9622068376443,
        2240.29548130029,
        4399.31307772848,
        7970.830900211684,
        12116.932475350663,
        15860.457555676316,
        18656.85438674251,
        20413.64285088392,
        21376.060219938765,
        21851.972729446934,
        22101.42104668361
    ],
    "z_normalized": [
        0.0,
        0.0076,
        0.0156,
        0.0236,
        0.0316,
        0.039599999999999996,
        0.0476,
        0.0556,
        0.0636,
        0.0716,
        0.0796
    ]
}