{
    "thrust": 0.07926908077049487,
    "discharge_current": 52.98819301448057,
    "ion_velocity": [
        -2599.6360270306996,
        2170.0980490638926,
        4400.817506171217,
        8067.246882681845,
        12203.829983253143,
        15897.482732398574,
        18658.698520822694,
        20392.62594093869,
        21344.100793634236,
        21815.00566561077,
        22058.927177409896
    ],
    "z_normalized": [
        0.0,
        0.0076,
        0.0156,
        0.0236,
        0.0316,
        0.039599999999999996,
        0.0476,
        0.0556,
        0.0636,
        0.0716,
        0.0796
    ]
}