{
    "thrust": 0.08006410448389857,
    "discharge_current": 50.19197221726945,
    "ion_velocity": [
        -2543.1793495840884,
        2113.6786025324704,
        4357.344555872012,
        8052.682098026324,
        12185.650448867935,
        15877.594107361621,
        18636.515506430394,
        20366.93831304196,
        21317.19860998749,
        21787.112054031673,
        22028.726010855666
    ],
    "z_normalized": [
        0.0,
        0.0076,
        0.0156,
        0.0236,
        0.0316,
        0.039599999999999996,
        0.0476,
        0.0556,
        0.0636,
        0.0716,
        0.0796
    ]
}