{
    "thrust": 0.07791263329492723,
    "discharge_current": 57.860613383304965,
    "ion_velocity": [
        -2696.6774925956333,
        2278.294483699868,
        4526.289459435632,
        8241.446182067804,
        12357.067883586436,
        16009.714571834207,
        18739.858298101928,
        20456.791913054865,
        21399.135036087966,
        21865.97880009206,
        22110.829569041787
    ],
    "z_normalized": [
        0.0,
        0.0076,
        0.0156,
        0.0236,
        0.0316,
        0.039599999999999996,
        0.0476,
        0.0556,
        0.0636,
        0.0716,
        0.0796
    ]
}