{
    "thrust": 0.08855348043473465,
    "discharge_current": 25.3711234528792,
    "ion_velocity": [
        -1920.5182460910978,
        1428.288968855032,
        4439.130334387977,
        9430.65929554334,
        13328.995097791938,
        16487.18183728985,
        18804.184583956212,
        20261.463018172504,
        21090.455158631114,
        21496.490805887766,
        21684.69431265998
    ],
    "z_normalized": [
        0.0,
        0.0076,
        0.0156,
        0.0236,
        0.0316,
        0.039599999999999996,
        0.0476,
        0.0556,
        0.0636,
        0.0716,
        0.0796
    ]
}