{
    "thrust": 0.07893044883769183,
    "discharge_current": 53.9310300555475,
    "ion_velocity": [
        -2622.718171973465,
        2196.922108113119,
        4441.601138484119,
        8139.885162168494,
        12268.762696188294,
        15941.988973761605,
        18688.072114919298,
        20413.252575067945,
        21360.1804774902,
        21829.03625790919,
        22072.52282244085
    ],
    "z_normalized": [
        0.0,
        0.0076,
        0.0156,
        0.0236,
        0.0316,
        0.039599999999999996,
        0.0476,
        0.0556,
        0.0636,
        0.0716,
        0.0796
    ]
}