{
    "thrust": 0.07942688457893567,
    "discharge_current": 52.493383330620915,
    "ion_velocity": [
        -2588.7858793372448,
        2155.164105869711,
        4372.395734139553,
        8016.917927397685,
        12159.017125235521,
        15867.914843604754,
        18640.43625657962,
        20381.03104285866,
        21335.966073350533,
        21808.46111870289,
        22052.882438154902
    ],
    "z_normalized": [
        0.0,
        0.0076,
        0.0156,
        0.0236,
        0.0316,
        0.039599999999999996,
        0.0476,
        0.0556,
        0.0636,
        0.0716,
        0.0796
    ]
}