{
    "thrust": 0.09014063440904464,
    "discharge_current": 22.14078994089278,
    "ion_velocity": [
        -1809.6946181389562,
        1209.5622664474029,
        4325.529368371024,
        9522.913164847438,
        13423.681874243422,
        16525.17671568641,
        18780.862037829,
        20218.969046468163,
        21040.208989856954,
        21441.29220795555,
        21622.742864992644
    ],
    "z_normalized": [
        0.0,
        0.0076,
        0.0156,
        0.0236,
        0.0316,
        0.039599999999999996,
        0.0476,
        0.0556,
        0.0636,
        0.0716,
        0.0796
    ]
}