{
    "thrust": 0.0899938961484003,
    "discharge_current": 22.429418362507516,
    "ion_velocity": [
        -1819.6282998752147,
        1229.8592038413178,
        4326.336670540545,
        9490.151669618446,
        13395.501564020673,
        16510.219489618456,
        18777.814582161966,
        20220.047505663137,
        21043.575151202727,
        21445.879745340633,
        21628.292078016224
    ],
    "z_normalized": [
        0.0,
        0.0076,
        0.0156,
        0.0236,
        0.0316,
        0.039599999999999996,
        0.0476,
        0.0556,
        0.0636,
        0.0716,
        0.0796
    ]
}