{
    "thrust": 0.07961103433974498,
    "discharge_current": 51.80002716244662,
    "ion_velocity": [
        -2575.3785282957283,
        2146.3381774418453,
        4383.6222044812575,
        8062.039559258773,
        12197.03816738348,
        15889.598706666122,
        18649.66316837355,
        20382.026133949472,
        21332.674797892207,
        21803.00335172753,
        22045.837173564283
    ],
    "z_normalized": [
        0.0,
        0.0076,
        0.0156,
        0.0236,
        0.0316,
        0.039599999999999996,
        0.0476,
        0.0556,
        0.0636,
        0.0716,
        0.0796
    ]
}