{
    "thrust": 0.0900259180513711,
    "discharge_current": 22.336970912786665,
    "ion_velocity": [
        -1817.1294566092915,
        1226.972208518365,
        4341.031175620523,
        9532.873323968404,
        13430.190174296198,
        16530.697617747934,
        18786.920376299036,
        20223.98720714467,
        21044.53736969688,
        21445.370146002726,
        21627.008708759415
    ],
    "z_normalized": [
        0.0,
        0.0076,
        0.0156,
        0.0236,
        0.0316,
        0.039599999999999996,
        0.0476,
        0.0556,
        0.0636,
        0.0716,
        0.0796
    ]
}