{
    "thrust": 0.09001481363970132,
    "discharge_current": 22.37568525552511,
    "ion_velocity": [
        -1818.068937198785,
        1227.6072142075466,
        4332.378174308918,
        9509.55922124381,
        13411.34830312571,
        16519.4807556027,
        18781.73329576861,
        20221.61738372998,
        21043.79449232361,
        21445.426755129753,
        21627.46895741865
    ],
    "z_normalized": [
        0.0,
        0.0076,
        0.0156,
        0.0236,
        0.0316,
        0.039599999999999996,
        0.0476,
        0.0556,
        0.0636,
        0.0716,
        0.0796
    ]
}