{
    "thrust": 0.08728873796552725,
    "discharge_current": 28.595310060336935,
    "ion_velocity": [
        -2018.0521977493913,
        1571.0094468601628,
        4412.097467881803,
        9116.757172996706,
        13063.868848329072,
        16340.271964086163,
        18759.236225151108,
        20268.85083397285,
        21121.827092979373,
        21540.418167281772,
        21738.23651587709
    ],
    "z_normalized": [
        0.0,
        0.0076,
        0.0156,
        0.0236,
        0.0316,
        0.039599999999999996,
        0.0476,
        0.0556,
        0.0636,
        0.0716,
        0.0796
    ]
}