{
    "thrust": 0.09004967749725856,
    "discharge_current": 22.335356180118985,
    "ion_velocity": [
        -1816.0136465759413,
        1221.3042755382642,
        4317.574585912971,
        9482.280045335196,
        13389.888157708094,
        16506.037020940894,
        18774.1035137603,
        20217.224489793145,
        21041.30577704317,
        21443.838547946536,
        21626.20989395705
    ],
    "z_normalized": [
        0.0,
        0.0076,
        0.0156,
        0.0236,
        0.0316,
        0.039599999999999996,
        0.0476,
        0.0556,
        0.0636,
        0.0716,
        0.0796
    ]
}