{
    "thrust": 0.0779087733057235,
    "discharge_current": 57.85300627002848,
    "ion_velocity": [
        -2696.8948827763666,
        2278.3032711870583,
        4525.994682851431,
        8240.34826422114,
        12357.283335967364,
        16009.734037439854,
        18739.86363966817,
        20456.861830706228,
        21399.273359456845,
        21866.184375129764,
        22111.05962734875
    ],
    "z_normalized": [
        0.0,
        0.0076,
        0.0156,
        0.0236,
        0.0316,
        0.039599999999999996,
        0.0476,
        0.0556,
        0.0636,
        0.0716,
        0.0796
    ]
}