{
    "thrust": 0.07789499999704884,
    "discharge_current": 57.9910750818905,
    "ion_velocity": [
        -2698.5642368216086,
        2274.968602293696,
        4502.66285418492,
        8186.574710602005,
        12309.202382443,
        15980.745482487133,
        18724.75231215122,
        20450.180503877673,
        21396.820937334687,
        21865.64770147722,
        22111.637841670024
    ],
    "z_normalized": [
        0.0,
        0.0076,
        0.0156,
        0.0236,
        0.0316,
        0.039599999999999996,
        0.0476,
        0.0556,
        0.0636,
        0.0716,
        0.0796
    ]
}