{
    "thrust": 0.0858376544365603,
    "discharge_current": 32.652552539097414,
    "ion_velocity": [
        -2136.8191348380433,
        1738.7554248523743,
        4481.075264824848,
        9008.986712890352,
        12973.016343739302,
        16302.959104663465,
        18771.98996976123,
        20311.344716648488,
        21174.7769192631,
        21599.46302748053,
        21804.42062779754
    ],
    "z_normalized": [
        0.0,
        0.0076,
        0.0156,
        0.0236,
        0.0316,
        0.039599999999999996,
        0.0476,
        0.0556,
        0.0636,
        0.0716,
        0.0796
    ]
}