{
    "thrust": 0.07914962363313358,
    "discharge_current": 53.30904479836633,
    "ion_velocity": [
        -2607.730037573029,
        2179.4524386933194,
        4415.138263132369,
        8093.102623617124,
        12226.96413672512,
        15913.333076076573,
        18669.15648128665,
        20399.964031526524,
        21349.81758912321,
        21819.991271457253,
        22063.75064441125
    ],
    "z_normalized": [
        0.0,
        0.0076,
        0.0156,
        0.0236,
        0.0316,
        0.039599999999999996,
        0.0476,
        0.0556,
        0.0636,
        0.0716,
        0.0796
    ]
}