{
    "thrust": 0.08153666217932982,
    "discharge_current": 45.61164731130402,
    "ion_velocity": [
        -2440.193630408193,
        2025.950737885465,
        4348.021470776769,
        8167.27025595169,
        12275.261268480146,
        15916.59332958992,
        18635.368860423667,
        20336.93926521597,
        21273.627810970134,
        21736.240513356955,
        21970.835144232107
    ],
    "z_normalized": [
        0.0,
        0.0076,
        0.0156,
        0.0236,
        0.0316,
        0.039599999999999996,
        0.0476,
        0.0556,
        0.0636,
        0.0716,
        0.0796
    ]
}