{
    "thrust": 0.08995445098907745,
    "discharge_current": 22.48960735021753,
    "ion_velocity": [
        -1822.1321625175044,
        1236.3997965446938,
        4336.801702082979,
        9505.727662718367,
        13407.465582738692,
        16518.001573387155,
        18782.816539186093,
        20223.226489610206,
        21045.66759084672,
        21447.473230172694,
        21629.758097583843
    ],
    "z_normalized": [
        0.0,
        0.0076,
        0.0156,
        0.0236,
        0.0316,
        0.039599999999999996,
        0.0476,
        0.0556,
        0.0636,
        0.0716,
        0.0796
    ]
}