{
    "thrust": 0.08011032476520981,
    "discharge_current": 49.983314056038374,
    "ion_velocity": [
        -2539.530498963231,
        2116.745353906029,
        4386.142034470558,
        8122.3595910010345,
        12245.714653062076,
        15914.248354002944,
        18655.454613998565,
        20374.729665246487,
        21319.500884837344,
        21786.75293078557,
        22026.885265071283
    ],
    "z_normalized": [
        0.0,
        0.0076,
        0.0156,
        0.0236,
        0.0316,
        0.039599999999999996,
        0.0476,
        0.0556,
        0.0636,
        0.0716,
        0.0796
    ]
}