{
    "thrust": 0.09000932844224295,
    "discharge_current": 22.3950505493443,
    "ion_velocity": [
        -1818.5356094418555,
        1227.9155459855642,
        4328.0511453418785,
        9497.905489126824,
        13401.925637123994,
        16513.87359156,
        18779.144608332303,
        20220.433008914817,
        21043.42205778377,
        21445.453275256357,
        21627.696697543393
    ],
    "z_normalized": [
        0.0,
        0.0076,
        0.0156,
        0.0236,
        0.0316,
        0.039599999999999996,
        0.0476,
        0.0556,
        0.0636,
        0.0716,
        0.0796
    ]
}