{
    "thrust": 0.07824622626399938,
    "discharge_current": 57.1982190634102,
    "ion_velocity": [
        -2676.4185373968135,
        2231.0137290512444,
        4373.955006213623,
        7916.27023179399,
        12069.383493024021,
        15830.215752547558,
        18639.261711423344,
        20403.63960308192,
        21369.886837087648,
        21847.534444098812,
        22097.802595452806
    ],
    "z_normalized": [
        0.0,
        0.0076,
        0.0156,
        0.0236,
        0.0316,
        0.039599999999999996,
        0.0476,
        0.0556,
        0.0636,
        0.0716,
        0.0796
    ]
}