{
    "thrust": [
        0.1899117298676736
    ],
    "time": [
        0.001
    ],
    "discharge_current": [
        19.72127395750656
    ],
    "z_normalized": [
        0.0,
        0.18999999999999997,
        0.38999999999999996,
        0.59,
        0.7899999999999999,
        0.99,
        1.19,
        1.3900000000000001,
        1.5899999999999999,
        1.7899999999999998,
        1.99
    ],
    "ion_velocity": [
        [
            -1388.667145743539,
            -39.139878862103345,
            1003.8086234952368,
            2836.694175407662,
            5334.931917112159,
            8423.073790589386,
            11941.097292907485,
            14895.06350562369,
            17310.899129937945,
            19311.96649139671,
            21398.849736778626
        ]
    ]
}