{
    "thrust": [
        0.15855589802644388
    ],
    "time": [
        0.001
    ],
    "discharge_current": [
        76.33822788453062
    ],
    "z_normalized": [
        0.0,
        0.18999999999999997,
        0.38999999999999996,
        0.59,
        0.7899999999999999,
        0.99,
        1.19,
        1.3900000000000001,
        1.5899999999999999,
        1.7899999999999998,
        1.99
    ],
    "ion_velocity": [
        [
            -2276.710310940561,
            1520.4103175004816,
            2329.2701655474593,
            3800.654732658101,
            5985.8685465599465,
            8434.241332044683,
            11994.365634907826,
            14979.728040065638,
            17534.565072692436,
            19679.253710542802,
            21858.843810364255
        ]
    ]
}