{
    "thrust": [
        0.18724238053174047
    ],
    "time": [
        0.001
    ],
    "discharge_current": [
        13.567128767383256
    ],
    "z_normalized": [
        0.0,
        0.18999999999999997,
        0.38999999999999996,
        0.59,
        0.7899999999999999,
        0.99,
        1.19,
        1.3900000000000001,
        1.5899999999999999,
        1.7899999999999998,
        1.99
    ],
    "ion_velocity": [
        [
            -1345.1808033666728,
            -51.963094632109865,
            283.1678094635078,
            835.6045087198181,
            4549.481893694121,
            9150.668573182458,
            12705.757983673935,
            15390.192347387958,
            17630.09280577903,
            19508.212231024663,
            21403.864153460294
        ]
    ]
}