{
    "thrust": [
        0.1914700860012403
    ],
    "time": [
        0.001
    ],
    "discharge_current": [
        11.837781834042273
    ],
    "z_normalized": [
        0.0,
        0.18999999999999997,
        0.38999999999999996,
        0.59,
        0.7899999999999999,
        0.99,
        1.19,
        1.3900000000000001,
        1.5899999999999999,
        1.7899999999999998,
        1.99
    ],
    "ion_velocity": [
        [
            -1346.1285910588276,
            -75.42851767058548,
            257.18371240808017,
            521.9421164127837,
            2626.6054437247267,
            7860.839716817573,
            11855.73346145716,
            14828.647004001015,
            17306.96967903262,
            19359.52811036672,
            21398.049084402996
        ]
    ]
}