{
    "thrust": [
        0.1914303122706656
    ],
    "time": [
        0.001
    ],
    "discharge_current": [
        11.340773338340343
    ],
    "z_normalized": [
        0.0,
        0.18999999999999997,
        0.38999999999999996,
        0.59,
        0.7899999999999999,
        0.99,
        1.19,
        1.3900000000000001,
        1.5899999999999999,
        1.7899999999999998,
        1.99
    ],
    "ion_velocity": [
        [
            -1345.503179277114,
            -63.978095695986546,
            254.37153250414505,
            473.59480742947943,
            2380.728588758194,
            8486.599984857425,
            12415.255325545602,
            15203.556195851645,
            17542.415505929133,
            19491.474773785798,
            21413.60828154281
        ]
    ]
}