{
    "thrust": [
        0.19117013677130754
    ],
    "time": [
        0.001
    ],
    "discharge_current": [
        11.086234530245656
    ],
    "z_normalized": [
        0.0,
        0.18999999999999997,
        0.38999999999999996,
        0.59,
        0.7899999999999999,
        0.99,
        1.19,
        1.3900000000000001,
        1.5899999999999999,
        1.7899999999999998,
        1.99
    ],
    "ion_velocity": [
        [
            -1354.8142550155392,
            -64.90039321276213,
            252.98308263289792,
            450.77548515969545,
            2129.7497848529947,
            8756.342576580992,
            12666.55789391891,
            15371.914039324223,
            17646.36568391499,
            19545.343939381837,
            21409.276838217003
        ]
    ]
}