{
    "thrust": [
        0.1879981156595833
    ],
    "time": [
        0.001
    ],
    "discharge_current": [
        12.925114633177458
    ],
    "z_normalized": [
        0.0,
        0.18999999999999997,
        0.38999999999999996,
        0.59,
        0.7899999999999999,
        0.99,
        1.19,
        1.3900000000000001,
        1.5899999999999999,
        1.7899999999999998,
        1.99
    ],
    "ion_velocity": [
        [
            -1348.610949392021,
            -56.58117667368721,
            276.0835913050027,
            703.7129479738813,
            4223.341466681614,
            9057.746365394943,
            12664.437842965812,
            15364.566767385644,
            17621.205498436884,
            19510.835623695966,
            21407.544339587697
        ]
    ]
}