{
    "thrust": [
        0.1853572639011746
    ],
    "time": [
        0.001
    ],
    "discharge_current": [
        14.347435530880064
    ],
    "z_normalized": [
        0.0,
        0.18999999999999997,
        0.38999999999999996,
        0.59,
        0.7899999999999999,
        0.99,
        1.19,
        1.3900000000000001,
        1.5899999999999999,
        1.7899999999999998,
        1.99
    ],
    "ion_velocity": [
        [
            -1345.1266365584972,
            -55.44164873359343,
            289.70454636172656,
            1044.8076303999615,
            4852.712125316853,
            9229.693965885652,
            12741.182661985149,
            15415.868743141213,
            17642.814817521492,
            19512.2258184731,
            21411.392488263267
        ]
    ]
}