{
    "thrust": [
        0.18733709825260453
    ],
    "time": [
        0.001
    ],
    "discharge_current": [
        13.341522217103407
    ],
    "z_normalized": [
        0.0,
        0.18999999999999997,
        0.38999999999999996,
        0.59,
        0.7899999999999999,
        0.99,
        1.19,
        1.3900000000000001,
        1.5899999999999999,
        1.7899999999999998,
        1.99
    ],
    "ion_velocity": [
        [
            -1343.0410678041026,
            -55.33165345469456,
            281.2628041740394,
            794.069586528734,
            4451.065329391908,
            9108.48453801097,
            12682.675393231337,
            15377.078289591062,
            17625.90617285171,
            19510.371369961293,
            21409.737741631798
        ]
    ]
}