{
    "thrust": [
        0.19020385784435237
    ],
    "time": [
        0.001
    ],
    "discharge_current": [
        11.329335082106473
    ],
    "z_normalized": [
        0.0,
        0.18999999999999997,
        0.38999999999999996,
        0.59,
        0.7899999999999999,
        0.99,
        1.19,
        1.3900000000000001,
        1.5899999999999999,
        1.7899999999999998,
        1.99
    ],
    "ion_velocity": [
        [
            -1365.9520395460718,
            -62.20134171676464,
            254.85708416848942,
            474.63331217758804,
            2671.8529409665266,
            8986.854874908635,
            12776.448772307858,
            15442.951863696344,
            17688.123904080836,
            19566.373865049816,
            21414.5957468176
        ]
    ]
}