{
    "thrust": [
        0.19105478173133544
    ],
    "time": [
        0.001
    ],
    "discharge_current": [
        11.599136972066924
    ],
    "z_normalized": [
        0.0,
        0.18999999999999997,
        0.38999999999999996,
        0.59,
        0.7899999999999999,
        0.99,
        1.19,
        1.3900000000000001,
        1.5899999999999999,
        1.7899999999999998,
        1.99
    ],
    "ion_velocity": [
        [
            -1328.0361150957185,
            -59.43309073815945,
            258.04129430848656,
            506.48741618853586,
            3000.058256577521,
            8882.824640613635,
            12669.785717478144,
            15382.33425502933,
            17651.1799050169,
            19539.92604903016,
            21403.63320861003
        ]
    ]
}