{
    "thrust": [
        0.18960084050125714
    ],
    "time": [
        0.001
    ],
    "discharge_current": [
        11.34078298116082
    ],
    "z_normalized": [
        0.0,
        0.18999999999999997,
        0.38999999999999996,
        0.59,
        0.7899999999999999,
        0.99,
        1.19,
        1.3900000000000001,
        1.5899999999999999,
        1.7899999999999998,
        1.99
    ],
    "ion_velocity": [
        [
            -1329.2740556592134,
            -55.42946372749674,
            252.8400179994864,
            477.9454623438669,
            3031.146618894522,
            9451.775158898608,
            13115.763815620467,
            15672.896309043404,
            17825.160360623788,
            19632.771776012443,
            21413.816966158356
        ]
    ]
}