{
    "thrust": [
        0.16284484778578337
    ],
    "time": [
        0.001
    ],
    "discharge_current": [
        63.192677225889256
    ],
    "z_normalized": [
        0.0,
        0.18999999999999997,
        0.38999999999999996,
        0.59,
        0.7899999999999999,
        0.99,
        1.19,
        1.3900000000000001,
        1.5899999999999999,
        1.7899999999999998,
        1.99
    ],
    "ion_velocity": [
        [
            -2104.73812338309,
            1342.3501568528993,
            2348.1154563283185,
            4162.2918401357365,
            6838.745076871535,
            9622.991206997529,
            12896.369761785878,
            15586.64453075349,
            17890.527011742477,
            19820.163569605545,
            21776.43969107011
        ]
    ]
}