{
    "timestamp": "2024-12-11T08:51:12.148633",
    "initial_guess": {
        "v1": 2.0124301397620146,
        "v2": 2.0028894367014445
    },
    "initial_cov": [
        [
            3.56995,
            0.0
        ],
        [
            0.0,
            0.356995
        ]
    ],
    "v_log_initial": [
        0.3037208130436473,
        -0.002063836968121456
    ],
    "iterations": 200,
    "acceptance_rate": 0.08
}