{
    "thrust": 0.09671191269033348,
    "discharge_current": 10.574879286117735,
    "ion_velocity": [
        -1236.4757180011989,
        -252.48974436123177,
        2280.5207635985976,
        8407.702618929608,
        12824.64512891084,
        16080.64020287575,
        18388.541107898716,
        19891.638912242517,
        20736.350161467206,
        21135.92756647963,
        21281.056262049042
    ],
    "z_normalized": [
        0.0,
        0.0076,
        0.0156,
        0.0236,
        0.0316,
        0.039599999999999996,
        0.0476,
        0.0556,
        0.0636,
        0.0716,
        0.0796
    ]
}