{
    "thrust": 0.08125250803103991,
    "discharge_current": 41.10538177200397,
    "ion_velocity": [
        -2431.5821955330293,
        2339.6028091479743,
        5876.726767755505,
        11907.826398486779,
        15245.598738413379,
        17777.897382782885,
        19644.444588701965,
        20826.38974010537,
        21492.623526471143,
        21823.61511447004,
        21989.171647178482
    ],
    "z_normalized": [
        0.0,
        0.0076,
        0.0156,
        0.0236,
        0.0316,
        0.039599999999999996,
        0.0476,
        0.0556,
        0.0636,
        0.0716,
        0.0796
    ]
}