{
    "thrust": 0.09430659673676192,
    "discharge_current": 14.383059753701241,
    "ion_velocity": [
        -1515.2992113784057,
        389.3050666076749,
        5418.893033373565,
        13638.531349780284,
        16483.041669894905,
        18271.924507308227,
        19653.150466539602,
        20576.185060320036,
        21095.065100024072,
        21346.50313981008,
        21451.800732368753
    ],
    "z_normalized": [
        0.0,
        0.0076,
        0.0156,
        0.0236,
        0.0316,
        0.039599999999999996,
        0.0476,
        0.0556,
        0.0636,
        0.0716,
        0.0796
    ]
}