{
    "thrust": 0.08087332423333415,
    "discharge_current": 45.04811455927709,
    "ion_velocity": [
        -2472.8897481985505,
        2232.1463983071694,
        5203.513973182375,
        10130.556383007099,
        13898.473074606574,
        16936.959416527057,
        19196.68923954045,
        20616.01999930225,
        21408.01436754809,
        21800.805800007376,
        21999.88065500679
    ],
    "z_normalized": [
        0.0,
        0.0076,
        0.0156,
        0.0236,
        0.0316,
        0.039599999999999996,
        0.0476,
        0.0556,
        0.0636,
        0.0716,
        0.0796
    ]
}