{
    "thrust": 0.09454143286963665,
    "discharge_current": 15.613746805172726,
    "ion_velocity": [
        -1550.254671772392,
        428.6732118368778,
        4014.1818128779278,
        10055.262586521894,
        13945.555722001713,
        16784.057334581616,
        18819.20927077668,
        20175.668155905558,
        20945.976655076578,
        21318.524044279748,
        21474.931683306808
    ],
    "z_normalized": [
        0.0,
        0.0076,
        0.0156,
        0.0236,
        0.0316,
        0.039599999999999996,
        0.0476,
        0.0556,
        0.0636,
        0.0716,
        0.0796
    ]
}