{
    "thrust": 0.10094397409534392,
    "discharge_current": 8.32867553601493,
    "ion_velocity": [
        -1235.9458955005969,
        -262.172739254438,
        1125.5840559428482,
        6450.243156249473,
        11444.027328657847,
        15304.76468455614,
        18002.420581502094,
        19717.81127343719,
        20671.011707190944,
        21107.83845525461,
        21239.01314116295
    ],
    "z_normalized": [
        0.0,
        0.0076,
        0.0156,
        0.0236,
        0.0316,
        0.039599999999999996,
        0.0476,
        0.0556,
        0.0636,
        0.0716,
        0.0796
    ]
}