{
    "thrust": 0.08947560952139393,
    "discharge_current": 25.52021228214769,
    "ion_velocity": [
        -1896.0572601562087,
        968.2727464824883,
        1951.4227348599932,
        3293.3199199041583,
        8833.61753054271,
        13834.044974322189,
        17433.753188357976,
        19621.733937088033,
        20820.918281563543,
        21396.577472470948,
        21673.57197081931
    ],
    "z_normalized": [
        0.0,
        0.0076,
        0.0156,
        0.0236,
        0.0316,
        0.039599999999999996,
        0.0476,
        0.0556,
        0.0636,
        0.0716,
        0.0796
    ]
}