{
    "thrust": 0.07982100678985833,
    "discharge_current": 49.208761578762726,
    "ion_velocity": [
        -2550.740821598911,
        2243.502058941381,
        4944.693707350722,
        9424.304025891934,
        13330.650770597438,
        16594.340748640123,
        19028.513648596174,
        20557.119212472473,
        21404.219259977046,
        21824.302293990273,
        22039.8528159932
    ],
    "z_normalized": [
        0.0,
        0.0076,
        0.0156,
        0.0236,
        0.0316,
        0.039599999999999996,
        0.0476,
        0.0556,
        0.0636,
        0.0716,
        0.0796
    ]
}