{
    "thrust": 0.08740876207129825,
    "discharge_current": 30.38178291909204,
    "ion_velocity": [
        -2053.2770160801724,
        1235.5643187021808,
        2364.7784656985687,
        4121.942230277652,
        9282.715816196782,
        14089.09795539109,
        17599.628939475868,
        19748.481196613,
        20917.883386949703,
        21482.320848086158,
        21758.66498455076
    ],
    "z_normalized": [
        0.0,
        0.0076,
        0.0156,
        0.0236,
        0.0316,
        0.039599999999999996,
        0.0476,
        0.0556,
        0.0636,
        0.0716,
        0.0796
    ]
}