{
    "thrust": 0.08892839363729343,
    "discharge_current": 22.515477058937222,
    "ion_velocity": [
        -1870.161098925235,
        1511.5133004269076,
        5563.6672230833365,
        12060.794964352783,
        15416.000314441124,
        17749.610743856778,
        19441.277834140146,
        20567.630965646305,
        21207.33560162808,
        21521.052178115588,
        21664.210742076826
    ],
    "z_normalized": [
        0.0,
        0.0076,
        0.0156,
        0.0236,
        0.0316,
        0.039599999999999996,
        0.0476,
        0.0556,
        0.0636,
        0.0716,
        0.0796
    ]
}