{
    "thrust": 0.08321041470891793,
    "discharge_current": 34.318348302212534,
    "ion_velocity": [
        -2280.3992098799995,
        2241.6067260698724,
        6165.4593659433995,
        12771.117405009114,
        15931.549143403587,
        18176.078355142115,
        19813.280885947726,
        20869.05980132179,
        21466.572443251192,
        21762.961681450444,
        21907.23822010399
    ],
    "z_normalized": [
        0.0,
        0.0076,
        0.0156,
        0.0236,
        0.0316,
        0.039599999999999996,
        0.0476,
        0.0556,
        0.0636,
        0.0716,
        0.0796
    ]
}