{
    "thrust": 0.08080478433887991,
    "discharge_current": 46.0199842688177,
    "ion_velocity": [
        -2480.5508882103113,
        2250.1688942658207,
        5239.112151104799,
        10242.035760962637,
        13798.989676256526,
        16879.87004144289,
        19168.770051045838,
        20604.558720861143,
        21403.40070248955,
        21798.28351854555,
        21999.3958147728
    ],
    "z_normalized": [
        0.0,
        0.0076,
        0.0156,
        0.0236,
        0.0316,
        0.039599999999999996,
        0.0476,
        0.0556,
        0.0636,
        0.0716,
        0.0796
    ]
}