{
    "thrust": 0.08021440250457881,
    "discharge_current": 47.52174549282367,
    "ion_velocity": [
        -2520.9654972266035,
        2252.697640420958,
        5101.378144014294,
        9832.164575201014,
        13657.55887064128,
        16794.053290088425,
        19130.26184030151,
        20597.52812230291,
        21413.47842328779,
        21818.244689413918,
        22024.937025554107
    ],
    "z_normalized": [
        0.0,
        0.0076,
        0.0156,
        0.0236,
        0.0316,
        0.039599999999999996,
        0.0476,
        0.0556,
        0.0636,
        0.0716,
        0.0796
    ]
}