{
    "thrust": 0.07950049511324989,
    "discharge_current": 53.67743777357179,
    "ion_velocity": [
        -2593.346962035237,
        2100.759200215442,
        4063.4108704201512,
        7321.644722399039,
        11543.060280029487,
        15495.21227078393,
        18442.59154843823,
        20288.507171902827,
        21295.730822834106,
        21791.614303908525,
        22049.543163926915
    ],
    "z_normalized": [
        0.0,
        0.0076,
        0.0156,
        0.0236,
        0.0316,
        0.039599999999999996,
        0.0476,
        0.0556,
        0.0636,
        0.0716,
        0.0796
    ]
}