{
    "thrust": 0.09195303917215086,
    "discharge_current": 16.9134082015,
    "ion_velocity": [
        -1673.1226736088538,
        1065.691709047525,
        6366.229595782993,
        14594.235138612024,
        17210.6965959335,
        18756.955567744888,
        19967.696055148357,
        20776.584375657727,
        21232.269078942554,
        21454.902839614206,
        21551.664047896516
    ],
    "z_normalized": [
        0.0,
        0.0076,
        0.0156,
        0.0236,
        0.0316,
        0.039599999999999996,
        0.0476,
        0.0556,
        0.0636,
        0.0716,
        0.0796
    ]
}