{
    "thrust": 0.08222200141456001,
    "discharge_current": 44.96808714701253,
    "ion_velocity": [
        -2398.5392547222823,
        1963.1719357250206,
        4192.429077285427,
        7927.0221208773855,
        11884.753239848635,
        15678.13992679959,
        18501.032448402853,
        20260.861847313554,
        21225.8255971879,
        21699.075457057228,
        21940.03771748146
    ],
    "z_normalized": [
        0.0,
        0.0076,
        0.0156,
        0.0236,
        0.0316,
        0.039599999999999996,
        0.0476,
        0.0556,
        0.0636,
        0.0716,
        0.0796
    ]
}