{
    "thrust": 0.07876261832738103,
    "discharge_current": 53.3975755746964,
    "ion_velocity": [
        -2627.652250100659,
        2306.7679572760417,
        4925.201001699992,
        9295.347804750843,
        13189.10121300758,
        16518.909091059482,
        19003.57578296257,
        20565.256985490738,
        21428.450180229192,
        21856.55435279124,
        22078.834714528173
    ],
    "z_normalized": [
        0.0,
        0.0076,
        0.0156,
        0.0236,
        0.0316,
        0.039599999999999996,
        0.0476,
        0.0556,
        0.0636,
        0.0716,
        0.0796
    ]
}