{
    "thrust": 0.08154407331725455,
    "discharge_current": 47.0816464731109,
    "ion_velocity": [
        -2446.487362643216,
        1998.1410029827712,
        4161.158599392876,
        7777.113471260903,
        11795.819899522616,
        15630.184266958086,
        18485.432333405908,
        20267.446762334777,
        21242.996032220035,
        21721.93193365044,
        21967.12984492221
    ],
    "z_normalized": [
        0.0,
        0.0076,
        0.0156,
        0.0236,
        0.0316,
        0.039599999999999996,
        0.0476,
        0.0556,
        0.0636,
        0.0716,
        0.0796
    ]
}