{
    "thrust": 0.09563814115917078,
    "discharge_current": 14.458229567819835,
    "ion_velocity": [
        -1388.911361171451,
        -172.3394849764446,
        864.247441635071,
        2193.8056341089155,
        8061.316965201395,
        13492.120155801264,
        17109.829395195047,
        19343.094637977625,
        20564.647564078976,
        21135.165830327103,
        21394.51856845411
    ],
    "z_normalized": [
        0.0,
        0.0076,
        0.0156,
        0.0236,
        0.0316,
        0.039599999999999996,
        0.0476,
        0.0556,
        0.0636,
        0.0716,
        0.0796
    ]
}