{
    "thrust": 0.08965367827539239,
    "discharge_current": 25.74028613546058,
    "ion_velocity": [
        -1901.885080858678,
        1057.3007815384847,
        2332.2947806977104,
        4243.698727453397,
        9470.607030609433,
        14201.199246659879,
        17621.498351602175,
        19706.046202321828,
        20853.772213854143,
        21405.182059106413,
        21670.56379310541
    ],
    "z_normalized": [
        0.0,
        0.0076,
        0.0156,
        0.0236,
        0.0316,
        0.039599999999999996,
        0.0476,
        0.0556,
        0.0636,
        0.0716,
        0.0796
    ]
}