{
    "thrust": 0.08564441911706874,
    "discharge_current": 35.208073564737376,
    "ion_velocity": [
        -2184.7672719651137,
        1447.7365777029527,
        2738.9023602917896,
        4908.711623164071,
        9708.406542668889,
        14348.227925208526,
        17761.391783018014,
        19863.33276061959,
        21003.4784780207,
        21556.179766838213,
        21830.835046119573
    ],
    "z_normalized": [
        0.0,
        0.0076,
        0.0156,
        0.0236,
        0.0316,
        0.039599999999999996,
        0.0476,
        0.0556,
        0.0636,
        0.0716,
        0.0796
    ]
}