{
    "thrust": 0.08412785865502422,
    "discharge_current": 30.426563668564444,
    "ion_velocity": [
        -2208.859800483037,
        2280.7567059131334,
        6751.446805659638,
        14457.460047765784,
        17104.299516510677,
        18885.144752005042,
        20180.16696356264,
        21035.337499853933,
        21518.636426449728,
        21758.41050309217,
        21872.879646663107
    ],
    "z_normalized": [
        0.0,
        0.0076,
        0.0156,
        0.0236,
        0.0316,
        0.039599999999999996,
        0.0476,
        0.0556,
        0.0636,
        0.0716,
        0.0796
    ]
}