{
    "thrust": 0.09838951546475158,
    "discharge_current": 8.544477331099554,
    "ion_velocity": [
        -1236.4908902474992,
        -258.21606873872554,
        2504.8243567377485,
        11571.166423773744,
        15107.13740786516,
        17406.587302459982,
        19119.700456293976,
        20241.2877637617,
        20862.032468568374,
        21150.037685553376,
        21246.367385019075
    ],
    "z_normalized": [
        0.0,
        0.0076,
        0.0156,
        0.0236,
        0.0316,
        0.039599999999999996,
        0.0476,
        0.0556,
        0.0636,
        0.0716,
        0.0796
    ]
}