{
    "thrust": 0.09441479196048998,
    "discharge_current": 15.923590229923096,
    "ion_velocity": [
        -1582.5893639489493,
        579.5187797526735,
        4478.233614965792,
        11004.121636596457,
        14617.846233611164,
        17178.30357291887,
        19044.1949371731,
        20295.981375375315,
        21005.362716320084,
        21349.038210821658,
        21494.648847895718
    ],
    "z_normalized": [
        0.0,
        0.0076,
        0.0156,
        0.0236,
        0.0316,
        0.039599999999999996,
        0.0476,
        0.0556,
        0.0636,
        0.0716,
        0.0796
    ]
}