{
    "thrust": 0.08200691875802467,
    "discharge_current": 44.1013158612688,
    "ion_velocity": [
        -2407.104555326416,
        1978.4989860277399,
        4262.410147656147,
        8037.397279182438,
        12160.316191853062,
        15840.77382121847,
        18588.021135611772,
        20305.696138203366,
        21250.994459618632,
        21717.47146785722,
        21952.866014092546
    ],
    "z_normalized": [
        0.0,
        0.0076,
        0.0156,
        0.0236,
        0.0316,
        0.039599999999999996,
        0.0476,
        0.0556,
        0.0636,
        0.0716,
        0.0796
    ]
}