{
    "thrust": 0.08210267670752416,
    "discharge_current": 41.894220301468316,
    "ion_velocity": [
        -2389.575310441444,
        2105.5535409293643,
        4966.259597538513,
        9665.136350805558,
        13527.246310428218,
        16690.01653162445,
        19042.78008687503,
        20517.350825589278,
        21339.693154057797,
        21746.58638015736,
        21950.62206801156
    ],
    "z_normalized": [
        0.0,
        0.0076,
        0.0156,
        0.0236,
        0.0316,
        0.039599999999999996,
        0.0476,
        0.0556,
        0.0636,
        0.0716,
        0.0796
    ]
}