{
    "thrust": 0.09448671555379114,
    "discharge_current": 16.009854279932405,
    "ion_velocity": [
        -1578.2847533073673,
        541.978734573372,
        4187.1983235266625,
        10310.545714137575,
        14127.054157525614,
        16894.722135389275,
        18885.7339540813,
        20216.046197785272,
        20971.48326849162,
        21337.23927798217,
        21491.85979863626
    ],
    "z_normalized": [
        0.0,
        0.0076,
        0.0156,
        0.0236,
        0.0316,
        0.039599999999999996,
        0.0476,
        0.0556,
        0.0636,
        0.0716,
        0.0796
    ]
}