{
    "thrust": 0.09592806195304356,
    "discharge_current": 11.704806536819607,
    "ion_velocity": [
        -1236.4481523219315,
        -263.3988341222074,
        2581.1182759464587,
        8528.409186831817,
        12888.840898424356,
        16114.821347365705,
        18398.508110853032,
        19892.058579868524,
        20734.72633412255,
        21136.25663520662,
        21288.961878196373
    ],
    "z_normalized": [
        0.0,
        0.0076,
        0.0156,
        0.0236,
        0.0316,
        0.039599999999999996,
        0.0476,
        0.0556,
        0.0636,
        0.0716,
        0.0796
    ]
}