{
    "thrust": 0.09843886976251325,
    "discharge_current": 9.212079557151709,
    "ion_velocity": [
        -1236.4017986952563,
        -252.330925880527,
        1759.4168160070146,
        7935.10655810963,
        12519.11376941393,
        15911.260466352944,
        18311.659858190713,
        19861.72349973928,
        20727.377860390585,
        21131.021098761903,
        21265.570210783968
    ],
    "z_normalized": [
        0.0,
        0.0076,
        0.0156,
        0.0236,
        0.0316,
        0.039599999999999996,
        0.0476,
        0.0556,
        0.0636,
        0.0716,
        0.0796
    ]
}