{
    "thrust": 0.0800403331918,
    "discharge_current": 51.850049489569734,
    "ion_velocity": [
        -2552.940357534681,
        2071.287286662845,
        4089.3675727745735,
        7446.24660644671,
        11605.803216952962,
        15528.376116997575,
        18452.547333664683,
        20282.215934282976,
        21281.14852331211,
        21772.586052865445,
        22027.12784341045
    ],
    "z_normalized": [
        0.0,
        0.0076,
        0.0156,
        0.0236,
        0.0316,
        0.039599999999999996,
        0.0476,
        0.0556,
        0.0636,
        0.0716,
        0.0796
    ]
}