{
    "thrust": 0.08574636535407784,
    "discharge_current": 28.592880565073372,
    "ion_velocity": [
        -2100.4992316862745,
        1967.8070545401483,
        5991.384028882783,
        12516.541293661596,
        15766.419055719725,
        18030.786426115763,
        19675.40812950739,
        20749.06528585561,
        21357.950978288296,
        21658.552841271765,
        21800.92363307594
    ],
    "z_normalized": [
        0.0,
        0.0076,
        0.0156,
        0.0236,
        0.0316,
        0.039599999999999996,
        0.0476,
        0.0556,
        0.0636,
        0.0716,
        0.0796
    ]
}