{
    "thrust": 0.07059522628654079,
    "discharge_current": 5.6350616509576685,
    "ion_velocity": [
        -1269.2023764333728,
        884.8168782027882,
        3493.503970340228,
        7366.778851298955,
        11131.9668410683,
        14429.701427209933,
        16944.606335873395,
        18601.07583289302,
        19542.820442668864,
        19955.28435676738,
        20092.889756711967
    ],
    "z_normalized": [
        0.0,
        0.0076,
        0.0156,
        0.0236,
        0.0316,
        0.039599999999999996,
        0.0476,
        0.0556,
        0.0636,
        0.0716,
        0.0796
    ]
}