{
    "thrust": 0.08087249263599622,
    "discharge_current": 42.425072022790644,
    "ion_velocity": [
        -2459.263166709381,
        2365.1940122278506,
        5870.303703363859,
        11884.207354831558,
        15168.63584754077,
        17735.74659797275,
        19629.583724206994,
        20826.987562242797,
        21500.779959591127,
        21835.367158842226,
        22003.552694695827
    ],
    "z_normalized": [
        0.0,
        0.0076,
        0.0156,
        0.0236,
        0.0316,
        0.039599999999999996,
        0.0476,
        0.0556,
        0.0636,
        0.0716,
        0.0796
    ]
}