{
    "thrust": 0.08112008336532325,
    "discharge_current": 47.47419127660324,
    "ion_velocity": [
        -2470.8415281986036,
        2088.7671249214472,
        4504.143557079902,
        8526.398989225596,
        12406.640338238429,
        16011.005402129955,
        18695.761404904126,
        20374.03267814873,
        21297.17762526522,
        21751.45082246272,
        21984.143627351437
    ],
    "z_normalized": [
        0.0,
        0.0076,
        0.0156,
        0.0236,
        0.0316,
        0.039599999999999996,
        0.0476,
        0.0556,
        0.0636,
        0.0716,
        0.0796
    ]
}