{
    "thrust": 0.08762720125837024,
    "discharge_current": 29.654284463996998,
    "ion_velocity": [
        -2032.7336394704641,
        1193.008299160588,
        2275.601319412708,
        3930.2229718030135,
        9166.852256570945,
        14021.76007149743,
        17560.974983530406,
        19724.925673363614,
        20902.884133499963,
        21471.011342510534,
        21748.507524171186
    ],
    "z_normalized": [
        0.0,
        0.0076,
        0.0156,
        0.0236,
        0.0316,
        0.039599999999999996,
        0.0476,
        0.0556,
        0.0636,
        0.0716,
        0.0796
    ]
}