{
    "thrust": 0.09570348163153143,
    "discharge_current": 11.684285357208195,
    "ion_velocity": [
        -1257.1009920645793,
        -243.95928269740824,
        3135.899345900556,
        10055.04822789127,
        13971.389202174776,
        16735.43773675299,
        18738.144688174783,
        20061.84909683468,
        20806.318350917518,
        21161.54480701933,
        21298.35709409194
    ],
    "z_normalized": [
        0.0,
        0.0076,
        0.0156,
        0.0236,
        0.0316,
        0.039599999999999996,
        0.0476,
        0.0556,
        0.0636,
        0.0716,
        0.0796
    ]
}