{
    "thrust": 0.08747356787684153,
    "discharge_current": 23.115288354496368,
    "ion_velocity": [
        -1945.548502542872,
        1828.3948817514445,
        6629.995356721477,
        14338.96937241186,
        17088.915640948824,
        18782.84834063751,
        20046.379961810497,
        20893.339299034196,
        21372.303626378944,
        21608.42890987546,
        21716.633695820772
    ],
    "z_normalized": [
        0.0,
        0.0076,
        0.0156,
        0.0236,
        0.0316,
        0.039599999999999996,
        0.0476,
        0.0556,
        0.0636,
        0.0716,
        0.0796
    ]
}