{
    "thrust": 0.08144991822470646,
    "discharge_current": 45.419791493051676,
    "ion_velocity": [
        -2443.9580559221167,
        2050.391032547088,
        4455.733200544362,
        8417.032433728602,
        12490.060482558172,
        16051.164767025914,
        18709.222867712895,
        20373.31223257515,
        21291.318943671216,
        21744.94345863871,
        21974.947383253893
    ],
    "z_normalized": [
        0.0,
        0.0076,
        0.0156,
        0.0236,
        0.0316,
        0.039599999999999996,
        0.0476,
        0.0556,
        0.0636,
        0.0716,
        0.0796
    ]
}