{
    "thrust": 0.08410028674370364,
    "discharge_current": 31.14668014105975,
    "ion_velocity": [
        -2219.423389283798,
        2241.6147112725803,
        6525.120270054492,
        13792.096135123364,
        16671.204255253753,
        18621.382722530605,
        20036.60026604761,
        20966.021746118993,
        21491.910395918414,
        21752.72549430404,
        21877.732421899032
    ],
    "z_normalized": [
        0.0,
        0.0076,
        0.0156,
        0.0236,
        0.0316,
        0.039599999999999996,
        0.0476,
        0.0556,
        0.0636,
        0.0716,
        0.0796
    ]
}