{
    "thrust": 0.08871096398628127,
    "discharge_current": 21.033969541728098,
    "ion_velocity": [
        -1860.0554553652873,
        1634.8638604353112,
        6557.661806651462,
        14336.1973116927,
        17082.660446792874,
        18741.8063021203,
        20001.47119581248,
        20846.849521178494,
        21324.603746659333,
        21559.534038263853,
        21665.64607067881
    ],
    "z_normalized": [
        0.0,
        0.0076,
        0.0156,
        0.0236,
        0.0316,
        0.039599999999999996,
        0.0476,
        0.0556,
        0.0636,
        0.0716,
        0.0796
    ]
}