{
    "thrust": 0.07848410044427553,
    "discharge_current": 55.36639323084666,
    "ion_velocity": [
        -2653.720653453789,
        2237.606024818251,
        4512.777771657227,
        8268.582884228486,
        12381.753016083281,
        16017.533694049167,
        18735.63968802212,
        20444.279956531307,
        21382.584605130058,
        21847.46147987181,
        22089.776538422648
    ],
    "z_normalized": [
        0.0,
        0.0076,
        0.0156,
        0.0236,
        0.0316,
        0.039599999999999996,
        0.0476,
        0.0556,
        0.0636,
        0.0716,
        0.0796
    ]
}