{
    "thrust": 0.09589381208438823,
    "discharge_current": 11.210870572552139,
    "ion_velocity": [
        -1236.4964092339328,
        -266.8146169668196,
        2884.1494373694823,
        9737.90674273402,
        13757.186588156816,
        16609.139194294927,
        18667.29938168177,
        20023.24834644518,
        20785.17484056324,
        21147.659432340555,
        21284.7091570677
    ],
    "z_normalized": [
        0.0,
        0.0076,
        0.0156,
        0.0236,
        0.0316,
        0.039599999999999996,
        0.0476,
        0.0556,
        0.0636,
        0.0716,
        0.0796
    ]
}