{
    "thrust": 0.08160957165748224,
    "discharge_current": 40.79881270928816,
    "ion_velocity": [
        -2410.337345841337,
        2289.798161229216,
        5735.559549023302,
        11543.829559632375,
        14992.506888910142,
        17613.712650026635,
        19548.795423961423,
        20771.672926414758,
        21460.625349450784,
        21802.687254010805,
        21973.573828894227
    ],
    "z_normalized": [
        0.0,
        0.0076,
        0.0156,
        0.0236,
        0.0316,
        0.039599999999999996,
        0.0476,
        0.0556,
        0.0636,
        0.0716,
        0.0796
    ]
}