{
    "thrust": 0.09751558414345486,
    "discharge_current": 10.024235762385612,
    "ion_velocity": [
        -1236.4548877414475,
        -215.59978171326594,
        238.5000433826353,
        1364.7469979014932,
        7337.35260813751,
        12990.034354289453,
        16864.17385396322,
        19228.514939651774,
        20481.494570928822,
        21050.42827964562,
        21295.77922169865
    ],
    "z_normalized": [
        0.0,
        0.0076,
        0.0156,
        0.0236,
        0.0316,
        0.039599999999999996,
        0.0476,
        0.0556,
        0.0636,
        0.0716,
        0.0796
    ]
}