{
    "thrust": 0.0867021085369546,
    "discharge_current": 25.801587793247062,
    "ion_velocity": [
        -2017.8377534359972,
        1871.4327929280362,
        6150.240934469416,
        13034.184571174621,
        16153.202883287971,
        18244.7981663465,
        19762.976503899674,
        20770.753344919223,
        21342.004312448833,
        21623.644745680307,
        21755.004808471673
    ],
    "z_normalized": [
        0.0,
        0.0076,
        0.0156,
        0.0236,
        0.0316,
        0.039599999999999996,
        0.0476,
        0.0556,
        0.0636,
        0.0716,
        0.0796
    ]
}