{
    "thrust": 0.08032095970352078,
    "discharge_current": 45.269611153000476,
    "ion_velocity": [
        -2503.994956758556,
        2348.802793313416,
        5605.443202367328,
        11143.991893623921,
        14640.876075409378,
        17410.61375602612,
        19463.309759619988,
        20756.318796472413,
        21481.02803137619,
        21841.01422356316,
        22023.656305604298
    ],
    "z_normalized": [
        0.0,
        0.0076,
        0.0156,
        0.0236,
        0.0316,
        0.039599999999999996,
        0.0476,
        0.0556,
        0.0636,
        0.0716,
        0.0796
    ]
}