{
    "thrust": 0.08736005695717178,
    "discharge_current": 22.626522661091318,
    "ion_velocity": [
        -1943.7520327757875,
        1887.5862031911279,
        6963.060049177888,
        15239.894511891538,
        17696.240755321465,
        19152.978765641863,
        20261.721959431303,
        21000.323532300652,
        21417.512581290128,
        21623.435718111654,
        21717.354901619725
    ],
    "z_normalized": [
        0.0,
        0.0076,
        0.0156,
        0.0236,
        0.0316,
        0.039599999999999996,
        0.0476,
        0.0556,
        0.0636,
        0.0716,
        0.0796
    ]
}