{
    "thrust": 0.08112787351246296,
    "discharge_current": 41.79860706070367,
    "ion_velocity": [
        -2441.806664481266,
        2351.777532169598,
        5882.918866901073,
        11936.919459500601,
        15161.179444799945,
        17728.435861107682,
        19620.937480739896,
        20817.825309208325,
        21491.0786034917,
        21825.003376866887,
        21992.556469440384
    ],
    "z_normalized": [
        0.0,
        0.0076,
        0.0156,
        0.0236,
        0.0316,
        0.039599999999999996,
        0.0476,
        0.0556,
        0.0636,
        0.0716,
        0.0796
    ]
}