{
    "thrust": 0.07921560254244245,
    "discharge_current": 51.661640519160215,
    "ion_velocity": [
        -2594.4854934589184,
        2300.2826813919837,
        5020.278505935687,
        9569.088619346396,
        13368.69035253405,
        16627.240190156503,
        19056.36325820719,
        20582.038073659656,
        21426.41442253877,
        21844.86570107016,
        22061.17944929171
    ],
    "z_normalized": [
        0.0,
        0.0076,
        0.0156,
        0.0236,
        0.0316,
        0.039599999999999996,
        0.0476,
        0.0556,
        0.0636,
        0.0716,
        0.0796
    ]
}