{
    "thrust": 0.09152511774945549,
    "discharge_current": 17.441703345366417,
    "ion_velocity": [
        -1695.6314738346712,
        1139.595755509405,
        6317.284834978301,
        14372.468435865503,
        17067.938455519285,
        18671.048107869887,
        19922.788561173606,
        20760.855729283812,
        21233.331724255604,
        21464.33981685843,
        21565.360434446986
    ],
    "z_normalized": [
        0.0,
        0.0076,
        0.0156,
        0.0236,
        0.0316,
        0.039599999999999996,
        0.0476,
        0.0556,
        0.0636,
        0.0716,
        0.0796
    ]
}