{
    "thrust": 0.09381979217162154,
    "discharge_current": 16.451640927670898,
    "ion_velocity": [
        -1605.3933582549648,
        670.8706548788246,
        4504.928161390782,
        10911.750788014504,
        14551.067694668254,
        17144.131671967116,
        19028.716489544437,
        20293.708134626853,
        21011.400814691875,
        21359.49581609522,
        21508.179393481136
    ],
    "z_normalized": [
        0.0,
        0.0076,
        0.0156,
        0.0236,
        0.0316,
        0.039599999999999996,
        0.0476,
        0.0556,
        0.0636,
        0.0716,
        0.0796
    ]
}