{
    "thrust": 0.07860251955503278,
    "discharge_current": 54.012397681886206,
    "ion_velocity": [
        -2639.5633482605613,
        2303.3749604113696,
        4868.288878154585,
        9146.068226524256,
        13077.833140018533,
        16451.328693514908,
        18969.58450886224,
        20552.54506297794,
        21426.500153926434,
        21859.933145168892,
        22085.294526716192
    ],
    "z_normalized": [
        0.0,
        0.0076,
        0.0156,
        0.0236,
        0.0316,
        0.039599999999999996,
        0.0476,
        0.0556,
        0.0636,
        0.0716,
        0.0796
    ]
}