{
    "thrust": 0.09300379092601053,
    "discharge_current": 17.422869395306535,
    "ion_velocity": [
        -1642.1780448877655,
        791.1257565042812,
        4402.421677467915,
        10444.718986091717,
        14218.985157517152,
        16959.315119661318,
        18932.802300863583,
        20254.457981292242,
        21006.44964430967,
        21371.6892625759,
        21529.51279264678
    ],
    "z_normalized": [
        0.0,
        0.0076,
        0.0156,
        0.0236,
        0.0316,
        0.039599999999999996,
        0.0476,
        0.0556,
        0.0636,
        0.0716,
        0.0796
    ]
}