{
    "thrust": 0.10057323723200552,
    "discharge_current": 8.258319758113853,
    "ion_velocity": [
        -1236.1057908745909,
        -261.75723165233023,
        1383.7766253570428,
        7738.947863254537,
        12416.67878924188,
        15851.730713574656,
        18287.61773697336,
        19851.924944496048,
        20719.54927469644,
        21117.255954022738,
        21238.3988276859
    ],
    "z_normalized": [
        0.0,
        0.0076,
        0.0156,
        0.0236,
        0.0316,
        0.039599999999999996,
        0.0476,
        0.0556,
        0.0636,
        0.0716,
        0.0796
    ]
}