{
    "thrust": 0.09578573874145915,
    "discharge_current": 12.404266625962316,
    "ion_velocity": [
        -1236.409362643947,
        -213.07343289128684,
        373.71906913857276,
        1583.199060168721,
        7579.5308492427075,
        13167.712365761847,
        16928.84884945152,
        19236.673738941816,
        20483.411927696117,
        21059.66010746178,
        21316.810996273558
    ],
    "z_normalized": [
        0.0,
        0.0076,
        0.0156,
        0.0236,
        0.0316,
        0.039599999999999996,
        0.0476,
        0.0556,
        0.0636,
        0.0716,
        0.0796
    ]
}