{
    "thrust": 0.08200733998988076,
    "discharge_current": 46.01678150465059,
    "ion_velocity": [
        -2416.795710320997,
        1923.21298801267,
        3922.4946088178745,
        7287.628277486457,
        11394.28490131174,
        15379.945398605485,
        18345.3065198914,
        20193.382729107216,
        21202.482942022663,
        21696.956580482452,
        21949.55796165742
    ],
    "z_normalized": [
        0.0,
        0.0076,
        0.0156,
        0.0236,
        0.0316,
        0.039599999999999996,
        0.0476,
        0.0556,
        0.0636,
        0.0716,
        0.0796
    ]
}