{
    "thrust": 0.08627670448879683,
    "discharge_current": 24.6520334454453,
    "ion_velocity": [
        -2024.2307495893567,
        2030.0513798739796,
        6924.645305455156,
        15050.03012909605,
        17563.818615520755,
        19102.074826882264,
        20252.931433079135,
        21019.644090383867,
        21452.930575469072,
        21667.198201512125,
        21766.25060812612
    ],
    "z_normalized": [
        0.0,
        0.0076,
        0.0156,
        0.0236,
        0.0316,
        0.039599999999999996,
        0.0476,
        0.0556,
        0.0636,
        0.0716,
        0.0796
    ]
}