{
    "thrust": 0.0924489086469216,
    "discharge_current": 20.189071309662136,
    "ion_velocity": [
        -1700.8307353718458,
        551.5749566593929,
        1501.6352059027545,
        2550.790030841062,
        8403.144119711844,
        13666.307014277456,
        17293.014140618052,
        19492.688537908147,
        20714.217830805923,
        21295.249395207877,
        21568.575817335288
    ],
    "z_normalized": [
        0.0,
        0.0076,
        0.0156,
        0.0236,
        0.0316,
        0.039599999999999996,
        0.0476,
        0.0556,
        0.0636,
        0.0716,
        0.0796
    ]
}