{
    "thrust": 0.08207572098863139,
    "discharge_current": 40.57269352038255,
    "ion_velocity": [
        -2383.65511543996,
        2196.865377990228,
        5430.411706416989,
        10777.119908698807,
        14413.962428596085,
        17244.862443510767,
        19341.588279077085,
        20661.09972570091,
        21402.39278005281,
        21769.83525487735,
        21953.250158211224
    ],
    "z_normalized": [
        0.0,
        0.0076,
        0.0156,
        0.0236,
        0.0316,
        0.039599999999999996,
        0.0476,
        0.0556,
        0.0636,
        0.0716,
        0.0796
    ]
}