{
    "thrust": 0.08145908075572258,
    "discharge_current": 40.97834672496891,
    "ion_velocity": [
        -2419.105571775729,
        2331.165137623024,
        5886.459552533059,
        11967.718865011526,
        15149.676694734992,
        17717.122188426598,
        19608.17643753082,
        20804.973924290876,
        21478.077077733302,
        21811.562065242222,
        21978.49292366525
    ],
    "z_normalized": [
        0.0,
        0.0076,
        0.0156,
        0.0236,
        0.0316,
        0.039599999999999996,
        0.0476,
        0.0556,
        0.0636,
        0.0716,
        0.0796
    ]
}