{
    "thrust": 0.09531380274173687,
    "discharge_current": 16.038325372173237,
    "ion_velocity": [
        -1497.2143569302114,
        -56.90935777582315,
        1165.0263648472426,
        2448.174291891785,
        8266.758982478324,
        13634.320679770606,
        17202.74669532907,
        19405.183261575377,
        20619.364762843936,
        21189.963065277236,
        21452.233250393285
    ],
    "z_normalized": [
        0.0,
        0.0076,
        0.0156,
        0.0236,
        0.0316,
        0.039599999999999996,
        0.0476,
        0.0556,
        0.0636,
        0.0716,
        0.0796
    ]
}