{
    "thrust": 0.08237496707979589,
    "discharge_current": 44.75571069991831,
    "ion_velocity": [
        -2389.6673301494566,
        1917.0070876412647,
        4007.510951839128,
        7527.6810542527,
        11566.2016901688,
        15481.725997385349,
        18394.471866306078,
        20208.776986420435,
        21201.002159396037,
        21687.081036116782,
        21934.505773582743
    ],
    "z_normalized": [
        0.0,
        0.0076,
        0.0156,
        0.0236,
        0.0316,
        0.039599999999999996,
        0.0476,
        0.0556,
        0.0636,
        0.0716,
        0.0796
    ]
}