{
    "thrust": 0.09553418490695793,
    "discharge_current": 12.922600756033361,
    "ion_velocity": [
        -1316.5219563247908,
        -196.29679577917292,
        2607.021244211174,
        7762.819677735746,
        12323.966982199385,
        15816.072953299035,
        18251.320120287655,
        19837.262452410185,
        20737.098956461858,
        21168.02959707632,
        21336.940153401636
    ],
    "z_normalized": [
        0.0,
        0.0076,
        0.0156,
        0.0236,
        0.0316,
        0.039599999999999996,
        0.0476,
        0.0556,
        0.0636,
        0.0716,
        0.0796
    ]
}