{
    "thrust": 0.07898830409240028,
    "discharge_current": 52.96551878431773,
    "ion_velocity": [
        -2613.2886456227557,
        2275.556259169937,
        4838.44974175609,
        9110.595774728425,
        12999.433831777405,
        16399.78641786545,
        18936.547144005926,
        20529.487884149803,
        21408.471094914465,
        21843.689323615145,
        22069.511075259106
    ],
    "z_normalized": [
        0.0,
        0.0076,
        0.0156,
        0.0236,
        0.0316,
        0.039599999999999996,
        0.0476,
        0.0556,
        0.0636,
        0.0716,
        0.0796
    ]
}