{
    "thrust": 0.08133282226907539,
    "discharge_current": 41.155914084855105,
    "ion_velocity": [
        -2427.4632380465373,
        2323.1180254717474,
        5817.863347472098,
        11751.48535903519,
        15137.565158606656,
        17708.977786498075,
        19605.968331228192,
        20805.6806568561,
        21481.733467782804,
        21817.53825660668,
        21985.506042431196
    ],
    "z_normalized": [
        0.0,
        0.0076,
        0.0156,
        0.0236,
        0.0316,
        0.039599999999999996,
        0.0476,
        0.0556,
        0.0636,
        0.0716,
        0.0796
    ]
}