{
    "thrust": 0.08381441699739119,
    "discharge_current": 34.58900884254831,
    "ion_velocity": [
        -2254.6614820781615,
        2120.635960493344,
        5733.52330206801,
        11664.338758780024,
        15110.961645718795,
        17657.195528581942,
        19526.648436295905,
        20716.030821023556,
        21389.090602893557,
        21722.231913921503,
        21884.613381021398
    ],
    "z_normalized": [
        0.0,
        0.0076,
        0.0156,
        0.0236,
        0.0316,
        0.039599999999999996,
        0.0476,
        0.0556,
        0.0636,
        0.0716,
        0.0796
    ]
}