{
    "thrust": 0.08826152256183992,
    "discharge_current": 28.103029028731466,
    "ion_velocity": [
        -1982.9540422609657,
        1110.8497383796307,
        2142.288063226905,
        3661.2841560794836,
        9017.457838736937,
        13934.67975549622,
        17505.463372479462,
        19683.735205396173,
        20871.606831273497,
        21443.582573258078,
        21721.44339468228
    ],
    "z_normalized": [
        0.0,
        0.0076,
        0.0156,
        0.0236,
        0.0316,
        0.039599999999999996,
        0.0476,
        0.0556,
        0.0636,
        0.0716,
        0.0796
    ]
}