{
    "thrust": 0.08428078939876872,
    "discharge_current": 31.04924704504742,
    "ion_velocity": [
        -2207.7563231443482,
        2203.6582059496372,
        6420.964006490521,
        13509.540917615872,
        16478.601921735262,
        18498.79663972223,
        19965.209254498248,
        20926.282080287245,
        21470.305840612302,
        21739.964578072395,
        21869.187708802066
    ],
    "z_normalized": [
        0.0,
        0.0076,
        0.0156,
        0.0236,
        0.0316,
        0.039599999999999996,
        0.0476,
        0.0556,
        0.0636,
        0.0716,
        0.0796
    ]
}