{
    "thrust": 0.07838481868934749,
    "discharge_current": 55.08520231445429,
    "ion_velocity": [
        -2657.079990585749,
        2284.678134322933,
        4720.845150116712,
        8766.811228292008,
        12789.381018259362,
        16273.18498656248,
        18875.881457201718,
        20512.282189281286,
        21413.83351454207,
        21860.892621861665,
        22093.91268194798
    ],
    "z_normalized": [
        0.0,
        0.0076,
        0.0156,
        0.0236,
        0.0316,
        0.039599999999999996,
        0.0476,
        0.0556,
        0.0636,
        0.0716,
        0.0796
    ]
}