{
    "thrust": 0.09713367934591573,
    "discharge_current": 10.215863264983836,
    "ion_velocity": [
        -1236.4664410956113,
        -250.2483284085875,
        2102.8445323559704,
        8124.406215642615,
        12627.28924486459,
        15970.305547342961,
        18333.426949570414,
        19867.14073851075,
        20728.094767714356,
        21134.040315834325,
        21278.41548781238
    ],
    "z_normalized": [
        0.0,
        0.0076,
        0.0156,
        0.0236,
        0.0316,
        0.039599999999999996,
        0.0476,
        0.0556,
        0.0636,
        0.0716,
        0.0796
    ]
}