{
    "thrust": 0.0781029878844533,
    "discharge_current": 56.937457578171184,
    "ion_velocity": [
        -2682.0096508945153,
        2262.892868908184,
        4517.035578336338,
        8239.364793038294,
        12358.90936868671,
        16007.748333206815,
        18735.72483079523,
        20451.285882079133,
        21393.13792436249,
        21859.857232566836,
        22104.0763082366
    ],
    "z_normalized": [
        0.0,
        0.0076,
        0.0156,
        0.0236,
        0.0316,
        0.039599999999999996,
        0.0476,
        0.0556,
        0.0636,
        0.0716,
        0.0796
    ]
}