{
    "thrust": 0.09031830919506406,
    "discharge_current": 20.747155732837673,
    "ion_velocity": [
        -1785.8308117866811,
        1254.9995916463845,
        5034.370419834347,
        11203.925546685467,
        14751.5923286662,
        17321.87298426155,
        19180.457395809794,
        20414.05895762185,
        21116.037891400243,
        21459.073902967302,
        21613.146324530597
    ],
    "z_normalized": [
        0.0,
        0.0076,
        0.0156,
        0.0236,
        0.0316,
        0.039599999999999996,
        0.0476,
        0.0556,
        0.0636,
        0.0716,
        0.0796
    ]
}