{
    "thrust": 0.08197990665930402,
    "discharge_current": 38.17608133171243,
    "ion_velocity": [
        -2374.492298901069,
        2347.463421643197,
        6165.989874437885,
        12752.10351533139,
        15750.26676175558,
        18085.075537513116,
        19794.020378681445,
        20886.541980526625,
        21502.397070730512,
        21807.67540755223,
        21958.83202278766
    ],
    "z_normalized": [
        0.0,
        0.0076,
        0.0156,
        0.0236,
        0.0316,
        0.039599999999999996,
        0.0476,
        0.0556,
        0.0636,
        0.0716,
        0.0796
    ]
}