{
    "thrust": 0.08772712747909912,
    "discharge_current": 24.113187864733796,
    "ion_velocity": [
        -1946.5338691976995,
        1712.6561167104678,
        5929.441545307126,
        12669.897282682829,
        15881.191748639132,
        18056.518606476522,
        19635.347577766854,
        20686.56849348382,
        21282.860311958757,
        21576.134797506482,
        21711.516353254076
    ],
    "z_normalized": [
        0.0,
        0.0076,
        0.0156,
        0.0236,
        0.0316,
        0.039599999999999996,
        0.0476,
        0.0556,
        0.0636,
        0.0716,
        0.0796
    ]
}