{
    "thrust": 0.08427757112757986,
    "discharge_current": 38.73292336728517,
    "ion_velocity": [
        -2276.79426928404,
        1588.5119381641357,
        2939.456626137266,
        5249.394798088284,
        9934.400196865485,
        14490.718229085516,
        17854.190040667476,
        19933.513598388978,
        21059.249472565647,
        21606.463244754417,
        21881.125650650956
    ],
    "z_normalized": [
        0.0,
        0.0076,
        0.0156,
        0.0236,
        0.0316,
        0.039599999999999996,
        0.0476,
        0.0556,
        0.0636,
        0.0716,
        0.0796
    ]
}