{
    "thrust": 0.0837229930420331,
    "discharge_current": 31.549156643944556,
    "ion_velocity": [
        -2236.6888547734793,
        2300.4961413268084,
        6670.536740862137,
        14213.141225176565,
        16928.82079384956,
        18784.900120390867,
        20132.63946355502,
        21019.110246563065,
        21520.15203973903,
        21768.810015496805,
        21888.210791643203
    ],
    "z_normalized": [
        0.0,
        0.0076,
        0.0156,
        0.0236,
        0.0316,
        0.039599999999999996,
        0.0476,
        0.0556,
        0.0636,
        0.0716,
        0.0796
    ]
}