{
    "thrust": 0.08739176276908041,
    "discharge_current": 24.83977438823922,
    "ion_velocity": [
        -1971.751955786901,
        1757.7930850591613,
        5937.999008420694,
        12626.266114361431,
        15849.095217127548,
        18045.18760139261,
        19637.96110357164,
        20694.64487179457,
        21294.0980136942,
        21589.115056851588,
        21725.915553474777
    ],
    "z_normalized": [
        0.0,
        0.0076,
        0.0156,
        0.0236,
        0.0316,
        0.039599999999999996,
        0.0476,
        0.0556,
        0.0636,
        0.0716,
        0.0796
    ]
}