{
    "thrust": 0.09487856233370678,
    "discharge_current": 13.278692298435391,
    "ion_velocity": [
        -1409.11806884203,
        35.45138280596655,
        4288.83137282585,
        11801.203927592336,
        15172.072893573795,
        17463.04186020147,
        19170.226421228363,
        20310.70666145213,
        20952.594117087636,
        21261.667931330223,
        21387.380741565183
    ],
    "z_normalized": [
        0.0,
        0.0076,
        0.0156,
        0.0236,
        0.0316,
        0.039599999999999996,
        0.0476,
        0.0556,
        0.0636,
        0.0716,
        0.0796
    ]
}