{
    "thrust": 0.09498956886948673,
    "discharge_current": 12.851571960742481,
    "ion_velocity": [
        -1378.0643853557558,
        -37.402793018390206,
        4235.347328952287,
        11934.771287983634,
        15265.429099684112,
        17512.2199291846,
        19192.005636304333,
        20312.892997812152,
        20942.984409133325,
        21245.951704194482,
        21368.131752433306
    ],
    "z_normalized": [
        0.0,
        0.0076,
        0.0156,
        0.0236,
        0.0316,
        0.039599999999999996,
        0.0476,
        0.0556,
        0.0636,
        0.0716,
        0.0796
    ]
}