{
    "thrust": 0.0693153975302464,
    "discharge_current": 5.171420559589889,
    "ion_velocity": [
        -1265.3174856149317,
        947.5545291651925,
        3715.7171900367557,
        7847.165885411936,
        11315.237768125493,
        14271.205084314084,
        16571.73780973313,
        18158.95178198917,
        19066.719848509983,
        19487.780524586182,
        19618.73064559034
    ],
    "z_normalized": [
        0.0,
        0.0076,
        0.0156,
        0.0236,
        0.0316,
        0.039599999999999996,
        0.0476,
        0.0556,
        0.0636,
        0.0716,
        0.0796
    ]
}