{
    "thrust": 0.08319766508531347,
    "discharge_current": 42.38412051436979,
    "ion_velocity": [
        -2334.96017453711,
        1749.0055653614136,
        3443.6797631324275,
        6353.650016757965,
        10650.723665287875,
        14919.630443023125,
        18085.86389563717,
        20051.469272065067,
        21119.931003164456,
        21641.30343468053,
        21905.375284342837
    ],
    "z_normalized": [
        0.0,
        0.0076,
        0.0156,
        0.0236,
        0.0316,
        0.039599999999999996,
        0.0476,
        0.0556,
        0.0636,
        0.0716,
        0.0796
    ]
}