{
    "thrust": 0.10089368325813448,
    "discharge_current": 6.827051910091768,
    "ion_velocity": [
        -737.2660972928207,
        713.2757000088443,
        1296.2583157059537,
        1690.1415776158399,
        6508.018533391856,
        11307.114275665885,
        14872.625621274663,
        17045.403765062994,
        18161.332031527578,
        18680.81594277473,
        18859.100398169223
    ],
    "z_normalized": [
        0.0,
        0.0076,
        0.0156,
        0.0236,
        0.0316,
        0.039599999999999996,
        0.0476,
        0.0556,
        0.0636,
        0.0716,
        0.0796
    ]
}