{
    "thrust": 0.07828825389770931,
    "discharge_current": 55.714242345848724,
    "ion_velocity": [
        -2665.054308629843,
        2288.298914255233,
        4702.576473535965,
        8716.189562671923,
        12727.371929194655,
        16236.842376896226,
        18858.036778033842,
        20505.676131813805,
        21412.687875465264,
        21862.151764708004,
        22096.840978413227
    ],
    "z_normalized": [
        0.0,
        0.0076,
        0.0156,
        0.0236,
        0.0316,
        0.039599999999999996,
        0.0476,
        0.0556,
        0.0636,
        0.0716,
        0.0796
    ]
}