{
    "thrust": 0.09098035911580214,
    "discharge_current": 19.877949956775616,
    "ion_velocity": [
        -1748.0542603939498,
        1139.4020386791576,
        4846.450994826936,
        10949.3643307651,
        14556.144720661381,
        17192.623355113716,
        19096.824939018337,
        20362.38895872469,
        21082.896005718234,
        21434.44426646079,
        21590.946166182617
    ],
    "z_normalized": [
        0.0,
        0.0076,
        0.0156,
        0.0236,
        0.0316,
        0.039599999999999996,
        0.0476,
        0.0556,
        0.0636,
        0.0716,
        0.0796
    ]
}