{
    "thrust": 0.0816962535436558,
    "discharge_current": 47.11664893221523,
    "ion_velocity": [
        -2448.4092654062893,
        1882.9938710918643,
        3573.7888618633838,
        6441.4235173635925,
        10798.935909735666,
        15022.879002678665,
        18162.637298765087,
        20118.901806927905,
        21181.759007345325,
        21701.966534374773,
        21968.62495617661
    ],
    "z_normalized": [
        0.0,
        0.0076,
        0.0156,
        0.0236,
        0.0316,
        0.039599999999999996,
        0.0476,
        0.0556,
        0.0636,
        0.0716,
        0.0796
    ]
}