{
    "thrust": 0.08465691310502461,
    "discharge_current": 36.60548075085303,
    "ion_velocity": [
        -2233.951965146884,
        1820.0739660147701,
        4312.946437433097,
        8444.136964829497,
        12499.024137002838,
        16024.407154432198,
        18647.747680070075,
        20282.101684133755,
        21190.256280432903,
        21637.38419924771,
        21856.852723046475
    ],
    "z_normalized": [
        0.0,
        0.0076,
        0.0156,
        0.0236,
        0.0316,
        0.039599999999999996,
        0.0476,
        0.0556,
        0.0636,
        0.0716,
        0.0796
    ]
}