{
    "thrust": 0.0823697998051636,
    "discharge_current": 38.01715404647444,
    "ion_velocity": [
        -2352.6559312642785,
        2260.5677641949733,
        5872.134786900743,
        11942.231844216265,
        15305.47297883927,
        17799.39312156145,
        19633.222073428195,
        20797.63916955101,
        21455.486960096718,
        21781.921287053403,
        21943.25613604821
    ],
    "z_normalized": [
        0.0,
        0.0076,
        0.0156,
        0.0236,
        0.0316,
        0.039599999999999996,
        0.0476,
        0.0556,
        0.0636,
        0.0716,
        0.0796
    ]
}