{
    "thrust": 0.08094745309713254,
    "discharge_current": 47.40743402987222,
    "ion_velocity": [
        -2481.423572376574,
        2058.8134678962488,
        4339.291815810203,
        8094.016255406328,
        12215.619704655839,
        15886.162072848801,
        18627.739696398414,
        20345.06163588315,
        21289.498883572483,
        21756.163307880266,
        21994.189375464754
    ],
    "z_normalized": [
        0.0,
        0.0076,
        0.0156,
        0.0236,
        0.0316,
        0.039599999999999996,
        0.0476,
        0.0556,
        0.0636,
        0.0716,
        0.0796
    ]
}