{
    "thrust": 0.06623389745805926,
    "discharge_current": 5.008518384649332,
    "ion_velocity": [
        -1262.4305630543906,
        968.3706358390224,
        3977.018305491935,
        8135.424891813674,
        11136.601417839653,
        13846.58254733944,
        15671.678027679249,
        17080.21828620622,
        17928.16728667612,
        18307.478969820397,
        18342.05609162588
    ],
    "z_normalized": [
        0.0,
        0.0076,
        0.0156,
        0.0236,
        0.0316,
        0.039599999999999996,
        0.0476,
        0.0556,
        0.0636,
        0.0716,
        0.0796
    ]
}