{
    "thrust": 0.08213150214467109,
    "discharge_current": 37.17826059872891,
    "ion_velocity": [
        -2360.2180203793914,
        2357.819433924063,
        6271.377633026633,
        13034.973285156238,
        16055.293221185486,
        18271.62086022785,
        19890.17942744055,
        20930.577715743388,
        21518.295112547334,
        21810.224411093946,
        21954.038177603896
    ],
    "z_normalized": [
        0.0,
        0.0076,
        0.0156,
        0.0236,
        0.0316,
        0.039599999999999996,
        0.0476,
        0.0556,
        0.0636,
        0.0716,
        0.0796
    ]
}