{
    "thrust": 0.09264433165386862,
    "discharge_current": 18.05547537700724,
    "ion_velocity": [
        -1661.8260652114725,
        834.7053421107217,
        4218.146702422981,
        9890.648315847373,
        13801.640118437605,
        16720.733505012104,
        18813.89099794025,
        20199.31151955293,
        20989.494377894698,
        21373.478054372627,
        21540.331006283355
    ],
    "z_normalized": [
        0.0,
        0.0076,
        0.0156,
        0.0236,
        0.0316,
        0.039599999999999996,
        0.0476,
        0.0556,
        0.0636,
        0.0716,
        0.0796
    ]
}