{
    "thrust": 0.08403125982677148,
    "discharge_current": 36.49264459324864,
    "ion_velocity": [
        -2258.371547611107,
        1965.6668961998507,
        4926.5573696664405,
        9772.662814883635,
        13610.603409538342,
        16719.83975062877,
        19026.240725274965,
        20470.3526194545,
        21280.27543519711,
        21680.041819608417,
        21876.408708802923
    ],
    "z_normalized": [
        0.0,
        0.0076,
        0.0156,
        0.0236,
        0.0316,
        0.039599999999999996,
        0.0476,
        0.0556,
        0.0636,
        0.0716,
        0.0796
    ]
}