{
    "thrust": 3.085960828857212e-13,
    "discharge_current": 8.640971846645475e-12,
    "ion_velocity": [
        -1238.1741182476449,
        1697.7431099951446,
        3152.5286117281003,
        4164.940661797105,
        10472.161824782113,
        15172.212774296724,
        17257.895266544267,
        17626.683635654346,
        17694.10652861966,
        17552.569580487932,
        17295.013230596673
    ],
    "z_normalized": [
        0.0,
        0.0076,
        0.0156,
        0.0236,
        0.0316,
        0.039599999999999996,
        0.0476,
        0.0556,
        0.0636,
        0.0716,
        0.0796
    ]
}