{
    "thrust": 0.07918843855277073,
    "discharge_current": 51.68168955205807,
    "ion_velocity": [
        -2596.1191458027843,
        2303.037584623323,
        5027.738263590821,
        9586.45904082006,
        13385.638555313591,
        16638.095578461205,
        19062.66505054209,
        20585.60103626614,
        21428.60110406125,
        21846.423516253475,
        22062.42521317334
    ],
    "z_normalized": [
        0.0,
        0.0076,
        0.0156,
        0.0236,
        0.0316,
        0.039599999999999996,
        0.0476,
        0.0556,
        0.0636,
        0.0716,
        0.0796
    ]
}