{
    "thrust": 0.0847799342252864,
    "discharge_current": 36.592293367058225,
    "ion_velocity": [
        -2228.847767835542,
        1797.8183218054505,
        4225.858652195414,
        8254.686396193189,
        12336.389261698829,
        15922.48945107869,
        18591.55712656113,
        20253.674601395778,
        21176.123588023976,
        21630.130448061926,
        21852.932858731903
    ],
    "z_normalized": [
        0.0,
        0.0076,
        0.0156,
        0.0236,
        0.0316,
        0.039599999999999996,
        0.0476,
        0.0556,
        0.0636,
        0.0716,
        0.0796
    ]
}