{
    "thrust": 0.0995839447019249,
    "discharge_current": 7.744009769196371,
    "ion_velocity": [
        -1236.3373278536435,
        -264.7479521685294,
        2294.2455688903347,
        12543.868447320167,
        15805.64091667695,
        17827.24792039435,
        19349.645590285025,
        20341.535664989282,
        20886.65534761944,
        21135.712805995798,
        21214.545077979394
    ],
    "z_normalized": [
        0.0,
        0.0076,
        0.0156,
        0.0236,
        0.0316,
        0.039599999999999996,
        0.0476,
        0.0556,
        0.0636,
        0.0716,
        0.0796
    ]
}