{
    "thrust": 0.09468214643315224,
    "discharge_current": 16.007668765890458,
    "ion_velocity": [
        -1530.593634365357,
        288.38043160653325,
        3088.0145888774127,
        7633.071744316119,
        12215.978107860206,
        15798.687202018406,
        18288.60884373253,
        19904.815746755154,
        20829.356730670217,
        21276.07567399702,
        21462.294229198073
    ],
    "z_normalized": [
        0.0,
        0.0076,
        0.0156,
        0.0236,
        0.0316,
        0.039599999999999996,
        0.0476,
        0.0556,
        0.0636,
        0.0716,
        0.0796
    ]
}