{
    "thrust": 0.09025588848804192,
    "discharge_current": 21.088052487333883,
    "ion_velocity": [
        -1792.6024057319767,
        1249.8018800568282,
        4877.712779528561,
        10832.117163787514,
        14460.373297984088,
        17148.736340082367,
        19092.422474417148,
        20371.369576247074,
        21099.93660957636,
        21455.921525822716,
        21616.128113165207
    ],
    "z_normalized": [
        0.0,
        0.0076,
        0.0156,
        0.0236,
        0.0316,
        0.039599999999999996,
        0.0476,
        0.0556,
        0.0636,
        0.0716,
        0.0796
    ]
}