{
    "thrust": 0.07923906241270258,
    "discharge_current": 52.39845405432597,
    "ion_velocity": [
        -2597.5645624466574,
        2223.826582475646,
        4662.556010750176,
        8679.569951866803,
        12722.78713269912,
        16220.639844413381,
        18833.80963994873,
        20475.330650957145,
        21379.9594844181,
        21828.260604624214,
        22060.240491449527
    ],
    "z_normalized": [
        0.0,
        0.0076,
        0.0156,
        0.0236,
        0.0316,
        0.039599999999999996,
        0.0476,
        0.0556,
        0.0636,
        0.0716,
        0.0796
    ]
}