{
    "thrust": 0.06439420975498787,
    "discharge_current": 4.824908603338999,
    "ion_velocity": [
        -1257.8792976908574,
        1074.0586477666704,
        4073.821311369989,
        7888.315952165193,
        10844.737712878043,
        13477.080328230575,
        14389.731201560475,
        15351.828164063238,
        16178.590416918327,
        16541.510278441427,
        16610.13971108954
    ],
    "z_normalized": [
        0.0,
        0.0076,
        0.0156,
        0.0236,
        0.0316,
        0.039599999999999996,
        0.0476,
        0.0556,
        0.0636,
        0.0716,
        0.0796
    ]
}