{
    "thrust": 0.08818190579008665,
    "discharge_current": 21.610986180692038,
    "ion_velocity": [
        -1891.7482789023043,
        1739.4813275458582,
        6755.8164455141205,
        14751.962370687812,
        17370.627144902228,
        18931.35829853734,
        20119.727119305495,
        20914.700677899353,
        21363.833056548836,
        21585.04052141993,
        21685.316389792515
    ],
    "z_normalized": [
        0.0,
        0.0076,
        0.0156,
        0.0236,
        0.0316,
        0.039599999999999996,
        0.0476,
        0.0556,
        0.0636,
        0.0716,
        0.0796
    ]
}