{
    "thrust": 0.08412935934066354,
    "discharge_current": 37.66893191906051,
    "ion_velocity": [
        -2261.9039149549667,
        1871.0688798387664,
        4418.729659078862,
        8622.130458646307,
        12651.051867653321,
        16122.573460374912,
        18706.580656606922,
        20318.18002685857,
        21213.7994897902,
        21655.124248215587,
        21872.746604981574
    ],
    "z_normalized": [
        0.0,
        0.0076,
        0.0156,
        0.0236,
        0.0316,
        0.039599999999999996,
        0.0476,
        0.0556,
        0.0636,
        0.0716,
        0.0796
    ]
}