{
    "thrust": 0.08969519274677047,
    "discharge_current": 21.652983363409504,
    "ion_velocity": [
        -1824.551463136098,
        1361.2959403961345,
        5185.347749850423,
        11391.622887378831,
        14897.680087385217,
        17422.086765036627,
        19248.91085321922,
        20458.607036978472,
        21146.743467936936,
        21483.48986787221,
        21635.970081452037
    ],
    "z_normalized": [
        0.0,
        0.0076,
        0.0156,
        0.0236,
        0.0316,
        0.039599999999999996,
        0.0476,
        0.0556,
        0.0636,
        0.0716,
        0.0796
    ]
}