{
    "thrust": 0.08207278257215798,
    "discharge_current": 45.9951987342421,
    "ion_velocity": [
        -2414.4079151529418,
        1882.6894157041263,
        3737.465800082801,
        6873.881821109844,
        11073.726237688457,
        15184.508954076211,
        18241.216866840845,
        20145.120198574245,
        21181.5816563414,
        21688.960380477583,
        21948.15202581741
    ],
    "z_normalized": [
        0.0,
        0.0076,
        0.0156,
        0.0236,
        0.0316,
        0.039599999999999996,
        0.0476,
        0.0556,
        0.0636,
        0.0716,
        0.0796
    ]
}