{
    "thrust": 0.09207624476577025,
    "discharge_current": 16.83038375110766,
    "ion_velocity": [
        -1667.6535217638848,
        1042.6108476353781,
        6324.817671801281,
        14531.0095071905,
        17164.98367204371,
        18726.698644737022,
        19948.904600063244,
        20765.68745685112,
        21225.807192760756,
        21450.541296141473,
        21548.11829436219
    ],
    "z_normalized": [
        0.0,
        0.0076,
        0.0156,
        0.0236,
        0.0316,
        0.039599999999999996,
        0.0476,
        0.0556,
        0.0636,
        0.0716,
        0.0796
    ]
}