{
    "thrust": 0.08519611461125125,
    "discharge_current": 36.44335075741423,
    "ion_velocity": [
        -2221.1525865128374,
        1503.87852267702,
        2823.397079195016,
        5063.168758297499,
        9808.436292514245,
        14412.093945169789,
        17802.525718332403,
        19893.374029592742,
        21027.00614738422,
        21577.10625904693,
        21851.471528263322
    ],
    "z_normalized": [
        0.0,
        0.0076,
        0.0156,
        0.0236,
        0.0316,
        0.039599999999999996,
        0.0476,
        0.0556,
        0.0636,
        0.0716,
        0.0796
    ]
}