{
    "thrust": 0.08279316906984356,
    "discharge_current": 41.54789652700946,
    "ion_velocity": [
        -2350.0914833759853,
        1935.614094401867,
        4305.8134314884355,
        8223.200384663485,
        12316.178358618228,
        15928.30355018277,
        18622.16188912937,
        20304.601376796876,
        21233.738914141482,
        21691.991031222442,
        21921.313379723884
    ],
    "z_normalized": [
        0.0,
        0.0076,
        0.0156,
        0.0236,
        0.0316,
        0.039599999999999996,
        0.0476,
        0.0556,
        0.0636,
        0.0716,
        0.0796
    ]
}