{
    "thrust": 0.086981954175647,
    "discharge_current": 27.83761710339505,
    "ion_velocity": [
        -2026.326435381999,
        1704.5891738871612,
        5106.768642205268,
        10638.487707572269,
        14304.946941002883,
        17108.70281754634,
        19162.63174052406,
        20469.23066084935,
        21211.560355476136,
        21576.52158852082,
        21748.59607550226
    ],
    "z_normalized": [
        0.0,
        0.0076,
        0.0156,
        0.0236,
        0.0316,
        0.039599999999999996,
        0.0476,
        0.0556,
        0.0636,
        0.0716,
        0.0796
    ]
}