{
    "thrust": 0.08956963566896352,
    "discharge_current": 19.634718806101684,
    "ion_velocity": [
        -1802.2226900401424,
        1498.4696613602118,
        6603.44276070504,
        14593.43680600381,
        17251.93847110651,
        18821.663303833524,
        20034.50855303314,
        20846.77751479148,
        21305.348095653713,
        21530.51211516329,
        21631.058875261904
    ],
    "z_normalized": [
        0.0,
        0.0076,
        0.0156,
        0.0236,
        0.0316,
        0.039599999999999996,
        0.0476,
        0.0556,
        0.0636,
        0.0716,
        0.0796
    ]
}