{
    "thrust": [
        0.19254812503953306
    ],
    "time": [
        0.001
    ],
    "discharge_current": [
        18.874935235074183
    ],
    "z_normalized": [
        0.0,
        0.18999999999999997,
        0.38999999999999996,
        0.59,
        0.7899999999999999,
        0.99,
        1.19,
        1.3900000000000001,
        1.5899999999999999,
        1.7899999999999998,
        1.99
    ],
    "ion_velocity": [
        [
            -1400.8387355579944,
            -28.053580878913124,
            945.4784186200444,
            2785.3001686271236,
            5290.163442058061,
            8382.265815565552,
            11902.480988833193,
            14867.302611636926,
            17294.6489605372,
            19304.40380924439,
            21393.545913236543
        ]
    ]
}