{
    "thrust": [
        0.19087542948051212
    ],
    "time": [
        0.001
    ],
    "discharge_current": [
        19.391932219035933
    ],
    "z_normalized": [
        0.0,
        0.18999999999999997,
        0.38999999999999996,
        0.59,
        0.7899999999999999,
        0.99,
        1.19,
        1.3900000000000001,
        1.5899999999999999,
        1.7899999999999998,
        1.99
    ],
    "ion_velocity": [
        [
            -1399.5629430463498,
            -35.3198602863515,
            980.9428318777717,
            2816.9268208445756,
            5317.056342085034,
            8406.10103521827,
            11924.589778009407,
            14882.494946560724,
            17302.57397435202,
            19306.89266083434,
            21394.353014371743
        ]
    ]
}