{
    "thrust": [
        0.185883874081144
    ],
    "time": [
        0.001
    ],
    "discharge_current": [
        23.74987081109734
    ],
    "z_normalized": [
        0.0,
        0.18999999999999997,
        0.38999999999999996,
        0.59,
        0.7899999999999999,
        0.99,
        1.19,
        1.3900000000000001,
        1.5899999999999999,
        1.7899999999999998,
        1.99
    ],
    "ion_velocity": [
        [
            -1297.4185602582554,
            -67.75437102438018,
            1201.2302925198396,
            2976.1684568688925,
            5448.939224634129,
            8513.327372424694,
            12013.427060425398,
            14923.423307370216,
            17295.277667757447,
            19264.276123855532,
            21337.202368769507
        ]
    ]
}