{
    "thrust": [
        0.16362395691606674
    ],
    "time": [
        0.001
    ],
    "discharge_current": [
        64.36077362719638
    ],
    "z_normalized": [
        0.0,
        0.18999999999999997,
        0.38999999999999996,
        0.59,
        0.7899999999999999,
        0.99,
        1.19,
        1.3900000000000001,
        1.5899999999999999,
        1.7899999999999998,
        1.99
    ],
    "ion_velocity": [
        [
            -2110.938103875108,
            1364.5795906124904,
            2216.0491294915537,
            3722.9426800682095,
            6001.338113375259,
            8544.284116783583,
            11990.476845359708,
            14944.398406018738,
            17484.08839144378,
            19615.268813942814,
            21767.770962436738
        ]
    ]
}