{
    "thrust": [
        0.18601562907901142
    ],
    "time": [
        0.001
    ],
    "discharge_current": [
        25.91055511791212
    ],
    "z_normalized": [
        0.0,
        0.18999999999999997,
        0.38999999999999996,
        0.59,
        0.7899999999999999,
        0.99,
        1.19,
        1.3900000000000001,
        1.5899999999999999,
        1.7899999999999998,
        1.99
    ],
    "ion_velocity": [
        [
            -1284.2880004314886,
            -58.594772575746454,
            1307.0149512133787,
            3044.696644286453,
            5510.033177673464,
            8565.799923603388,
            12055.118262394668,
            14945.652410570492,
            17300.32788242041,
            19256.68252194824,
            21322.88914414785
        ]
    ]
}