{
    "thrust": [
        0.19937117713273728
    ],
    "time": [
        0.001
    ],
    "discharge_current": [
        16.98305171001747
    ],
    "z_normalized": [
        0.0,
        0.18999999999999997,
        0.38999999999999996,
        0.59,
        0.7899999999999999,
        0.99,
        1.19,
        1.3900000000000001,
        1.5899999999999999,
        1.7899999999999998,
        1.99
    ],
    "ion_velocity": [
        [
            -1436.1840181982066,
            -21.038659515720244,
            728.6986339484974,
            2560.8692570276335,
            5108.463934962367,
            8229.130350416815,
            11773.160649773461,
            14780.7438551855,
            17250.28855679936,
            19291.382517856466,
            21396.08734485308
        ]
    ]
}