{
    "thrust": [
        0.19789550109551288
    ],
    "time": [
        0.001
    ],
    "discharge_current": [
        17.239737501194014
    ],
    "z_normalized": [
        0.0,
        0.18999999999999997,
        0.38999999999999996,
        0.59,
        0.7899999999999999,
        0.99,
        1.19,
        1.3900000000000001,
        1.5899999999999999,
        1.7899999999999998,
        1.99
    ],
    "ion_velocity": [
        [
            -1455.7793522051593,
            -25.238684230361002,
            759.9168506538327,
            2602.627151131655,
            5144.60586790027,
            8262.95125879639,
            11804.719893921765,
            14806.690838376526,
            17270.404866845038,
            19306.970887144296,
            21409.978388840736
        ]
    ]
}