{
    "thrust": [
        0.18477568493320598
    ],
    "time": [
        0.001
    ],
    "discharge_current": [
        30.91535088727016
    ],
    "z_normalized": [
        0.0,
        0.18999999999999997,
        0.38999999999999996,
        0.59,
        0.7899999999999999,
        0.99,
        1.19,
        1.3900000000000001,
        1.5899999999999999,
        1.7899999999999998,
        1.99
    ],
    "ion_velocity": [
        [
            -1472.291201576901,
            251.34806421549186,
            1618.3955024739369,
            3264.3781949938007,
            5719.448901758298,
            8759.621609405865,
            12176.0952763565,
            14991.506586957052,
            17379.889367412023,
            19359.172964867605,
            21422.330366261984
        ]
    ]
}