{
    "thrust": [
        0.1460998493108096
    ],
    "time": [
        0.001
    ],
    "discharge_current": [
        104.60079037723172
    ],
    "z_normalized": [
        0.0,
        0.18999999999999997,
        0.38999999999999996,
        0.59,
        0.7899999999999999,
        0.99,
        1.19,
        1.3900000000000001,
        1.5899999999999999,
        1.7899999999999998,
        1.99
    ],
    "ion_velocity": [
        [
            -2614.3223058188773,
            1801.4297166578617,
            2560.280077905698,
            3956.5804546011095,
            5928.196898352602,
            8298.260040238834,
            12076.040550099055,
            15100.897403052044,
            17665.655423894637,
            19818.744822961333,
            22043.963831195946
        ]
    ]
}