{
    "thrust": [
        0.20506705609860618
    ],
    "time": [
        0.001
    ],
    "discharge_current": [
        15.709439136494264
    ],
    "z_normalized": [
        0.0,
        0.18999999999999997,
        0.38999999999999996,
        0.59,
        0.7899999999999999,
        0.99,
        1.19,
        1.3900000000000001,
        1.5899999999999999,
        1.7899999999999998,
        1.99
    ],
    "ion_velocity": [
        [
            -1391.6166559817084,
            -10.19068735019795,
            554.5145007318187,
            2262.681985198359,
            4861.136226527282,
            8013.0988664730585,
            11587.121151974754,
            14638.166396994937,
            17149.749876288533,
            19222.71096542187,
            21345.552965560026
        ]
    ]
}