{
    "thrust": [
        0.19066594338963483
    ],
    "time": [
        0.001
    ],
    "discharge_current": [
        19.464316836793024
    ],
    "z_normalized": [
        0.0,
        0.18999999999999997,
        0.38999999999999996,
        0.59,
        0.7899999999999999,
        0.99,
        1.19,
        1.3900000000000001,
        1.5899999999999999,
        1.7899999999999998,
        1.99
    ],
    "ion_velocity": [
        [
            -1398.6553428327613,
            -35.72351069843641,
            986.8905178890789,
            2822.034328761716,
            5321.640127965604,
            8410.246359610692,
            11928.25996166016,
            14884.89889778067,
            17303.668538320788,
            19306.978663088245,
            21394.07102815986
        ]
    ]
}