{
    "thrust": [
        0.1609197255274936
    ],
    "time": [
        0.001
    ],
    "discharge_current": [
        70.92872363781397
    ],
    "z_normalized": [
        0.0,
        0.18999999999999997,
        0.38999999999999996,
        0.59,
        0.7899999999999999,
        0.99,
        1.19,
        1.3900000000000001,
        1.5899999999999999,
        1.7899999999999998,
        1.99
    ],
    "ion_velocity": [
        [
            -2205.7042395924536,
            1456.2200855787926,
            2281.7000466277423,
            3768.878415205476,
            5997.812991605414,
            8481.296438019595,
            11990.763061123558,
            14963.422296971243,
            17512.747512288883,
            19652.745166444965,
            21819.693147185048
        ]
    ]
}