{
    "thrust": [
        0.19640760341451569
    ],
    "time": [
        0.001
    ],
    "discharge_current": [
        17.512553071019603
    ],
    "z_normalized": [
        0.0,
        0.18999999999999997,
        0.38999999999999996,
        0.59,
        0.7899999999999999,
        0.99,
        1.19,
        1.3900000000000001,
        1.5899999999999999,
        1.7899999999999998,
        1.99
    ],
    "ion_velocity": [
        [
            -1481.6626426513822,
            -29.242460793554237,
            789.9340831770345,
            2639.9132391035755,
            5176.948776027033,
            8293.310114542524,
            11833.29247096289,
            14830.022816046589,
            17288.2127401154,
            19320.450549090307,
            21421.887505025436
        ]
    ]
}