{
    "thrust": [
        0.19080457943775259
    ],
    "time": [
        0.001
    ],
    "discharge_current": [
        19.571413663333455
    ],
    "z_normalized": [
        0.0,
        0.18999999999999997,
        0.38999999999999996,
        0.59,
        0.7899999999999999,
        0.99,
        1.19,
        1.3900000000000001,
        1.5899999999999999,
        1.7899999999999998,
        1.99
    ],
    "ion_velocity": [
        [
            -1369.1251551580363,
            -35.63636969184539,
            997.1377258084227,
            2828.9636321122307,
            5325.746333275375,
            8411.688627176025,
            11927.790142499669,
            14881.852531334825,
            17298.228178888523,
            19299.943844412992,
            21386.006697202592
        ]
    ]
}