{
    "thrust": [
        0.14837798270549807
    ],
    "time": [
        0.001
    ],
    "discharge_current": [
        98.82494193038198
    ],
    "z_normalized": [
        0.0,
        0.18999999999999997,
        0.38999999999999996,
        0.59,
        0.7899999999999999,
        0.99,
        1.19,
        1.3900000000000001,
        1.5899999999999999,
        1.7899999999999998,
        1.99
    ],
    "ion_velocity": [
        [
            -2549.5193794630063,
            1747.7425171559314,
            2514.4460824402468,
            3925.2330853423246,
            5933.90228980668,
            8311.506102493882,
            12053.086915933185,
            15072.962064628573,
            17637.720949938364,
            19790.875287069142,
            22008.81563954649
        ]
    ]
}