{
    "thrust": [
        0.2065170048089967
    ],
    "time": [
        0.001
    ],
    "discharge_current": [
        15.379826257403762
    ],
    "z_normalized": [
        0.0,
        0.18999999999999997,
        0.38999999999999996,
        0.59,
        0.7899999999999999,
        0.99,
        1.19,
        1.3900000000000001,
        1.5899999999999999,
        1.7899999999999998,
        1.99
    ],
    "ion_velocity": [
        [
            -1439.375355299908,
            -0.43372745206678687,
            514.1342415997635,
            2150.106161894394,
            4766.613064617222,
            7933.832842054229,
            11522.212140951307,
            14590.48987217038,
            17118.10642211322,
            19203.071059789778,
            21333.94452940923
        ]
    ]
}