{
    "thrust": [
        0.19276180777253354
    ],
    "time": [
        0.001
    ],
    "discharge_current": [
        18.817185804726513
    ],
    "z_normalized": [
        0.0,
        0.18999999999999997,
        0.38999999999999996,
        0.59,
        0.7899999999999999,
        0.99,
        1.19,
        1.3900000000000001,
        1.5899999999999999,
        1.7899999999999998,
        1.99
    ],
    "ion_velocity": [
        [
            -1401.3258385692843,
            -27.285565116585698,
            941.0721958921897,
            2781.023612285503,
            5286.212459274185,
            8378.407891372191,
            11898.73816808208,
            14864.394785412747,
            17292.672689483956,
            19303.182872986978,
            21392.595352427918
        ]
    ]
}