{
    "thrust": [
        0.20532583675395044
    ],
    "time": [
        0.001
    ],
    "discharge_current": [
        14.99492109554051
    ],
    "z_normalized": [
        0.0,
        0.18999999999999997,
        0.38999999999999996,
        0.59,
        0.7899999999999999,
        0.99,
        1.19,
        1.3900000000000001,
        1.5899999999999999,
        1.7899999999999998,
        1.99
    ],
    "ion_velocity": [
        [
            -1418.214166133639,
            3.961636660940267,
            450.14922825266024,
            1907.1603626799658,
            4399.885917995931,
            7470.376912527219,
            11137.925571431719,
            14336.314704428556,
            16964.84505824336,
            19121.641483986525,
            21322.949566594918
        ]
    ]
}