{
    "thrust": [
        0.11535479050348736
    ],
    "time": [
        0.001
    ],
    "discharge_current": [
        12.034494579396126
    ],
    "z_normalized": [
        0.0,
        0.18999999999999997,
        0.38999999999999996,
        0.59,
        0.7899999999999999,
        0.99,
        1.19,
        1.3900000000000001,
        1.5899999999999999,
        1.7899999999999998,
        1.99
    ],
    "ion_velocity": [
        [
            -525.2418193031302,
            661.5104583041012,
            1467.9232238986394,
            2302.4822817809736,
            2069.3128691523543,
            2854.38225750939,
            3593.4812835620974,
            4612.071002336516,
            5639.660281465408,
            6559.108868594094,
            7565.006411664955
        ]
    ]
}