{
    "thrust": [
        0.17697471371965673
    ],
    "time": [
        0.001
    ],
    "discharge_current": [
        41.42275786308119
    ],
    "z_normalized": [
        0.0,
        0.18999999999999997,
        0.38999999999999996,
        0.59,
        0.7899999999999999,
        0.99,
        1.19,
        1.3900000000000001,
        1.5899999999999999,
        1.7899999999999998,
        1.99
    ],
    "ion_velocity": [
        [
            -1731.3526001291032,
            893.5498980917871,
            1903.4425407068015,
            3442.638342291404,
            5794.344484901621,
            8677.467091166049,
            11970.581854964625,
            14862.971373887265,
            17362.798376644627,
            19448.975848958493,
            21562.112654667773
        ]
    ]
}