{
    "thrust": [
        0.1637204219342965
    ],
    "time": [
        0.001
    ],
    "discharge_current": [
        12.735387183847184
    ],
    "z_normalized": [
        0.0,
        0.18999999999999997,
        0.38999999999999996,
        0.59,
        0.7899999999999999,
        0.99,
        1.19,
        1.3900000000000001,
        1.5899999999999999,
        1.7899999999999998,
        1.99
    ],
    "ion_velocity": [
        [
            -1105.3945728819335,
            95.09512036124653,
            422.0983587677292,
            1089.724472839148,
            2702.6268235494395,
            5003.375663854746,
            8448.97138839802,
            11639.70000743756,
            14287.783128218942,
            16453.39599514083,
            18687.54592311671
        ]
    ]
}