{
    "thrust": [
        0.18223050560164414
    ],
    "time": [
        0.001
    ],
    "discharge_current": [
        36.30633083283766
    ],
    "z_normalized": [
        0.0,
        0.18999999999999997,
        0.38999999999999996,
        0.59,
        0.7899999999999999,
        0.99,
        1.19,
        1.3900000000000001,
        1.5899999999999999,
        1.7899999999999998,
        1.99
    ],
    "ion_velocity": [
        [
            -1623.0240356461363,
            644.5866561593892,
            1730.2243184075642,
            3200.5351428709932,
            5433.225674969143,
            8287.875646410112,
            11714.534970785691,
            14678.437041427878,
            17226.29116697886,
            19343.46270379067,
            21502.267451991505
        ]
    ]
}