{
    "thrust": [
        0.20388700578812818
    ],
    "time": [
        0.001
    ],
    "discharge_current": [
        15.97265000493404
    ],
    "z_normalized": [
        0.0,
        0.18999999999999997,
        0.38999999999999996,
        0.59,
        0.7899999999999999,
        0.99,
        1.19,
        1.3900000000000001,
        1.5899999999999999,
        1.7899999999999998,
        1.99
    ],
    "ion_velocity": [
        [
            -1386.1179348196497,
            -15.796588963805554,
            546.5358439625703,
            2205.4591787190966,
            4685.354857773329,
            7741.163701352308,
            11362.388490895706,
            14496.125788557234,
            17068.186005853546,
            19183.18412291522,
            21352.21440614269
        ]
    ]
}