{
    "thrust": [
        0.1771575208617408
    ],
    "time": [
        0.001
    ],
    "discharge_current": [
        41.3606718977521
    ],
    "z_normalized": [
        0.0,
        0.18999999999999997,
        0.38999999999999996,
        0.59,
        0.7899999999999999,
        0.99,
        1.19,
        1.3900000000000001,
        1.5899999999999999,
        1.7899999999999998,
        1.99
    ],
    "ion_velocity": [
        [
            -1728.4371232203046,
            880.9184885232089,
            1874.966869057796,
            3378.284484035435,
            5674.070901410926,
            8525.259116300786,
            11846.632910190652,
            14776.446249813916,
            17308.799073158883,
            19422.22916975572,
            21559.92198753378
        ]
    ]
}