{
    "thrust": [
        0.17571742429877524
    ],
    "time": [
        0.001
    ],
    "discharge_current": [
        43.12165264738582
    ],
    "z_normalized": [
        0.0,
        0.18999999999999997,
        0.38999999999999996,
        0.59,
        0.7899999999999999,
        0.99,
        1.19,
        1.3900000000000001,
        1.5899999999999999,
        1.7899999999999998,
        1.99
    ],
    "ion_velocity": [
        [
            -1761.7127016246552,
            941.289109495291,
            1918.2560868844826,
            3435.508499392376,
            5753.833568676926,
            8592.816854947994,
            11896.99528408679,
            14815.588637678282,
            17339.883637098523,
            19448.78485525246,
            21578.033271088592
        ]
    ]
}