{
    "thrust": [
        0.1863085375916517
    ],
    "time": [
        0.001
    ],
    "discharge_current": [
        24.837786179157533
    ],
    "z_normalized": [
        0.0,
        0.18999999999999997,
        0.38999999999999996,
        0.59,
        0.7899999999999999,
        0.99,
        1.19,
        1.3900000000000001,
        1.5899999999999999,
        1.7899999999999998,
        1.99
    ],
    "ion_velocity": [
        [
            -1263.5529321086833,
            -76.31520087394573,
            929.7943883562377,
            2395.7297722694743,
            4319.2900224172845,
            6959.362720919535,
            10791.600809933532,
            14143.400033011078,
            16832.55181040478,
            19019.582563927157,
            21319.376914700322
        ]
    ]
}