{
    "thrust": [
        0.18736111349679693
    ],
    "time": [
        0.001
    ],
    "discharge_current": [
        13.528960075515542
    ],
    "z_normalized": [
        0.0,
        0.18999999999999997,
        0.38999999999999996,
        0.59,
        0.7899999999999999,
        0.99,
        1.19,
        1.3900000000000001,
        1.5899999999999999,
        1.7899999999999998,
        1.99
    ],
    "ion_velocity": [
        [
            -1347.929205764722,
            -55.62240210297673,
            282.3880485305408,
            815.6803729829355,
            4347.553489875488,
            8871.445461737789,
            12493.668321286765,
            15252.406686676513,
            17549.558266040352,
            19469.53095979977,
            21408.040827134027
        ]
    ]
}