{
    "thrust": [
        0.18974313928003061
    ],
    "time": [
        0.001
    ],
    "discharge_current": [
        10.813955603535973
    ],
    "z_normalized": [
        0.0,
        0.18999999999999997,
        0.38999999999999996,
        0.59,
        0.7899999999999999,
        0.99,
        1.19,
        1.3900000000000001,
        1.5899999999999999,
        1.7899999999999998,
        1.99
    ],
    "ion_velocity": [
        [
            -1334.0481169971213,
            -61.425291740720446,
            252.18071398236984,
            426.0530308393022,
            1935.2919081734328,
            9340.5495666276,
            13140.214877789887,
            15689.959955867947,
            17837.10603797721,
            19636.77958778465,
            21402.390755867604
        ]
    ]
}