{
    "thrust": [
        0.18897695704829096
    ],
    "time": [
        0.001
    ],
    "discharge_current": [
        12.238923463090213
    ],
    "z_normalized": [
        0.0,
        0.18999999999999997,
        0.38999999999999996,
        0.59,
        0.7899999999999999,
        0.99,
        1.19,
        1.3900000000000001,
        1.5899999999999999,
        1.7899999999999998,
        1.99
    ],
    "ion_velocity": [
        [
            -1337.5960709642573,
            -66.55568269671643,
            265.58526329995203,
            592.5171676161516,
            3524.754889187182,
            8611.121477729783,
            12372.922557913953,
            15176.169015182946,
            17518.174631344584,
            19470.034569805997,
            21417.3112276735
        ]
    ]
}