{
    "thrust": [
        0.18644498261981668
    ],
    "time": [
        0.001
    ],
    "discharge_current": [
        14.984279528173131
    ],
    "z_normalized": [
        0.0,
        0.18999999999999997,
        0.38999999999999996,
        0.59,
        0.7899999999999999,
        0.99,
        1.19,
        1.3900000000000001,
        1.5899999999999999,
        1.7899999999999998,
        1.99
    ],
    "ion_velocity": [
        [
            -1333.849442572947,
            -59.3974504243173,
            294.61927001868906,
            1034.7175306254503,
            4075.1600814305943,
            7899.3149195446085,
            11679.484243688654,
            14722.72085584377,
            17226.344949821825,
            19293.378406603424,
            21403.306699868597
        ]
    ]
}