{
    "thrust": [
        0.18734566983656745
    ],
    "time": [
        0.001
    ],
    "discharge_current": [
        16.777058301008935
    ],
    "z_normalized": [
        0.0,
        0.18999999999999997,
        0.38999999999999996,
        0.59,
        0.7899999999999999,
        0.99,
        1.19,
        1.3900000000000001,
        1.5899999999999999,
        1.7899999999999998,
        1.99
    ],
    "ion_velocity": [
        [
            -1328.0512480785528,
            -42.19308652689902,
            319.5287367334498,
            1348.2913030105944,
            4436.814240562462,
            8119.307496007583,
            11827.710902726794,
            14816.236175356347,
            17269.087399209282,
            19298.92936092078,
            21387.89015596498
        ]
    ]
}