{
    "thrust": [
        0.14531829667090262
    ],
    "time": [
        0.001
    ],
    "discharge_current": [
        107.11138309121478
    ],
    "z_normalized": [
        0.0,
        0.18999999999999997,
        0.38999999999999996,
        0.59,
        0.7899999999999999,
        0.99,
        1.19,
        1.3900000000000001,
        1.5899999999999999,
        1.7899999999999998,
        1.99
    ],
    "ion_velocity": [
        [
            -2638.8833653663633,
            1817.714934491745,
            2561.6517621242947,
            3930.3498314793346,
            5860.953629854421,
            8199.66530000347,
            12005.347877655018,
            15054.277811348435,
            17639.54823203423,
            19810.351201987884,
            22055.997708620376
        ]
    ]
}