{
    "thrust": [
        0.16713955826314728
    ],
    "time": [
        0.001
    ],
    "discharge_current": [
        55.43740107011211
    ],
    "z_normalized": [
        0.0,
        0.18999999999999997,
        0.38999999999999996,
        0.59,
        0.7899999999999999,
        0.99,
        1.19,
        1.3900000000000001,
        1.5899999999999999,
        1.7899999999999998,
        1.99
    ],
    "ion_velocity": [
        [
            -1973.4916603597353,
            1163.8103714107997,
            2129.428210574057,
            3825.454867528976,
            6401.7952146703365,
            9163.336372977106,
            12451.597283676952,
            15245.77522918529,
            17651.794161364523,
            19667.507257113866,
            21701.21532034006
        ]
    ]
}