{
    "thrust": [
        0.18917191251800436
    ],
    "time": [
        0.001
    ],
    "discharge_current": [
        12.682134830590774
    ],
    "z_normalized": [
        0.0,
        0.18999999999999997,
        0.38999999999999996,
        0.59,
        0.7899999999999999,
        0.99,
        1.19,
        1.3900000000000001,
        1.5899999999999999,
        1.7899999999999998,
        1.99
    ],
    "ion_velocity": [
        [
            -1323.9487844608832,
            -66.6224097466181,
            266.0222190763544,
            630.4502803716347,
            3613.2505088601833,
            8392.003227160254,
            12173.14710566429,
            15038.24194573895,
            17423.262113254463,
            19406.96653956186,
            21395.863643522825
        ]
    ]
}