{
    "thrust": [
        0.18740956890007707
    ],
    "time": [
        0.001
    ],
    "discharge_current": [
        16.336392513787505
    ],
    "z_normalized": [
        0.0,
        0.18999999999999997,
        0.38999999999999996,
        0.59,
        0.7899999999999999,
        0.99,
        1.19,
        1.3900000000000001,
        1.5899999999999999,
        1.7899999999999998,
        1.99
    ],
    "ion_velocity": [
        [
            -1331.4196878459206,
            -48.221107691575455,
            311.29330416795034,
            1251.5933490026061,
            4302.033022560299,
            7991.38118598819,
            11729.626966093143,
            14750.751721921084,
            17230.384276843957,
            19279.441576942227,
            21383.81193255256
        ]
    ]
}