{
    "thrust": [
        0.18774799306963036
    ],
    "time": [
        0.001
    ],
    "discharge_current": [
        13.019225043681944
    ],
    "z_normalized": [
        0.0,
        0.18999999999999997,
        0.38999999999999996,
        0.59,
        0.7899999999999999,
        0.99,
        1.19,
        1.3900000000000001,
        1.5899999999999999,
        1.7899999999999998,
        1.99
    ],
    "ion_velocity": [
        [
            -1343.3824045608496,
            -57.68929341577954,
            277.4186372019792,
            724.1547111698446,
            4223.856751104703,
            8974.17804232646,
            12595.424004851011,
            15320.278181651152,
            17594.54837483813,
            19496.856401903526,
            21408.609169282387
        ]
    ]
}