{
    "thrust": [
        0.18610524285066946
    ],
    "time": [
        0.001
    ],
    "discharge_current": [
        15.399854630359803
    ],
    "z_normalized": [
        0.0,
        0.18999999999999997,
        0.38999999999999996,
        0.59,
        0.7899999999999999,
        0.99,
        1.19,
        1.3900000000000001,
        1.5899999999999999,
        1.7899999999999998,
        1.99
    ],
    "ion_velocity": [
        [
            -1345.102375452293,
            -58.375960406994466,
            297.99219875742284,
            1095.2872110448004,
            4088.957606311209,
            7820.576223396023,
            11608.037829807381,
            14677.951023507067,
            17199.05830154505,
            19277.870325359687,
            21404.80405702275
        ]
    ]
}