{
    "thrust": [
        0.18582010650121122
    ],
    "time": [
        0.001
    ],
    "discharge_current": [
        17.603010267138437
    ],
    "z_normalized": [
        0.0,
        0.18999999999999997,
        0.38999999999999996,
        0.59,
        0.7899999999999999,
        0.99,
        1.19,
        1.3900000000000001,
        1.5899999999999999,
        1.7899999999999998,
        1.99
    ],
    "ion_velocity": [
        [
            -1327.3114074924515,
            -43.54072615769087,
            329.9818464513184,
            1528.9490561096402,
            4658.05587596679,
            8319.82457870281,
            11981.066581738518,
            14919.937951569747,
            17331.26624450622,
            19331.200199472692,
            21397.657231220306
        ]
    ]
}