{
    "thrust": [
        0.19018433763550957
    ],
    "time": [
        0.001
    ],
    "discharge_current": [
        11.561675832421939
    ],
    "z_normalized": [
        0.0,
        0.18999999999999997,
        0.38999999999999996,
        0.59,
        0.7899999999999999,
        0.99,
        1.19,
        1.3900000000000001,
        1.5899999999999999,
        1.7899999999999998,
        1.99
    ],
    "ion_velocity": [
        [
            -1345.1084176419452,
            -63.14787702937712,
            259.05529803351004,
            502.28604564664676,
            3071.998499115083,
            9089.570800862466,
            12816.971048397938,
            15466.47588702904,
            17691.643026114212,
            19555.15006873657,
            21398.777339644847
        ]
    ]
}