{
    "thrust": [
        0.1873092925233393
    ],
    "time": [
        0.001
    ],
    "discharge_current": [
        16.578484137836902
    ],
    "z_normalized": [
        0.0,
        0.18999999999999997,
        0.38999999999999996,
        0.59,
        0.7899999999999999,
        0.99,
        1.19,
        1.3900000000000001,
        1.5899999999999999,
        1.7899999999999998,
        1.99
    ],
    "ion_velocity": [
        [
            -1331.620968882287,
            -44.79940341439696,
            315.92190775621685,
            1307.1308699935416,
            4392.374777903355,
            8086.605873258751,
            11803.779483873297,
            14799.950621164218,
            17259.52855260128,
            19294.278945603826,
            21386.36278700041
        ]
    ]
}