{
    "thrust": [
        0.18678001600654118
    ],
    "time": [
        0.001
    ],
    "discharge_current": [
        15.782311497502862
    ],
    "z_normalized": [
        0.0,
        0.18999999999999997,
        0.38999999999999996,
        0.59,
        0.7899999999999999,
        0.99,
        1.19,
        1.3900000000000001,
        1.5899999999999999,
        1.7899999999999998,
        1.99
    ],
    "ion_velocity": [
        [
            -1325.580716980331,
            -47.06629088767285,
            306.81395714105037,
            1293.1421254482527,
            4889.094834494354,
            8958.476986728994,
            12502.24953498491,
            15252.496528615315,
            17530.258292841518,
            19436.98163827192,
            21388.951669846818
        ]
    ]
}