{
    "thrust": [
        0.1893498044311672
    ],
    "time": [
        0.001
    ],
    "discharge_current": [
        13.119516186335634
    ],
    "z_normalized": [
        0.0,
        0.18999999999999997,
        0.38999999999999996,
        0.59,
        0.7899999999999999,
        0.99,
        1.19,
        1.3900000000000001,
        1.5899999999999999,
        1.7899999999999998,
        1.99
    ],
    "ion_velocity": [
        [
            -1345.1279316415598,
            -48.66757457658281,
            274.1302728449326,
            693.8210579261781,
            3967.0324623202296,
            8634.467277510172,
            12338.699686593616,
            15151.80846281399,
            17494.334875397806,
            19447.010556998615,
            21410.73550247034
        ]
    ]
}