{
    "thrust": [
        0.18717184198426443
    ],
    "time": [
        0.001
    ],
    "discharge_current": [
        16.668715344666936
    ],
    "z_normalized": [
        0.0,
        0.18999999999999997,
        0.38999999999999996,
        0.59,
        0.7899999999999999,
        0.99,
        1.19,
        1.3900000000000001,
        1.5899999999999999,
        1.7899999999999998,
        1.99
    ],
    "ion_velocity": [
        [
            -1348.8462880362306,
            -44.76355669996671,
            316.6212069006819,
            1302.9833084471966,
            4330.203695925146,
            7979.052653198789,
            11715.996722696695,
            14743.28721322603,
            17225.874216557593,
            19276.61247572161,
            21385.8356113415
        ]
    ]
}