{
    "thrust": [
        0.19001537709499788
    ],
    "time": [
        0.001
    ],
    "discharge_current": [
        11.441059225919151
    ],
    "z_normalized": [
        0.0,
        0.18999999999999997,
        0.38999999999999996,
        0.59,
        0.7899999999999999,
        0.99,
        1.19,
        1.3900000000000001,
        1.5899999999999999,
        1.7899999999999998,
        1.99
    ],
    "ion_velocity": [
        [
            -1353.2737175756658,
            -58.885338467766964,
            256.8809478356948,
            491.3221316116533,
            2980.1413412083666,
            9172.304783037594,
            12899.53728324848,
            15536.633466612815,
            17747.452678180747,
            19589.520424191673,
            21403.57180777583
        ]
    ]
}