{
    "thrust": [
        0.188135593394591
    ],
    "time": [
        0.001
    ],
    "discharge_current": [
        14.481834061726135
    ],
    "z_normalized": [
        0.0,
        0.18999999999999997,
        0.38999999999999996,
        0.59,
        0.7899999999999999,
        0.99,
        1.19,
        1.3900000000000001,
        1.5899999999999999,
        1.7899999999999998,
        1.99
    ],
    "ion_velocity": [
        [
            -1329.0120488678162,
            -53.49163516687796,
            292.3376776966644,
            923.2522241701471,
            3947.2322072117654,
            7882.953227288827,
            11679.318460133203,
            14718.028975779636,
            17222.553422844718,
            19291.096732077276,
            21394.440123321874
        ]
    ]
}