{
    "thrust": [
        0.14883449464771592
    ],
    "time": [
        0.001
    ],
    "discharge_current": [
        97.93469351916109
    ],
    "z_normalized": [
        0.0,
        0.18999999999999997,
        0.38999999999999996,
        0.59,
        0.7899999999999999,
        0.99,
        1.19,
        1.3900000000000001,
        1.5899999999999999,
        1.7899999999999998,
        1.99
    ],
    "ion_velocity": [
        [
            -2538.114525276863,
            1734.3767033455058,
            2491.9314522246464,
            3885.6547774864534,
            5878.993830950283,
            8234.211945822346,
            11981.308325081502,
            15019.424958116384,
            17601.772867704214,
            19770.09078266239,
            22001.91890385987
        ]
    ]
}