{
    "thrust": [
        0.1743453700303929
    ],
    "time": [
        0.001
    ],
    "discharge_current": [
        43.41987690276668
    ],
    "z_normalized": [
        0.0,
        0.18999999999999997,
        0.38999999999999996,
        0.59,
        0.7899999999999999,
        0.99,
        1.19,
        1.3900000000000001,
        1.5899999999999999,
        1.7899999999999998,
        1.99
    ],
    "ion_velocity": [
        [
            -1764.306084600104,
            818.2397079512199,
            1875.8963092114334,
            3642.3781352884075,
            6350.007924998235,
            9379.030827830085,
            12561.70868803974,
            15283.661748280672,
            17634.3818035243,
            19597.109789706494,
            21590.321189221784
        ]
    ]
}