{
    "thrust": [
        0.18699548172009461
    ],
    "time": [
        0.001
    ],
    "discharge_current": [
        16.349007371330476
    ],
    "z_normalized": [
        0.0,
        0.18999999999999997,
        0.38999999999999996,
        0.59,
        0.7899999999999999,
        0.99,
        1.19,
        1.3900000000000001,
        1.5899999999999999,
        1.7899999999999998,
        1.99
    ],
    "ion_velocity": [
        [
            -1330.349047500418,
            -43.50422399799632,
            314.5823355428726,
            1344.7488218117996,
            4693.955926911729,
            8573.120862277496,
            12193.754316564275,
            15052.613429874085,
            17409.92648041909,
            19373.067188654764,
            21389.144014645313
        ]
    ]
}