{
    "thrust": [
        0.17495632870236388
    ],
    "time": [
        0.001
    ],
    "discharge_current": [
        42.79937647589916
    ],
    "z_normalized": [
        0.0,
        0.18999999999999997,
        0.38999999999999996,
        0.59,
        0.7899999999999999,
        0.99,
        1.19,
        1.3900000000000001,
        1.5899999999999999,
        1.7899999999999998,
        1.99
    ],
    "ion_velocity": [
        [
            -1750.9650298837792,
            787.0187190931729,
            1834.296328150716,
            3565.8274302974405,
            6220.330702757501,
            9243.307015858974,
            12446.691317389987,
            15200.816330672918,
            17579.964442273787,
            19566.063249697218,
            21582.404588441284
        ]
    ]
}