{
    "thrust": [
        0.1872629837315889
    ],
    "time": [
        0.001
    ],
    "discharge_current": [
        16.08536948315046
    ],
    "z_normalized": [
        0.0,
        0.18999999999999997,
        0.38999999999999996,
        0.59,
        0.7899999999999999,
        0.99,
        1.19,
        1.3900000000000001,
        1.5899999999999999,
        1.7899999999999998,
        1.99
    ],
    "ion_velocity": [
        [
            -1332.7307621534685,
            -52.38465237546515,
            307.6004831127685,
            1199.1494122037209,
            4208.303391742338,
            7889.166685571044,
            11649.611263824205,
            14698.247981581146,
            17199.896725583123,
            19264.64537330801,
            21382.696648057954
        ]
    ]
}