{
    "thrust": [
        0.18793345596386424
    ],
    "time": [
        0.001
    ],
    "discharge_current": [
        13.41943743644984
    ],
    "z_normalized": [
        0.0,
        0.18999999999999997,
        0.38999999999999996,
        0.59,
        0.7899999999999999,
        0.99,
        1.19,
        1.3900000000000001,
        1.5899999999999999,
        1.7899999999999998,
        1.99
    ],
    "ion_velocity": [
        [
            -1360.387844293161,
            -59.66648574502163,
            280.47499479648883,
            760.7000957343074,
            3965.3234800639857,
            8376.534531338011,
            12113.784035513669,
            15001.986104994465,
            17399.547719250153,
            19392.05153046925,
            21401.984330538697
        ]
    ]
}