{
    "thrust": [
        0.19038976875079403
    ],
    "time": [
        0.001
    ],
    "discharge_current": [
        10.670734556695713
    ],
    "z_normalized": [
        0.0,
        0.18999999999999997,
        0.38999999999999996,
        0.59,
        0.7899999999999999,
        0.99,
        1.19,
        1.3900000000000001,
        1.5899999999999999,
        1.7899999999999998,
        1.99
    ],
    "ion_velocity": [
        [
            -1359.9427058993604,
            -60.294716026297245,
            256.03724156889297,
            431.18248524091604,
            2010.7189962306097,
            9160.486031078279,
            13023.211499568099,
            15603.94821804235,
            17790.012537736035,
            19613.19259527075,
            21398.59465124889
        ]
    ]
}