{
    "thrust": [
        0.14876204366595033
    ],
    "time": [
        0.001
    ],
    "discharge_current": [
        97.5823711501395
    ],
    "z_normalized": [
        0.0,
        0.18999999999999997,
        0.38999999999999996,
        0.59,
        0.7899999999999999,
        0.99,
        1.19,
        1.3900000000000001,
        1.5899999999999999,
        1.7899999999999998,
        1.99
    ],
    "ion_velocity": [
        [
            -2535.530358431059,
            1728.0906508417772,
            2505.0644724485824,
            3936.1328371443506,
            5969.565110527973,
            8362.912954055695,
            12089.18408379983,
            15096.732966156993,
            17651.197160805754,
            19795.502103857783,
            22002.855899828694
        ]
    ]
}