{
    "thrust": [
        0.16180573871285073
    ],
    "time": [
        0.001
    ],
    "discharge_current": [
        68.56184438799033
    ],
    "z_normalized": [
        0.0,
        0.18999999999999997,
        0.38999999999999996,
        0.59,
        0.7899999999999999,
        0.99,
        1.19,
        1.3900000000000001,
        1.5899999999999999,
        1.7899999999999998,
        1.99
    ],
    "ion_velocity": [
        [
            -2171.479757641032,
            1423.4490578987645,
            2257.8906718325015,
            3752.184265424779,
            5999.907267389229,
            8500.996371350135,
            11988.190237203678,
            14954.74869704459,
            17501.160038916758,
            19638.489040886463,
            21800.754939199054
        ]
    ]
}