{
    "thrust": [
        0.1858775991414542
    ],
    "time": [
        0.001
    ],
    "discharge_current": [
        24.712734141516723
    ],
    "z_normalized": [
        0.0,
        0.18999999999999997,
        0.38999999999999996,
        0.59,
        0.7899999999999999,
        0.99,
        1.19,
        1.3900000000000001,
        1.5899999999999999,
        1.7899999999999998,
        1.99
    ],
    "ion_velocity": [
        [
            -1238.7198200173443,
            -81.62944544244826,
            1220.1669667525116,
            2985.6447435199834,
            5452.966504831484,
            8510.915419900008,
            12006.889287685743,
            14907.412649261003,
            17269.854217870256,
            19232.362345788315,
            21301.30346067615
        ]
    ]
}