{
    "thrust": [
        0.20057758300777798
    ],
    "time": [
        0.001
    ],
    "discharge_current": [
        16.81356749003877
    ],
    "z_normalized": [
        0.0,
        0.18999999999999997,
        0.38999999999999996,
        0.59,
        0.7899999999999999,
        0.99,
        1.19,
        1.3900000000000001,
        1.5899999999999999,
        1.7899999999999998,
        1.99
    ],
    "ion_velocity": [
        [
            -1444.3559776272064,
            -18.483025486156677,
            701.1733357303511,
            2522.0672740012656,
            5075.525568556415,
            8198.871857574593,
            11745.410540909967,
            14758.199074588116,
            17233.0926899736,
            19278.359713345795,
            21384.90645488366
        ]
    ]
}