{
    "thrust": [
        0.20630095857511102
    ],
    "time": [
        0.001
    ],
    "discharge_current": [
        15.434794561643791
    ],
    "z_normalized": [
        0.0,
        0.18999999999999997,
        0.38999999999999996,
        0.59,
        0.7899999999999999,
        0.99,
        1.19,
        1.3900000000000001,
        1.5899999999999999,
        1.7899999999999998,
        1.99
    ],
    "ion_velocity": [
        [
            -1392.930102412427,
            -3.130880579376089,
            521.9153317318031,
            2174.930260274768,
            4787.0384616552365,
            7950.304389133129,
            11535.593484639952,
            14600.428766570236,
            17124.935681231174,
            19207.624754921755,
            21337.082742456256
        ]
    ]
}