{
    "thrust": [
        0.17365142314727106
    ],
    "time": [
        0.001
    ],
    "discharge_current": [
        45.74319246941753
    ],
    "z_normalized": [
        0.0,
        0.18999999999999997,
        0.38999999999999996,
        0.59,
        0.7899999999999999,
        0.99,
        1.19,
        1.3900000000000001,
        1.5899999999999999,
        1.7899999999999998,
        1.99
    ],
    "ion_velocity": [
        [
            -1811.7579977377982,
            1027.9782273394367,
            2000.8066242709936,
            3567.003820641063,
            5960.807805735698,
            8795.954034497923,
            12071.548947543166,
            14945.104120153987,
            17430.00423298445,
            19508.103673530448,
            21605.95406210989
        ]
    ]
}