{
    "thrust": [
        0.19639233401726877
    ],
    "time": [
        0.001
    ],
    "discharge_current": [
        17.5204946071513
    ],
    "z_normalized": [
        0.0,
        0.18999999999999997,
        0.38999999999999996,
        0.59,
        0.7899999999999999,
        0.99,
        1.19,
        1.3900000000000001,
        1.5899999999999999,
        1.7899999999999998,
        1.99
    ],
    "ion_velocity": [
        [
            -1476.7434394194183,
            -29.280616840417387,
            791.0228973656574,
            2641.2501321087398,
            5178.128085867132,
            8294.430763926614,
            11834.364876959715,
            14830.899344428643,
            17288.872158776292,
            19320.946070709302,
            21422.334384776812
        ]
    ]
}