{
    "thrust": [
        0.15936481719268214
    ],
    "time": [
        0.001
    ],
    "discharge_current": [
        74.66991218268011
    ],
    "z_normalized": [
        0.0,
        0.18999999999999997,
        0.38999999999999996,
        0.59,
        0.7899999999999999,
        0.99,
        1.19,
        1.3900000000000001,
        1.5899999999999999,
        1.7899999999999998,
        1.99
    ],
    "ion_velocity": [
        [
            -2254.7633415382406,
            1501.2925250511696,
            2314.9022107215496,
            3791.2617480051167,
            5990.445727772772,
            8447.976152627556,
            11992.343107265482,
            14973.981364412088,
            17527.311668207647,
            19670.721029153603,
            21846.603001246094
        ]
    ]
}