{
    "thrust": [
        0.1454118823944593
    ],
    "time": [
        0.001
    ],
    "discharge_current": [
        106.48887069730395
    ],
    "z_normalized": [
        0.0,
        0.18999999999999997,
        0.38999999999999996,
        0.59,
        0.7899999999999999,
        0.99,
        1.19,
        1.3900000000000001,
        1.5899999999999999,
        1.7899999999999998,
        1.99
    ],
    "ion_velocity": [
        [
            -2634.4361422474512,
            1818.3578267539024,
            2574.8626146104734,
            3966.6529744986274,
            5926.207736062085,
            8294.214374332369,
            12083.126230988664,
            15109.456268598306,
            17674.180886377482,
            19827.23165902444,
            22054.658082236023
        ]
    ]
}