{
    "thrust": [
        0.19996033114309877
    ],
    "time": [
        0.001
    ],
    "discharge_current": [
        14.647744020642271
    ],
    "z_normalized": [
        0.0,
        0.18999999999999997,
        0.38999999999999996,
        0.59,
        0.7899999999999999,
        0.99,
        1.19,
        1.3900000000000001,
        1.5899999999999999,
        1.7899999999999998,
        1.99
    ],
    "ion_velocity": [
        [
            -1448.4789796660762,
            9.181919621854396,
            492.2384796172197,
            2092.8466926804244,
            4718.900074193783,
            7896.446443881439,
            11492.557280954023,
            14569.856658851251,
            17105.498711210406,
            19196.196086486954,
            21330.040677640885
        ]
    ]
}