{
    "thrust": [
        0.14453738464538424
    ],
    "time": [
        0.001
    ],
    "discharge_current": [
        109.09099089239866
    ],
    "z_normalized": [
        0.0,
        0.18999999999999997,
        0.38999999999999996,
        0.59,
        0.7899999999999999,
        0.99,
        1.19,
        1.3900000000000001,
        1.5899999999999999,
        1.7899999999999998,
        1.99
    ],
    "ion_velocity": [
        [
            -2660.4747277854467,
            1840.706475877157,
            2594.2521128944572,
            3980.2660252857036,
            5922.109713558761,
            8287.327434969719,
            12091.198494663991,
            15119.626526300663,
            17684.467859757347,
            19837.616092083652,
            22068.07971005828
        ]
    ]
}