{
    "thrust": [
        0.14518252420559466
    ],
    "time": [
        0.001
    ],
    "discharge_current": [
        107.15021402090332
    ],
    "z_normalized": [
        0.0,
        0.18999999999999997,
        0.38999999999999996,
        0.59,
        0.7899999999999999,
        0.99,
        1.19,
        1.3900000000000001,
        1.5899999999999999,
        1.7899999999999998,
        1.99
    ],
    "ion_velocity": [
        [
            -2641.216640861654,
            1824.1417472026283,
            2579.8679496864856,
            3970.1476308279834,
            5925.292013206646,
            8292.5855306219,
            12085.34181104594,
            15112.198235760048,
            17676.935769318978,
            19829.995775971343,
            22058.194970993813
        ]
    ]
}