{
    "thrust": [
        0.16741022837833336
    ],
    "time": [
        0.001
    ],
    "discharge_current": [
        56.347427210417266
    ],
    "z_normalized": [
        0.0,
        0.18999999999999997,
        0.38999999999999996,
        0.59,
        0.7899999999999999,
        0.99,
        1.19,
        1.3900000000000001,
        1.5899999999999999,
        1.7899999999999998,
        1.99
    ],
    "ion_velocity": [
        [
            -1989.151273888934,
            1240.346098936686,
            2131.835681811192,
            3663.778136639532,
            5994.875021614088,
            8642.612069759687,
            12009.232649596375,
            14933.955453448467,
            17456.32855152927,
            19571.51421954181,
            21701.730662436672
        ]
    ]
}