{
    "thrust": [
        0.2007372689988124
    ],
    "time": [
        0.001
    ],
    "discharge_current": [
        16.78937486534238
    ],
    "z_normalized": [
        0.0,
        0.18999999999999997,
        0.38999999999999996,
        0.59,
        0.7899999999999999,
        0.99,
        1.19,
        1.3900000000000001,
        1.5899999999999999,
        1.7899999999999998,
        1.99
    ],
    "ion_velocity": [
        [
            -1425.9785382954192,
            -18.380363620681706,
            700.4760060393882,
            2521.065762739836,
            5074.671709514384,
            8198.094196503973,
            11744.714768306318,
            14757.639699408597,
            17232.663548999677,
            19278.02952262252,
            21384.621622373324
        ]
    ]
}