{
    "thrust": [
        0.1777144832260739
    ],
    "time": [
        0.001
    ],
    "discharge_current": [
        40.35400102695137
    ],
    "z_normalized": [
        0.0,
        0.18999999999999997,
        0.38999999999999996,
        0.59,
        0.7899999999999999,
        0.99,
        1.19,
        1.3900000000000001,
        1.5899999999999999,
        1.7899999999999998,
        1.99
    ],
    "ion_velocity": [
        [
            -1712.8234713165082,
            868.7123435910978,
            1916.0873091522149,
            3500.118473505765,
            5920.938946881773,
            8860.320221012327,
            12123.68221078919,
            14967.359980939482,
            17423.762289517636,
            19472.120861356605,
            21552.925379316548
        ]
    ]
}