{
    "thrust": [
        0.16429974141076176
    ],
    "time": [
        0.001
    ],
    "discharge_current": [
        62.92631406498891
    ],
    "z_normalized": [
        0.0,
        0.18999999999999997,
        0.38999999999999996,
        0.59,
        0.7899999999999999,
        0.99,
        1.19,
        1.3900000000000001,
        1.5899999999999999,
        1.7899999999999998,
        1.99
    ],
    "ion_velocity": [
        [
            -2088.6646263153534,
            1342.9080415300377,
            2201.262916723853,
            3712.9326392590615,
            6002.354054067886,
            8559.189703391483,
            11990.678810947506,
            14940.060987623594,
            17477.413998893895,
            19606.498434174675,
            21755.391843394013
        ]
    ]
}