{
    "thrust": [
        0.18763344288983444
    ],
    "time": [
        0.001
    ],
    "discharge_current": [
        20.788881830456948
    ],
    "z_normalized": [
        0.0,
        0.18999999999999997,
        0.38999999999999996,
        0.59,
        0.7899999999999999,
        0.99,
        1.19,
        1.3900000000000001,
        1.5899999999999999,
        1.7899999999999998,
        1.99
    ],
    "ion_velocity": [
        [
            -1364.8865929709245,
            -48.470637462459536,
            1064.189790398116,
            2884.7132603509813,
            5376.448205905236,
            8459.646927383052,
            11974.409923588582,
            14916.037032570744,
            17318.852549227195,
            19310.168696241384,
            21393.773000883884
        ]
    ]
}