{
    "thrust": [
        0.20573973062967502
    ],
    "time": [
        0.001
    ],
    "discharge_current": [
        15.038998192916704
    ],
    "z_normalized": [
        0.0,
        0.18999999999999997,
        0.38999999999999996,
        0.59,
        0.7899999999999999,
        0.99,
        1.19,
        1.3900000000000001,
        1.5899999999999999,
        1.7899999999999998,
        1.99
    ],
    "ion_velocity": [
        [
            -1430.6240080648595,
            9.446257877262381,
            486.63105686397205,
            2067.6596305143707,
            4692.234321089642,
            7869.423323977088,
            11469.102999287476,
            14550.619830404908,
            17090.60826559851,
            19185.120392553443,
            21323.361922185835
        ]
    ]
}