{
    "thrust": [
        0.14574188694870907
    ],
    "time": [
        0.001
    ],
    "discharge_current": [
        105.56637971068649
    ],
    "z_normalized": [
        0.0,
        0.18999999999999997,
        0.38999999999999996,
        0.59,
        0.7899999999999999,
        0.99,
        1.19,
        1.3900000000000001,
        1.5899999999999999,
        1.7899999999999998,
        1.99
    ],
    "ion_velocity": [
        [
            -2624.745629334013,
            1810.1643681188125,
            2567.792521233928,
            3961.7508675483837,
            5927.289919931357,
            8296.296093588035,
            12079.799295299446,
            15105.40504124624,
            17670.133839298498,
            19823.192205745883,
            22049.540988527704
        ]
    ]
}