{
    "thrust": [
        0.0640372916245714
    ],
    "time": [
        0.001
    ],
    "discharge_current": [
        7.858305500633462
    ],
    "z_normalized": [
        0.0,
        0.18999999999999997,
        0.38999999999999996,
        0.59,
        0.7899999999999999,
        0.99,
        1.19,
        1.3900000000000001,
        1.5899999999999999,
        1.7899999999999998,
        1.99
    ],
    "ion_velocity": [
        [
            -713.2351184874199,
            367.0884787305403,
            853.9259387419875,
            1288.439202492714,
            1525.4318483230215,
            2557.587378415852,
            4919.645458206957,
            7475.382375430587,
            9477.842476923186,
            11825.546243601086,
            14124.505531377185
        ]
    ]
}