{
    "thrust": [
        0.1439555565777467
    ],
    "time": [
        0.001
    ],
    "discharge_current": [
        109.93304475743336
    ],
    "z_normalized": [
        0.0,
        0.18999999999999997,
        0.38999999999999996,
        0.59,
        0.7899999999999999,
        0.99,
        1.19,
        1.3900000000000001,
        1.5899999999999999,
        1.7899999999999998,
        1.99
    ],
    "ion_velocity": [
        [
            -2673.8407254837134,
            1857.1525028980836,
            2636.1070801049773,
            4068.4986564454052,
            6067.516859243827,
            8466.78290604039,
            12223.529552247819,
            15216.171875815115,
            17748.451407925586,
            19873.694204114447,
            22077.65981651102
        ]
    ]
}