{
    "thrust": [
        0.18678943982478372
    ],
    "time": [
        0.001
    ],
    "discharge_current": [
        24.493794407187856
    ],
    "z_normalized": [
        0.0,
        0.18999999999999997,
        0.38999999999999996,
        0.59,
        0.7899999999999999,
        0.99,
        1.19,
        1.3900000000000001,
        1.5899999999999999,
        1.7899999999999998,
        1.99
    ],
    "ion_velocity": [
        [
            -1306.8875342963238,
            -62.568879212951636,
            398.60445589205665,
            1172.6627441844023,
            2025.6216568414163,
            3903.178827623781,
            8358.420903054197,
            12625.16337537441,
            15950.194216357688,
            18624.76911149214,
            21360.312165571115
        ]
    ]
}