{
    "thrust": [
        0.18046889018383083
    ],
    "time": [
        0.001
    ],
    "discharge_current": [
        39.691153740455555
    ],
    "z_normalized": [
        0.0,
        0.18999999999999997,
        0.38999999999999996,
        0.59,
        0.7899999999999999,
        0.99,
        1.19,
        1.3900000000000001,
        1.5899999999999999,
        1.7899999999999998,
        1.99
    ],
    "ion_velocity": [
        [
            -1672.6757947679403,
            564.495759000375,
            1166.2303117908784,
            1785.9930226444185,
            2669.285181480511,
            4546.2958937924295,
            8876.17500248669,
            12738.347455926729,
            16036.736716432968,
            18791.435326177147,
            21521.115301888974
        ]
    ]
}