{
    "thrust": [
        0.14687781829165242
    ],
    "time": [
        0.001
    ],
    "discharge_current": [
        100.5130390003588
    ],
    "z_normalized": [
        0.0,
        0.18999999999999997,
        0.38999999999999996,
        0.59,
        0.7899999999999999,
        0.99,
        1.19,
        1.3900000000000001,
        1.5899999999999999,
        1.7899999999999998,
        1.99
    ],
    "ion_velocity": [
        [
            -2580.469369153479,
            1786.5238552072913,
            2621.791850427244,
            4160.0599941725295,
            6309.53808394529,
            8823.846781892904,
            12480.537914909106,
            15384.514929452489,
            17842.3603296959,
            19903.63455846767,
            22032.563304586412
        ]
    ]
}