{
    "thrust": [
        0.18277747827250707
    ],
    "time": [
        0.001
    ],
    "discharge_current": [
        37.35652883659255
    ],
    "z_normalized": [
        0.0,
        0.18999999999999997,
        0.38999999999999996,
        0.59,
        0.7899999999999999,
        0.99,
        1.19,
        1.3900000000000001,
        1.5899999999999999,
        1.7899999999999998,
        1.99
    ],
    "ion_velocity": [
        [
            -1618.1985952581244,
            420.8638882611101,
            1124.4880766898336,
            1789.9262237213068,
            2720.528197773499,
            4632.539396570398,
            8961.48623185105,
            12806.946108707049,
            16071.068522234866,
            18790.903464959094,
            21491.250320011433
        ]
    ]
}