{
    "thrust": [
        0.18706461526367688
    ],
    "time": [
        0.001
    ],
    "discharge_current": [
        26.517165404173934
    ],
    "z_normalized": [
        0.0,
        0.18999999999999997,
        0.38999999999999996,
        0.59,
        0.7899999999999999,
        0.99,
        1.19,
        1.3900000000000001,
        1.5899999999999999,
        1.7899999999999998,
        1.99
    ],
    "ion_velocity": [
        [
            -1240.119588561628,
            -81.68583618593134,
            474.3186789283788,
            1407.8139358966528,
            2416.925237389987,
            4392.0157362364735,
            8771.93154437831,
            12828.61157709987,
            16033.248108967176,
            18637.304438305735,
            21294.914462826382
        ]
    ]
}