{
    "thrust": [
        0.1883616458254434
    ],
    "discharge_current": [
        12.688635181929358
    ],
    "time": [
        0.001
    ],
    "z_normalized": [
        0.0,
        0.18999999999999997,
        0.38999999999999996,
        0.59,
        0.7899999999999999,
        0.99,
        1.19,
        1.3900000000000001,
        1.5899999999999999,
        1.7899999999999998,
        1.99
    ],
    "ion_velocity": [
        [
            -1335.6617052222546,
            -40.54631821675771,
            265.27353446243245,
            486.2676839719764,
            1032.8655297303421,
            6668.339025456732,
            16804.396287055904,
            18885.36887135798,
            19840.492640369117,
            20660.92816808026,
            21455.97896763645
        ]
    ]
}