{
    "thrust": [
        0.15259324257868728
    ],
    "time": [
        0.001
    ],
    "discharge_current": [
        89.71470333716842
    ],
    "z_normalized": [
        0.0,
        0.18999999999999997,
        0.38999999999999996,
        0.59,
        0.7899999999999999,
        0.99,
        1.19,
        1.3900000000000001,
        1.5899999999999999,
        1.7899999999999998,
        1.99
    ],
    "ion_velocity": [
        [
            -2438.287844021211,
            1646.3561414068777,
            2400.1822348140563,
            3784.072609507004,
            5800.137122525107,
            8135.831325120771,
            11841.169094491506,
            14900.707538966186,
            17510.284761537947,
            19702.159651390866,
            21945.8804346123
        ]
    ]
}