{
    "thrust": [
        0.14443388368392926
    ],
    "time": [
        0.001
    ],
    "discharge_current": [
        109.54127473306576
    ],
    "z_normalized": [
        0.0,
        0.18999999999999997,
        0.38999999999999996,
        0.59,
        0.7899999999999999,
        0.99,
        1.19,
        1.3900000000000001,
        1.5899999999999999,
        1.7899999999999998,
        1.99
    ],
    "ion_velocity": [
        [
            -2664.433096322655,
            1841.3367082757359,
            2587.8019490888873,
            3960.800096519489,
            5886.860123707739,
            8235.679601361922,
            12049.10931446454,
            15090.053978568758,
            17666.216252115246,
            19829.153781662757,
            22069.763404835074
        ]
    ]
}