{
    "thrust": [
        0.19763957396213236
    ],
    "time": [
        0.001
    ],
    "discharge_current": [
        17.320856081148065
    ],
    "z_normalized": [
        0.0,
        0.18999999999999997,
        0.38999999999999996,
        0.59,
        0.7899999999999999,
        0.99,
        1.19,
        1.3900000000000001,
        1.5899999999999999,
        1.7899999999999998,
        1.99
    ],
    "ion_velocity": [
        [
            -1473.387924094949,
            -26.304749369256264,
            749.0940834411128,
            2569.5053440391466,
            5075.588312376165,
            8165.520693590974,
            11725.331535005194,
            14756.06536513964,
            17241.088686385465,
            19292.43272925068,
            21411.317592692423
        ]
    ]
}