{
    "thrust": [
        0.2067560943657179
    ],
    "time": [
        0.001
    ],
    "discharge_current": [
        15.312672623478603
    ],
    "z_normalized": [
        0.0,
        0.18999999999999997,
        0.38999999999999996,
        0.59,
        0.7899999999999999,
        0.99,
        1.19,
        1.3900000000000001,
        1.5899999999999999,
        1.7899999999999998,
        1.99
    ],
    "ion_velocity": [
        [
            -1428.5858506171367,
            2.3491983432828034,
            498.6425950297295,
            2096.238892112202,
            4689.863068035646,
            7838.983585621744,
            11443.242583759042,
            14537.566440032871,
            17085.88187334749,
            19185.86630975122,
            21331.51235104946
        ]
    ]
}