{
    "thrust": [
        0.1751152624143575
    ],
    "time": [
        0.001
    ],
    "discharge_current": [
        43.82736560001791
    ],
    "z_normalized": [
        0.0,
        0.18999999999999997,
        0.38999999999999996,
        0.59,
        0.7899999999999999,
        0.99,
        1.19,
        1.3900000000000001,
        1.5899999999999999,
        1.7899999999999998,
        1.99
    ],
    "ion_velocity": [
        [
            -1775.7756438970043,
            967.3101941198621,
            1943.7765202771982,
            3477.8393212569504,
            5822.271346516269,
            8664.009689038128,
            11957.211326764691,
            14859.761211841102,
            17370.084116580932,
            19467.914536896587,
            21585.982853244685
        ]
    ]
}