{
    "thrust": [
        0.1844529435919001
    ],
    "time": [
        0.001
    ],
    "discharge_current": [
        32.19360165012028
    ],
    "z_normalized": [
        0.0,
        0.18999999999999997,
        0.38999999999999996,
        0.59,
        0.7899999999999999,
        0.99,
        1.19,
        1.3900000000000001,
        1.5899999999999999,
        1.7899999999999998,
        1.99
    ],
    "ion_velocity": [
        [
            -1517.2685990408222,
            371.59300344049484,
            1678.0804420648853,
            3298.2964007045944,
            5734.495988828046,
            8756.40019943802,
            12150.103763346198,
            14974.021749020361,
            17381.122493826446,
            19376.625778113812,
            21446.970603599435
        ]
    ]
}