{
    "thrust": [
        0.14827931000003183
    ],
    "time": [
        0.001
    ],
    "discharge_current": [
        99.3923301328133
    ],
    "z_normalized": [
        0.0,
        0.18999999999999997,
        0.38999999999999996,
        0.59,
        0.7899999999999999,
        0.99,
        1.19,
        1.3900000000000001,
        1.5899999999999999,
        1.7899999999999998,
        1.99
    ],
    "ion_velocity": [
        [
            -2554.0755949081386,
            1746.362915702433,
            2498.5067886825227,
            3882.39588521079,
            5858.479322416045,
            8203.50232305914,
            11964.049829734951,
            15009.858710322129,
            17598.1161314864,
            19771.513035411925,
            22010.293326163704
        ]
    ]
}