{
    "thrust": [
        0.1947221617472038
    ],
    "time": [
        0.001
    ],
    "discharge_current": [
        18.049754472648345
    ],
    "z_normalized": [
        0.0,
        0.18999999999999997,
        0.38999999999999996,
        0.59,
        0.7899999999999999,
        0.99,
        1.19,
        1.3900000000000001,
        1.5899999999999999,
        1.7899999999999998,
        1.99
    ],
    "ion_velocity": [
        [
            -1441.5621239877612,
            -27.848216137192377,
            847.8178650357758,
            2684.3235395253614,
            5185.686203266416,
            8274.600788983198,
            11815.60960484641,
            14814.721235134451,
            17271.622953312173,
            19302.465194416487,
            21407.01717906979
        ]
    ]
}