{
    "thrust": [
        0.1724702434141484
    ],
    "time": [
        0.001
    ],
    "discharge_current": [
        47.675497515490335
    ],
    "z_normalized": [
        0.0,
        0.18999999999999997,
        0.38999999999999996,
        0.59,
        0.7899999999999999,
        0.99,
        1.19,
        1.3900000000000001,
        1.5899999999999999,
        1.7899999999999998,
        1.99
    ],
    "ion_velocity": [
        [
            -1844.5005057850942,
            1065.8012414576367,
            2001.894422180343,
            3527.755317843077,
            5858.444602937299,
            8630.538519886277,
            11939.93607912862,
            14858.348378384819,
            17382.30341433568,
            19495.042841500337,
            21622.993170894337
        ]
    ]
}