{
    "thrust": [
        0.20235068288726585
    ],
    "time": [
        0.001
    ],
    "discharge_current": [
        16.42293247473417
    ],
    "z_normalized": [
        0.0,
        0.18999999999999997,
        0.38999999999999996,
        0.59,
        0.7899999999999999,
        0.99,
        1.19,
        1.3900000000000001,
        1.5899999999999999,
        1.7899999999999998,
        1.99
    ],
    "ion_velocity": [
        [
            -1387.1340643394885,
            -14.688048184219436,
            647.7399722691969,
            2436.478855080104,
            4994.434521076622,
            8118.12048627897,
            11675.016507539998,
            14704.875789811776,
            17195.17605525204,
            19251.966191842257,
            21366.257391941315
        ]
    ]
}