{
    "thrust": [
        0.20617775235785077
    ],
    "time": [
        0.001
    ],
    "discharge_current": [
        15.454313913507873
    ],
    "z_normalized": [
        0.0,
        0.18999999999999997,
        0.38999999999999996,
        0.59,
        0.7899999999999999,
        0.99,
        1.19,
        1.3900000000000001,
        1.5899999999999999,
        1.7899999999999998,
        1.99
    ],
    "ion_velocity": [
        [
            -1408.9024811875788,
            -3.3309169710402493,
            522.9400273413281,
            2178.277263397664,
            4789.607666006366,
            7952.014969674205,
            11536.760311718333,
            14601.102618539977,
            17125.138625642292,
            19207.505625562146,
            21336.859765000812
        ]
    ]
}