{
    "thrust": [
        0.20654835557256251
    ],
    "time": [
        0.001
    ],
    "discharge_current": [
        15.172411143062495
    ],
    "z_normalized": [
        0.0,
        0.18999999999999997,
        0.38999999999999996,
        0.59,
        0.7899999999999999,
        0.99,
        1.19,
        1.3900000000000001,
        1.5899999999999999,
        1.7899999999999998,
        1.99
    ],
    "ion_velocity": [
        [
            -1448.9401074821442,
            7.369838230045285,
            494.1426640254538,
            2087.679886247354,
            4710.579465831319,
            7885.016082108389,
            11481.811571178863,
            14560.140740674366,
            17097.1131826601,
            19189.27347530696,
            21325.66836747367
        ]
    ]
}