{
    "thrust": [
        0.17458176093216177
    ],
    "time": [
        0.001
    ],
    "discharge_current": [
        44.57010334005054
    ],
    "z_normalized": [
        0.0,
        0.18999999999999997,
        0.38999999999999996,
        0.59,
        0.7899999999999999,
        0.99,
        1.19,
        1.3900000000000001,
        1.5899999999999999,
        1.7899999999999998,
        1.99
    ],
    "ion_velocity": [
        [
            -1789.156811792726,
            988.4203036559495,
            1957.7466253448679,
            3493.288370196751,
            5840.051485066661,
            8671.007829543512,
            11962.87909720774,
            14865.391866486068,
            17375.96688435572,
            19474.75609506164,
            21593.149400839804
        ]
    ]
}