{
    "thrust": [
        0.2059078289310099
    ],
    "time": [
        0.001
    ],
    "discharge_current": [
        15.533947952209544
    ],
    "z_normalized": [
        0.0,
        0.18999999999999997,
        0.38999999999999996,
        0.59,
        0.7899999999999999,
        0.99,
        1.19,
        1.3900000000000001,
        1.5899999999999999,
        1.7899999999999998,
        1.99
    ],
    "ion_velocity": [
        [
            -1428.5906516559169,
            -5.461661866142639,
            529.1234051099706,
            2196.2252046434296,
            4804.131161353705,
            7963.7586120030455,
            11546.648129121757,
            14608.83402358988,
            17130.7128826088,
            19211.397486993657,
            21339.69057886275
        ]
    ]
}