{
    "thrust": [
        0.14430946392459457
    ],
    "time": [
        0.001
    ],
    "discharge_current": [
        109.87347746085523
    ],
    "z_normalized": [
        0.0,
        0.18999999999999997,
        0.38999999999999996,
        0.59,
        0.7899999999999999,
        0.99,
        1.19,
        1.3900000000000001,
        1.5899999999999999,
        1.7899999999999998,
        1.99
    ],
    "ion_velocity": [
        [
            -2667.812932245756,
            1845.4214286415856,
            2594.3489617729406,
            3971.802217802821,
            5900.941114862303,
            8256.32709102438,
            12068.746941450405,
            15104.724155611853,
            17676.039303116657,
            19834.785034512326,
            22071.62119552754
        ]
    ]
}