{
    "thrust": [
        0.19330814328963317
    ],
    "time": [
        0.001
    ],
    "discharge_current": [
        18.767764192926155
    ],
    "z_normalized": [
        0.0,
        0.18999999999999997,
        0.38999999999999996,
        0.59,
        0.7899999999999999,
        0.99,
        1.19,
        1.3900000000000001,
        1.5899999999999999,
        1.7899999999999998,
        1.99
    ],
    "ion_velocity": [
        [
            -1405.1582393346898,
            -26.255743643388104,
            914.7799644916513,
            2729.827548119748,
            5194.598858098314,
            8255.12168613929,
            11797.650229721059,
            14798.773585098621,
            17253.83155026808,
            19282.880813451517,
            21390.834702899065
        ]
    ]
}