{
    "thrust": [
        0.1437117908471051
    ],
    "time": [
        0.001
    ],
    "discharge_current": [
        111.32050839595576
    ],
    "z_normalized": [
        0.0,
        0.18999999999999997,
        0.38999999999999996,
        0.59,
        0.7899999999999999,
        0.99,
        1.19,
        1.3900000000000001,
        1.5899999999999999,
        1.7899999999999998,
        1.99
    ],
    "ion_velocity": [
        [
            -2684.93313176457,
            1859.9684878079067,
            2610.7155050653637,
            3991.099094132766,
            5922.1061120767135,
            8284.869696236734,
            12100.749241956119,
            15130.771404436402,
            17695.55136412467,
            19848.64805629083,
            22081.552829282016
        ]
    ]
}