{
    "thrust": [
        0.17644673821154302
    ],
    "time": [
        0.001
    ],
    "discharge_current": [
        41.91366629064702
    ],
    "z_normalized": [
        0.0,
        0.18999999999999997,
        0.38999999999999996,
        0.59,
        0.7899999999999999,
        0.99,
        1.19,
        1.3900000000000001,
        1.5899999999999999,
        1.7899999999999998,
        1.99
    ],
    "ion_velocity": [
        [
            -1742.180089251375,
            920.6906287056373,
            1942.597658866044,
            3521.367825152451,
            5934.886407575459,
            8845.51032205098,
            12107.071383034698,
            14959.272480598067,
            17424.60662304878,
            19482.457728445814,
            21568.58439311145
        ]
    ]
}