{
    "thrust": [
        0.19574713497278612
    ],
    "time": [
        0.001
    ],
    "discharge_current": [
        17.65389802200479
    ],
    "z_normalized": [
        0.0,
        0.18999999999999997,
        0.38999999999999996,
        0.59,
        0.7899999999999999,
        0.99,
        1.19,
        1.3900000000000001,
        1.5899999999999999,
        1.7899999999999998,
        1.99
    ],
    "ion_velocity": [
        [
            -1485.60098366293,
            -29.956558697460686,
            807.3600802995797,
            2659.4775733135148,
            5193.639531952276,
            8308.373009192586,
            11846.776778981834,
            14840.327431493104,
            17295.353472699564,
            19325.21452958598,
            21425.690459153593
        ]
    ]
}