{
    "thrust": [
        0.14675718273560318
    ],
    "time": [
        0.001
    ],
    "discharge_current": [
        102.90837852716874
    ],
    "z_normalized": [
        0.0,
        0.18999999999999997,
        0.38999999999999996,
        0.59,
        0.7899999999999999,
        0.99,
        1.19,
        1.3900000000000001,
        1.5899999999999999,
        1.7899999999999998,
        1.99
    ],
    "ion_velocity": [
        [
            -2595.403005488183,
            1785.7806309042182,
            2546.8868100477603,
            3947.4572752100876,
            5929.324450166221,
            8301.27172396553,
            12068.851428042766,
            15092.404161101014,
            17657.261846961268,
            19810.451558078174,
            22033.67656484317
        ]
    ]
}