{
    "thrust": [
        0.18199015255402065
    ],
    "time": [
        0.001
    ],
    "discharge_current": [
        36.03784354020368
    ],
    "z_normalized": [
        0.0,
        0.18999999999999997,
        0.38999999999999996,
        0.59,
        0.7899999999999999,
        0.99,
        1.19,
        1.3900000000000001,
        1.5899999999999999,
        1.7899999999999998,
        1.99
    ],
    "ion_velocity": [
        [
            -1624.732693359298,
            680.4316046137732,
            1826.0768119611575,
            3426.635286613127,
            5864.98891225155,
            8865.93285882813,
            12170.61211117045,
            14992.483743372492,
            17419.390867948718,
            19436.60736920759,
            21505.437105300793
        ]
    ]
}