{
    "thrust": [
        0.1970608233411412
    ],
    "time": [
        0.001
    ],
    "discharge_current": [
        17.396708953627854
    ],
    "z_normalized": [
        0.0,
        0.18999999999999997,
        0.38999999999999996,
        0.59,
        0.7899999999999999,
        0.99,
        1.19,
        1.3900000000000001,
        1.5899999999999999,
        1.7899999999999998,
        1.99
    ],
    "ion_velocity": [
        [
            -1468.946475837584,
            -27.274969340537517,
            777.9082707910425,
            2625.0531091287776,
            5163.974374906461,
            8280.98025688028,
            11821.450340397807,
            14820.139036229612,
            17280.436189790387,
            19314.328784335892,
            21416.24679616647
        ]
    ]
}