{
    "thrust": [
        0.1931028575315509
    ],
    "time": [
        0.001
    ],
    "discharge_current": [
        18.696094898543784
    ],
    "z_normalized": [
        0.0,
        0.18999999999999997,
        0.38999999999999996,
        0.59,
        0.7899999999999999,
        0.99,
        1.19,
        1.3900000000000001,
        1.5899999999999999,
        1.7899999999999998,
        1.99
    ],
    "ion_velocity": [
        [
            -1424.852717569268,
            -25.438345339046474,
            930.1736513775958,
            2770.462865863181,
            5276.998600242516,
            8369.971928630008,
            11890.670215269934,
            14858.398248109006,
            17288.903187948745,
            19301.088170940235,
            21390.92791867396
        ]
    ]
}