{
    "thrust": [
        0.190933276636288
    ],
    "time": [
        0.001
    ],
    "discharge_current": [
        19.372650805730274
    ],
    "z_normalized": [
        0.0,
        0.18999999999999997,
        0.38999999999999996,
        0.59,
        0.7899999999999999,
        0.99,
        1.19,
        1.3900000000000001,
        1.5899999999999999,
        1.7899999999999998,
        1.99
    ],
    "ion_velocity": [
        [
            -1398.0756388041054,
            -35.14546216574504,
            979.9052935026529,
            2816.1252042177052,
            5316.455910668734,
            8405.600518540436,
            11924.024290810414,
            14881.988226709873,
            17302.161091538015,
            19306.55160165417,
            21393.99124134539
        ]
    ]
}