{
    "thrust": [
        0.17552463245454425
    ],
    "time": [
        0.001
    ],
    "discharge_current": [
        43.11473652685873
    ],
    "z_normalized": [
        0.0,
        0.18999999999999997,
        0.38999999999999996,
        0.59,
        0.7899999999999999,
        0.99,
        1.19,
        1.3900000000000001,
        1.5899999999999999,
        1.7899999999999998,
        1.99
    ],
    "ion_velocity": [
        [
            -1764.2830047835164,
            956.9811469384156,
            1961.6126040359231,
            3536.345884361713,
            5943.806853051605,
            8830.90308588913,
            12095.323142368017,
            14954.40282319999,
            17426.354016776346,
            19491.11402638498,
            21580.45358022315
        ]
    ]
}