{
    "thrust": [
        0.19579683125125316
    ],
    "time": [
        0.001
    ],
    "discharge_current": [
        17.64095915465675
    ],
    "z_normalized": [
        0.0,
        0.18999999999999997,
        0.38999999999999996,
        0.59,
        0.7899999999999999,
        0.99,
        1.19,
        1.3900000000000001,
        1.5899999999999999,
        1.7899999999999998,
        1.99
    ],
    "ion_velocity": [
        [
            -1481.4567230265827,
            -29.83455697678242,
            806.1287973323372,
            2658.256708566043,
            5192.736731389194,
            8307.666743637425,
            11846.183797922267,
            14839.930972231537,
            17295.138675837712,
            19325.128923041797,
            21425.661982637324
        ]
    ]
}