{
    "thrust": [
        0.1970938031735868
    ],
    "time": [
        0.001
    ],
    "discharge_current": [
        17.385801293500613
    ],
    "z_normalized": [
        0.0,
        0.18999999999999997,
        0.38999999999999996,
        0.59,
        0.7899999999999999,
        0.99,
        1.19,
        1.3900000000000001,
        1.5899999999999999,
        1.7899999999999998,
        1.99
    ],
    "ion_velocity": [
        [
            -1472.6414335605891,
            -27.012945235572516,
            776.2321888135057,
            2622.967073467305,
            5162.15195114911,
            8279.216780469134,
            11819.757702191764,
            14818.720952383163,
            17279.32296008758,
            19313.4710325752,
            21415.5011953362
        ]
    ]
}