{
    "thrust": [
        0.1950633035615575
    ],
    "time": [
        0.001
    ],
    "discharge_current": [
        17.82313215743984
    ],
    "z_normalized": [
        0.0,
        0.18999999999999997,
        0.38999999999999996,
        0.59,
        0.7899999999999999,
        0.99,
        1.19,
        1.3900000000000001,
        1.5899999999999999,
        1.7899999999999998,
        1.99
    ],
    "ion_velocity": [
        [
            -1480.01794157429,
            -29.46839349986465,
            830.3515998692166,
            2682.8964653187263,
            5212.574742033548,
            8324.385544384875,
            11860.223192313406,
            14849.557762034405,
            17300.47063927919,
            19327.25494028072,
            21426.123151507112
        ]
    ]
}