{
    "thrust": 0.07856942579964188,
    "discharge_current": 55.0847877136782,
    "ion_velocity": [
        -2647.9004987932894,
        2226.7838417881735,
        4485.427822029182,
        8213.1190335994,
        12333.993485067616,
        15986.837778785626,
        18717.77734283225,
        20434.25606679363,
        21376.6510155944,
        21843.47140668467,
        22086.63064849185
    ],
    "z_normalized": [
        0.0,
        0.0076,
        0.0156,
        0.0236,
        0.0316,
        0.039599999999999996,
        0.0476,
        0.0556,
        0.0636,
        0.0716,
        0.0796
    ]
}