{
    "thrust": 0.07945471653129335,
    "discharge_current": 52.39865181943244,
    "ion_velocity": [
        -2586.725612686136,
        2155.694496782057,
        4382.440829915501,
        8041.283961234493,
        12180.080926984485,
        15880.644098613853,
        18646.88739159397,
        20383.514643923776,
        21336.38886399939,
        21807.878050200874,
        22051.710558215655
    ],
    "z_normalized": [
        0.0,
        0.0076,
        0.0156,
        0.0236,
        0.0316,
        0.039599999999999996,
        0.0476,
        0.0556,
        0.0636,
        0.0716,
        0.0796
    ]
}