{
    "thrust": 0.07954842860557822,
    "discharge_current": 52.02926607103109,
    "ion_velocity": [
        -2579.9718365180274,
        2147.5871716533748,
        4371.857405963138,
        8029.759465774983,
        12169.363032443838,
        15873.110762629338,
        18641.633871791335,
        20379.414151256125,
        21332.882720356392,
        21804.60324098622,
        22048.316629217545
    ],
    "z_normalized": [
        0.0,
        0.0076,
        0.0156,
        0.0236,
        0.0316,
        0.039599999999999996,
        0.0476,
        0.0556,
        0.0636,
        0.0716,
        0.0796
    ]
}