{
    "thrust": 0.07946904559161559,
    "discharge_current": 52.350797849335066,
    "ion_velocity": [
        -2585.6699914241767,
        2155.9613273321975,
        4387.544955912408,
        8053.62930033748,
        12190.73405762719,
        15887.078617931355,
        18650.144045049612,
        20384.76317172897,
        21336.592874561222,
        21807.572088064935,
        22051.10587513237
    ],
    "z_normalized": [
        0.0,
        0.0076,
        0.0156,
        0.0236,
        0.0316,
        0.039599999999999996,
        0.0476,
        0.0556,
        0.0636,
        0.0716,
        0.0796
    ]
}