{
    "thrust": 0.07792927792106491,
    "discharge_current": 57.927797425012216,
    "ion_velocity": [
        -2696.799026898893,
        2266.3881101896095,
        4468.883018290435,
        8114.150299405601,
        12245.326769139683,
        15941.50871210933,
        18703.50574111307,
        20439.80710159922,
        21391.9256788729,
        21863.239315534454,
        22110.53539159686
    ],
    "z_normalized": [
        0.0,
        0.0076,
        0.0156,
        0.0236,
        0.0316,
        0.039599999999999996,
        0.0476,
        0.0556,
        0.0636,
        0.0716,
        0.0796
    ]
}