{
    "message": "Optimization terminated successfully.",
    "success": true,
    "status": 0,
    "fun": 1.2655121863874887,
    "nit": 44,
    "nfev": 80,
    "x_log": [
        -2.203618373870862,
        0.39004125595092515
    ],
    "final_params_nonlog": {
        "c1": 0.11040295558758037,
        "alpha": 1.47704172938676
    },
    "initial_guess": [
        0.2,
        0.1
    ],
    "final_simplex": {
        "vertices": [
            [
                -2.203618373870862,
                0.39004125595092515
            ],
            [
                -2.2047346210479857,
                0.3919022083282445
            ],
            [
                -2.202902982234967,
                0.3923480391502355
            ]
        ],
        "values": [
            1.2655121863874887,
            1.2655122179297336,
            1.2655124937571514
        ]
    }
}