{
    "thrust": 0.05350688418484855,
    "discharge_current": 4.068118511589157,
    "ui": [
        -1249.8996719357676,
        890.5670762153171,
        2792.4771464878304,
        5092.7526066662485,
        6972.53022030339,
        8374.81849515713,
        10863.70891582256,
        16283.45369344566,
        19098.0483435794,
        19506.628246952398,
        19572.966453532223
    ]
}