{
    "thrust": 0.05350688418484855,
    "discharge_current": 4.068118511589157
}