{
    "thrust": [
        0.1883616458254433
    ],
    "discharge_current": [
        12.688635181929367
    ],
    "time": [
        0.001
    ],
    "z_normalized": [
        0.0,
        0.18999999999999997,
        0.38999999999999996,
        0.59,
        0.7899999999999999,
        0.99,
        1.19,
        1.3900000000000001,
        1.5899999999999999,
        1.7899999999999998,
        1.99
    ],
    "ion_velocity": [
        [
            -1335.6617052222539,
            -40.54631821675748,
            265.2735344624326,
            486.26768397197674,
            1032.865529730342,
            6668.33902545673,
            16804.3962870559,
            18885.368871357976,
            19840.492640369113,
            20660.928168080252,
            21455.97896763644
        ]
    ]
}