iteration,lambda1,lambda2,accepted,delayed_rejection
10,-1.6977792342199038,0.18763327662056603,T,No DR
20,-2.1745509055492405,0.3755874160911521,T,No DR
