iteration,lambda1,lambda2,accepted,delayed_rejection,acceptance_rate
10,1.1150632498541633,0.23270105084584458,T,No DR,1.0000
20,1.1069558381124875,0.12138815900531102,T,No DR,1.0000
30,1.2402918452400635,0.07500007671655519,T,No DR,1.0000
40,1.5642203304318503,0.006821968694888446,T,No DR,1.0000
