{
    "thrust": 0.10047154814308708,
    "discharge_current": 30.243197814953277,
    "ion_velocity": [
        -1913.547778865635,
        1372.715672274923,
        3797.0995056140223,
        7863.2329486347635,
        12224.58399093013,
        15847.372015409333,
        18455.709090647088,
        20088.172315743228,
        21002.077775481444,
        21442.09433185893,
        21652.491049460725
    ],
    "z_normalized": [
        0.0,
        0.0076,
        0.0156,
        0.0236,
        0.0316,
        0.039599999999999996,
        0.0476,
        0.0556,
        0.0636,
        0.0716,
        0.0796
    ]
}