{
    "thrust": 0.0979078869887999,
    "discharge_current": 46.98041175042239,
    "ion_velocity": [
        -2232.122130856997,
        1712.988184841132,
        3852.985801881736,
        7468.179305339131,
        11723.02907289516,
        15568.657048836281,
        18401.05808943155,
        20148.46548473485,
        21112.88560800631,
        21582.62411285343,
        21817.133567367564
    ],
    "z_normalized": [
        0.0,
        0.0076,
        0.0156,
        0.0236,
        0.0316,
        0.039599999999999996,
        0.0476,
        0.0556,
        0.0636,
        0.0716,
        0.0796
    ]
}