{
    "thrust": 0.09866476045911281,
    "discharge_current": 41.03872134959016,
    "ion_velocity": [
        -2129.685077189887,
        1622.9669933816392,
        3853.0247757576335,
        7640.435250083415,
        11896.78014604403,
        15665.754459022668,
        18429.278107884133,
        20132.80447747346,
        21078.83874117802,
        21538.226194972332,
        21764.43244738904
    ],
    "z_normalized": [
        0.0,
        0.0076,
        0.0156,
        0.0236,
        0.0316,
        0.039599999999999996,
        0.0476,
        0.0556,
        0.0636,
        0.0716,
        0.0796
    ]
}