{
    "thrust": 0.10556030282005724,
    "discharge_current": 15.918045313478002,
    "ion_velocity": [
        -1422.1027084072368,
        152.55560972071262,
        2522.347744902718,
        6060.938927345076,
        10927.571922497387,
        15062.504519268427,
        17929.42418063708,
        19737.501455199144,
        20717.865459977216,
        21174.884269591057,
        21379.804531831847
    ],
    "z_normalized": [
        0.0,
        0.0076,
        0.0156,
        0.0236,
        0.0316,
        0.039599999999999996,
        0.0476,
        0.0556,
        0.0636,
        0.0716,
        0.0796
    ]
}