{
    "thrust": 0.10775723924212577,
    "discharge_current": 11.328114529794185,
    "ion_velocity": [
        -1235.577075385892,
        -260.7104030684662,
        1563.160133492171,
        5109.772404049777,
        10180.95976176354,
        14591.458655143815,
        17680.030329569232,
        19586.901571449853,
        20594.067587711732,
        21051.264529858472,
        21245.75047646654
    ],
    "z_normalized": [
        0.0,
        0.0076,
        0.0156,
        0.0236,
        0.0316,
        0.039599999999999996,
        0.0476,
        0.0556,
        0.0636,
        0.0716,
        0.0796
    ]
}