{
    "thrust": 0.0951452165427022,
    "discharge_current": 58.9061401498426,
    "ion_velocity": [
        -2434.1241064063947,
        1962.6643372266785,
        4305.834892409489,
        8135.182567200456,
        12262.401537109505,
        15918.224030949094,
        18627.41403299046,
        20310.701663153664,
        21237.245957453193,
        21691.818943198257,
        21924.450473961
    ],
    "z_normalized": [
        0.0,
        0.0076,
        0.0156,
        0.0236,
        0.0316,
        0.039599999999999996,
        0.0476,
        0.0556,
        0.0636,
        0.0716,
        0.0796
    ]
}