{
    "thrust": 0.10321139481115324,
    "discharge_current": 24.127885701420304,
    "ion_velocity": [
        -1742.1568096431733,
        983.9693816435337,
        3099.0033499497345,
        6447.960040625533,
        11288.248093205832,
        15312.360089732998,
        18110.31310239472,
        19883.464859715594,
        20870.617339616285,
        21340.972508090763,
        21561.42899910257
    ],
    "z_normalized": [
        0.0,
        0.0076,
        0.0156,
        0.0236,
        0.0316,
        0.039599999999999996,
        0.0476,
        0.0556,
        0.0636,
        0.0716,
        0.0796
    ]
}