{
    "thrust": 0.10800143854142776,
    "discharge_current": 11.268063241108054,
    "ion_velocity": [
        -1235.609478983814,
        -261.208941513171,
        1238.385598487995,
        4287.913393476807,
        9555.972492233366,
        14242.965849133338,
        17503.34128976659,
        19509.02295360255,
        20567.235443402173,
        21046.880066568916,
        21250.967391664635
    ],
    "z_normalized": [
        0.0,
        0.0076,
        0.0156,
        0.0236,
        0.0316,
        0.039599999999999996,
        0.0476,
        0.0556,
        0.0636,
        0.0716,
        0.0796
    ]
}