{
    "thrust": [
        0.18838454706263452
    ],
    "time": [
        0.001
    ],
    "discharge_current": [
        12.287286663604947
    ],
    "z_normalized": [
        0.0,
        0.18999999999999997,
        0.38999999999999996,
        0.59,
        0.7899999999999999,
        0.99,
        1.19,
        1.3900000000000001,
        1.5899999999999999,
        1.7899999999999998,
        1.99
    ],
    "ion_velocity": [
        [
            -1324.661461928438,
            -61.97693661021166,
            262.0765024443223,
            594.9427738248597,
            3905.2280994885036,
            9177.981168733006,
            12799.494097706562,
            15454.156350900472,
            17679.514681591736,
            19544.748850066888,
            21405.256553813837
        ]
    ]
}