{
    "v1": 0.006737946999085467,
    "v2": 0.01705440389137507
}