{
    "thrust": [
        0.18839420561792272
    ],
    "time": [
        0.001
    ],
    "discharge_current": [
        12.282842693388917
    ],
    "z_normalized": [
        0.0,
        0.18999999999999997,
        0.38999999999999996,
        0.59,
        0.7899999999999999,
        0.99,
        1.19,
        1.3900000000000001,
        1.5899999999999999,
        1.7899999999999998,
        1.99
    ],
    "ion_velocity": [
        [
            -1327.3323078771286,
            -62.25787581424399,
            261.9644185834282,
            593.4278175291815,
            3880.422526439559,
            9151.134263047423,
            12780.04891714774,
            15441.209414385907,
            17671.62918639519,
            19540.5921150906,
            21404.72616695432
        ]
    ]
}