{
    "v1": 0.006737946999085467,
    "v2": 0.017075961830084075
}