{
    "thrust": [
        0.18539372984843724
    ],
    "time": [
        0.001
    ],
    "discharge_current": [
        17.72223066097533
    ],
    "z_normalized": [
        0.0,
        0.18999999999999997,
        0.38999999999999996,
        0.59,
        0.7899999999999999,
        0.99,
        1.19,
        1.3900000000000001,
        1.5899999999999999,
        1.7899999999999998,
        1.99
    ],
    "ion_velocity": [
        [
            -1342.618124697731,
            -45.000692680293085,
            330.9782213601378,
            1545.5429744108117,
            4655.6781622936005,
            8299.879254975345,
            11963.993635695593,
            14909.27035593908,
            17325.04442696756,
            19328.048903842042,
            21398.72881607621
        ]
    ]
}