{
    "thrust": [
        0.1881843025880828
    ],
    "time": [
        0.001
    ],
    "discharge_current": [
        12.294643796162685
    ],
    "z_normalized": [
        0.0,
        0.18999999999999997,
        0.38999999999999996,
        0.59,
        0.7899999999999999,
        0.99,
        1.19,
        1.3900000000000001,
        1.5899999999999999,
        1.7899999999999998,
        1.99
    ],
    "ion_velocity": [
        [
            -1342.8370172921893,
            -62.10546385620744,
            262.0235875135357,
            594.1470444579454,
            3893.043184548294,
            9164.929624569768,
            12790.105666291662,
            15447.898574864164,
            17675.6652547863,
            19542.662105144296,
            21404.882161564226
        ]
    ]
}