{
    "v1": 0.006737946999085467,
    "v2": 0.017128727764972783
}