{
    "v1": 0.012974450653898267,
    "v2": 0.012974450653898267
}