{
    "thrust": [
        0.18830935922275843
    ],
    "time": [
        0.001
    ],
    "discharge_current": [
        12.280974867491672
    ],
    "z_normalized": [
        0.0,
        0.18999999999999997,
        0.38999999999999996,
        0.59,
        0.7899999999999999,
        0.99,
        1.19,
        1.3900000000000001,
        1.5899999999999999,
        1.7899999999999998,
        1.99
    ],
    "ion_velocity": [
        [
            -1335.155736622531,
            -62.41304393064269,
            262.01602955213514,
            592.8949721561537,
            3869.8897870014966,
            9139.472039888084,
            12771.346623853073,
            15435.158555727987,
            17667.726762443657,
            19538.3850836467,
            21404.28631767756
        ]
    ]
}