{
    "thrust": [
        0.1885622078631174
    ],
    "discharge_current": [
        12.683351521842043
    ],
    "time": [
        0.001
    ],
    "z_normalized": [
        0.0,
        0.18999999999999997,
        0.38999999999999996,
        0.59,
        0.7899999999999999,
        0.99,
        1.19,
        1.3900000000000001,
        1.5899999999999999,
        1.7899999999999998,
        1.99
    ],
    "ion_velocity": [
        [
            -1321.637455922157,
            -40.48013267180361,
            265.0870437729235,
            486.3294417279338,
            1032.7865353363939,
            6668.409376236029,
            16804.96443871236,
            18885.93445092106,
            19840.462269707103,
            20660.216653327378,
            21454.74648334254
        ]
    ]
}