{
    "thrust": [
        0.18822488801341183
    ],
    "time": [
        0.001
    ],
    "discharge_current": [
        12.294124345047583
    ],
    "z_normalized": [
        0.0,
        0.18999999999999997,
        0.38999999999999996,
        0.59,
        0.7899999999999999,
        0.99,
        1.19,
        1.3900000000000001,
        1.5899999999999999,
        1.7899999999999998,
        1.99
    ],
    "ion_velocity": [
        [
            -1339.3929756128657,
            -62.168590576699486,
            261.98855880805286,
            594.0459812535956,
            3889.3723054293187,
            9160.81931615915,
            12787.006478027726,
            15445.665026373046,
            17674.124649995792,
            19541.71074512002,
            21404.639609695027
        ]
    ]
}