{
    "thrust": [
        0.19503584688587058
    ],
    "time": [
        0.001
    ],
    "discharge_current": [
        12.683762313422562
    ],
    "z_normalized": [
        0.0,
        0.18999999999999997,
        0.38999999999999996,
        0.59,
        0.7899999999999999,
        0.99,
        1.19,
        1.3900000000000001,
        1.5899999999999999,
        1.7899999999999998,
        1.99
    ],
    "ion_velocity": [
        [
            -1352.6238842083185,
            -80.02478885481406,
            262.6131869710228,
            555.9893706054686,
            1960.906741761034,
            5559.117061952768,
            9839.45719392572,
            13512.138469676824,
            16526.605415273512,
            18961.56800132903,
            21389.807312288172
        ]
    ]
}