{
    "thrust": [
        0.18837745197315697
    ],
    "time": [
        0.001
    ],
    "discharge_current": [
        12.279761348937104
    ],
    "z_normalized": [
        0.0,
        0.18999999999999997,
        0.38999999999999996,
        0.59,
        0.7899999999999999,
        0.99,
        1.19,
        1.3900000000000001,
        1.5899999999999999,
        1.7899999999999998,
        1.99
    ],
    "ion_velocity": [
        [
            -1328.6947295662685,
            -62.26071529034655,
            262.0014111776045,
            593.6285675828569,
            3883.3225586725353,
            9154.36442209605,
            12782.45750711179,
            15442.803400057162,
            17672.51344030537,
            19540.932722381993,
            21404.584348612683
        ]
    ]
}