{
    "thrust": [
        0.18872376494185944
    ],
    "time": [
        0.001
    ],
    "discharge_current": [
        12.240655300683397
    ],
    "z_normalized": [
        0.0,
        0.18999999999999997,
        0.38999999999999996,
        0.59,
        0.7899999999999999,
        0.99,
        1.19,
        1.3900000000000001,
        1.5899999999999999,
        1.7899999999999998,
        1.99
    ],
    "ion_velocity": [
        [
            -1318.6722784099932,
            -61.93506748068223,
            262.07900716643184,
            588.6550674861535,
            3804.3884380220106,
            9069.96581245206,
            12726.273919599493,
            15409.78675819851,
            17654.895023036737,
            19532.328352558936,
            21403.36985801441
        ]
    ]
}