{
    "thrust": [
        0.18828262377357421
    ],
    "time": [
        0.001
    ],
    "discharge_current": [
        12.287989248478441
    ],
    "z_normalized": [
        0.0,
        0.18999999999999997,
        0.38999999999999996,
        0.59,
        0.7899999999999999,
        0.99,
        1.19,
        1.3900000000000001,
        1.5899999999999999,
        1.7899999999999998,
        1.99
    ],
    "ion_velocity": [
        [
            -1335.9782090418632,
            -62.20934574555358,
            262.03777918366933,
            593.9498880383161,
            3888.0909843089426,
            9159.581679777015,
            12786.186807002941,
            15445.14521060727,
            17673.78228544239,
            19541.465440707318,
            21404.489364757428
        ]
    ]
}