{
    "thrust": [
        0.1893623053359787
    ],
    "time": [
        0.001
    ],
    "discharge_current": [
        10.81291163087567
    ],
    "z_normalized": [
        0.0,
        0.18999999999999997,
        0.38999999999999996,
        0.59,
        0.7899999999999999,
        0.99,
        1.19,
        1.3900000000000001,
        1.5899999999999999,
        1.7899999999999998,
        1.99
    ],
    "ion_velocity": [
        [
            -1353.3834378184201,
            -60.48873817167775,
            250.05081977666967,
            425.4693942019783,
            1969.0225027891458,
            9396.018606005471,
            13166.161070980164,
            15709.668053990385,
            17861.21934464574,
            19665.69206073132,
            21431.328074073605
        ]
    ]
}