{
    "thrust": [
        0.18857575859364328
    ],
    "time": [
        0.001
    ],
    "discharge_current": [
        11.579795523230194
    ],
    "z_normalized": [
        0.0,
        0.18999999999999997,
        0.38999999999999996,
        0.59,
        0.7899999999999999,
        0.99,
        1.19,
        1.3900000000000001,
        1.5899999999999999,
        1.7899999999999998,
        1.99
    ],
    "ion_velocity": [
        [
            -1349.8808558095075,
            -60.184717404564296,
            258.878596535116,
            515.9829501003935,
            3433.5447859242668,
            9441.448018069728,
            13059.93158738791,
            15631.42590082885,
            17798.609065415592,
            19619.54931386848,
            21421.048351698402
        ]
    ]
}