{
    "thrust": [
        0.1852058387784843
    ],
    "time": [
        0.001
    ],
    "discharge_current": [
        18.970809358988088
    ],
    "z_normalized": [
        0.0,
        0.18999999999999997,
        0.38999999999999996,
        0.59,
        0.7899999999999999,
        0.99,
        1.19,
        1.3900000000000001,
        1.5899999999999999,
        1.7899999999999998,
        1.99
    ],
    "ion_velocity": [
        [
            -1350.958343755799,
            -33.37450526761845,
            352.79588355387693,
            1791.8710731439942,
            5018.12695072246,
            8705.566769544514,
            12278.069708720574,
            15115.879062584674,
            17446.900502533455,
            19390.109217975838,
            21407.386871957093
        ]
    ]
}