{
    "thrust": [
        0.1820358479475438
    ],
    "time": [
        0.001
    ],
    "discharge_current": [
        27.177476950045218
    ],
    "z_normalized": [
        0.0,
        0.18999999999999997,
        0.38999999999999996,
        0.59,
        0.7899999999999999,
        0.99,
        1.19,
        1.3900000000000001,
        1.5899999999999999,
        1.7899999999999998,
        1.99
    ],
    "ion_velocity": [
        [
            -1339.6125740111797,
            -36.9560171104941,
            691.828598157654,
            2878.7684319034274,
            6156.423997688135,
            9771.565902119402,
            13045.798246174098,
            15595.560532128384,
            17700.7748609597,
            19484.982517685246,
            21366.92036433072
        ]
    ]
}