{
    "thrust": [
        0.19126444588963865
    ],
    "time": [
        0.001
    ],
    "discharge_current": [
        10.84610340385777
    ],
    "z_normalized": [
        0.0,
        0.18999999999999997,
        0.38999999999999996,
        0.59,
        0.7899999999999999,
        0.99,
        1.19,
        1.3900000000000001,
        1.5899999999999999,
        1.7899999999999998,
        1.99
    ],
    "ion_velocity": [
        [
            -1340.5785949339452,
            -65.58780697848388,
            253.34884105938852,
            431.01967449070247,
            1688.4823916846017,
            8630.041617893485,
            12632.325863053913,
            15345.78633109827,
            17629.78690205167,
            19538.09588147494,
            21408.62851260376
        ]
    ]
}