{
    "thrust": [
        0.17428841254825486
    ],
    "time": [
        0.001
    ],
    "discharge_current": [
        46.61849711344471
    ],
    "z_normalized": [
        0.0,
        0.18999999999999997,
        0.38999999999999996,
        0.59,
        0.7899999999999999,
        0.99,
        1.19,
        1.3900000000000001,
        1.5899999999999999,
        1.7899999999999998,
        1.99
    ],
    "ion_velocity": [
        [
            -1818.3738565421286,
            910.120869496605,
            1550.7004619167126,
            2492.35986606121,
            3915.6492703069316,
            6112.331907778615,
            9991.655330715195,
            13499.318681691162,
            16531.795300286456,
            19072.789338869614,
            21602.202856124997
        ]
    ]
}