{
    "thrust": [
        0.07609148290427319
    ],
    "time": [
        0.001
    ],
    "discharge_current": [
        9.175413167490055
    ],
    "z_normalized": [
        0.0,
        0.18999999999999997,
        0.38999999999999996,
        0.59,
        0.7899999999999999,
        0.99,
        1.19,
        1.3900000000000001,
        1.5899999999999999,
        1.7899999999999998,
        1.99
    ],
    "ion_velocity": [
        [
            -936.7143277588307,
            201.39384715931538,
            694.0630828121579,
            1220.0214667803873,
            1743.7245931534067,
            2904.1623018867786,
            5699.041428941247,
            8854.856636391936,
            11481.28214577274,
            13745.138863890963,
            15912.072623388794
        ]
    ]
}