{
    "thrust": [
        0.1887777346481006
    ],
    "time": [
        0.001
    ],
    "discharge_current": [
        10.905861527206806
    ],
    "z_normalized": [
        0.0,
        0.18999999999999997,
        0.38999999999999996,
        0.59,
        0.7899999999999999,
        0.99,
        1.19,
        1.3900000000000001,
        1.5899999999999999,
        1.7899999999999998,
        1.99
    ],
    "ion_velocity": [
        [
            -1343.0145614345633,
            -60.14562409635599,
            248.98032595957636,
            436.1560845591795,
            2303.7853957983807,
            9614.615254869066,
            13275.64600417834,
            15766.7890590322,
            17894.52794587399,
            19694.18543966598,
            21453.64618951415
        ]
    ]
}