{
    "thrust": [
        0.18781814681435494
    ],
    "time": [
        0.001
    ],
    "discharge_current": [
        12.083252535855825
    ],
    "z_normalized": [
        0.0,
        0.18999999999999997,
        0.38999999999999996,
        0.59,
        0.7899999999999999,
        0.99,
        1.19,
        1.3900000000000001,
        1.5899999999999999,
        1.7899999999999998,
        1.99
    ],
    "ion_velocity": [
        [
            -1331.4523311227092,
            -59.42578215107475,
            259.68999436719355,
            573.5543187048421,
            4049.794119647825,
            9594.21205970922,
            13123.751106149408,
            15670.36514372505,
            17813.384608917528,
            19616.803296822665,
            21410.7091640661
        ]
    ]
}