{
    "thrust": [
        0.18166780749454964
    ],
    "time": [
        0.001
    ],
    "discharge_current": [
        36.54096630234788
    ],
    "z_normalized": [
        0.0,
        0.18999999999999997,
        0.38999999999999996,
        0.59,
        0.7899999999999999,
        0.99,
        1.19,
        1.3900000000000001,
        1.5899999999999999,
        1.7899999999999998,
        1.99
    ],
    "ion_velocity": [
        [
            -1632.2042287662766,
            685.0854524999013,
            1793.0319305582284,
            3334.2232662387373,
            5680.338142652417,
            8613.841941534427,
            11964.664906602504,
            14850.745139175566,
            17333.96334475491,
            19398.38043251441,
            21508.464935165037
        ]
    ]
}