{
    "thrust": [
        0.18839641227654466
    ],
    "time": [
        0.001
    ],
    "discharge_current": [
        20.893451728328117
    ],
    "z_normalized": [
        0.0,
        0.18999999999999997,
        0.38999999999999996,
        0.59,
        0.7899999999999999,
        0.99,
        1.19,
        1.3900000000000001,
        1.5899999999999999,
        1.7899999999999998,
        1.99
    ],
    "ion_velocity": [
        [
            -1362.017506524902,
            -46.746354256554184,
            976.0953731078731,
            2692.465730977168,
            5004.14516256177,
            7948.670937951078,
            11563.747310199711,
            14652.768793494248,
            17164.07954947861,
            19229.235741344182,
            21390.261625906955
        ]
    ]
}