{
    "thrust": [
        0.1860609001340187
    ],
    "time": [
        0.001
    ],
    "discharge_current": [
        24.3336673608917
    ],
    "z_normalized": [
        0.0,
        0.18999999999999997,
        0.38999999999999996,
        0.59,
        0.7899999999999999,
        0.99,
        1.19,
        1.3900000000000001,
        1.5899999999999999,
        1.7899999999999998,
        1.99
    ],
    "ion_velocity": [
        [
            -1275.8437416403044,
            -72.88048471047792,
            1050.6946106197993,
            2651.689799428637,
            4816.947046348321,
            7646.840946604801,
            11328.614042179815,
            14485.525914154834,
            17036.438685890014,
            19125.98477475286,
            21327.62612582361
        ]
    ]
}