{
    "thrust": [
        0.20210415147930474
    ],
    "time": [
        0.001
    ],
    "discharge_current": [
        16.534816265085684
    ],
    "z_normalized": [
        0.0,
        0.18999999999999997,
        0.38999999999999996,
        0.59,
        0.7899999999999999,
        0.99,
        1.19,
        1.3900000000000001,
        1.5899999999999999,
        1.7899999999999998,
        1.99
    ],
    "ion_velocity": [
        [
            -1389.83488012471,
            -15.536442604415045,
            661.7373035246345,
            2459.240975360549,
            5014.700159453089,
            8137.149647019042,
            11691.427580703572,
            14717.208573443666,
            17203.74202980733,
            19257.7188205789,
            21370.297705497247
        ]
    ]
}