{
    "thrust": [
        0.17540117052167123
    ],
    "time": [
        0.001
    ],
    "discharge_current": [
        44.73156833407721
    ],
    "z_normalized": [
        0.0,
        0.18999999999999997,
        0.38999999999999996,
        0.59,
        0.7899999999999999,
        0.99,
        1.19,
        1.3900000000000001,
        1.5899999999999999,
        1.7899999999999998,
        1.99
    ],
    "ion_velocity": [
        [
            -1782.433137835851,
            898.8398594905198,
            1669.1794048147717,
            2814.728113978618,
            4555.380760759628,
            7000.337030430935,
            10651.698938370904,
            13953.901310615185,
            16808.722745842624,
            19198.11286939304,
            21584.28683205683
        ]
    ]
}