{
    "thrust": [
        0.1912865362947537
    ],
    "time": [
        0.001
    ],
    "discharge_current": [
        19.600174204736263
    ],
    "z_normalized": [
        0.0,
        0.18999999999999997,
        0.38999999999999996,
        0.59,
        0.7899999999999999,
        0.99,
        1.19,
        1.3900000000000001,
        1.5899999999999999,
        1.7899999999999998,
        1.99
    ],
    "ion_velocity": [
        [
            -1386.3779170693995,
            -37.11079535303785,
            904.0055979032642,
            2637.8936108007906,
            4966.646864510153,
            7922.149420609198,
            11533.811134575348,
            14631.487191251477,
            17154.48998184582,
            19229.2090195687,
            21391.11314000373
        ]
    ]
}