{
    "thrust": [
        0.1956595277741125
    ],
    "time": [
        0.001
    ],
    "discharge_current": [
        17.923451376587703
    ],
    "z_normalized": [
        0.0,
        0.18999999999999997,
        0.38999999999999996,
        0.59,
        0.7899999999999999,
        0.99,
        1.19,
        1.3900000000000001,
        1.5899999999999999,
        1.7899999999999998,
        1.99
    ],
    "ion_velocity": [
        [
            -1454.0418233292778,
            -40.78134270233722,
            423.1829967819612,
            1493.3016524306386,
            2975.6865409469297,
            5226.705928013607,
            9359.340024955734,
            13254.27491111611,
            16372.851127719048,
            18857.131076155823,
            21414.66202452071
        ]
    ]
}