{
    "thrust": [
        0.18585452042051162
    ],
    "time": [
        0.001
    ],
    "discharge_current": [
        24.250669881886704
    ],
    "z_normalized": [
        0.0,
        0.18999999999999997,
        0.38999999999999996,
        0.59,
        0.7899999999999999,
        0.99,
        1.19,
        1.3900000000000001,
        1.5899999999999999,
        1.7899999999999998,
        1.99
    ],
    "ion_velocity": [
        [
            -1273.8689946481327,
            -73.52493071650505,
            1206.6303667270981,
            2968.1964582207506,
            5424.387496310746,
            8475.282312782412,
            11981.29371513869,
            14897.55250014509,
            17273.010906017425,
            19244.311795054033,
            21321.18938565217
        ]
    ]
}