{
    "thrust": [
        0.195825646359474
    ],
    "time": [
        0.001
    ],
    "discharge_current": [
        17.654712017996154
    ],
    "z_normalized": [
        0.0,
        0.18999999999999997,
        0.38999999999999996,
        0.59,
        0.7899999999999999,
        0.99,
        1.19,
        1.3900000000000001,
        1.5899999999999999,
        1.7899999999999998,
        1.99
    ],
    "ion_velocity": [
        [
            -1487.145792091749,
            -30.21486661823459,
            796.860171688496,
            2637.4792949085895,
            5154.544609527888,
            8255.64788591522,
            11803.612702257089,
            14812.413912253402,
            17278.952000111025,
            19316.837797640463,
            21425.527686604622
        ]
    ]
}