{
    "thrust": [
        0.19527500406730106
    ],
    "time": [
        0.001
    ],
    "discharge_current": [
        17.769904808205354
    ],
    "z_normalized": [
        0.0,
        0.18999999999999997,
        0.38999999999999996,
        0.59,
        0.7899999999999999,
        0.99,
        1.19,
        1.3900000000000001,
        1.5899999999999999,
        1.7899999999999998,
        1.99
    ],
    "ion_velocity": [
        [
            -1484.1292496416816,
            -29.893873838879497,
            820.0212739622799,
            2669.626059325819,
            5196.437439028546,
            8305.824974734895,
            11845.002943007585,
            14839.643550971312,
            17294.877749717463,
            19324.741035438303,
            21426.241080637796
        ]
    ]
}