{
    "thrust": [
        0.1867079310847453
    ],
    "time": [
        0.001
    ],
    "discharge_current": [
        21.670016153561296
    ],
    "z_normalized": [
        0.0,
        0.18999999999999997,
        0.38999999999999996,
        0.59,
        0.7899999999999999,
        0.99,
        1.19,
        1.3900000000000001,
        1.5899999999999999,
        1.7899999999999998,
        1.99
    ],
    "ion_velocity": [
        [
            -1386.2195170352416,
            -49.385594924478085,
            1073.7882967254536,
            2829.5227289991494,
            5228.560963548501,
            8241.274785223251,
            11802.206625506418,
            14807.636986900106,
            17254.834450151433,
            19275.7364410479,
            21395.214355656786
        ]
    ]
}