{
    "thrust": [
        0.18635426591349585
    ],
    "time": [
        0.001
    ],
    "discharge_current": [
        22.36810326811922
    ],
    "z_normalized": [
        0.0,
        0.18999999999999997,
        0.38999999999999996,
        0.59,
        0.7899999999999999,
        0.99,
        1.19,
        1.3900000000000001,
        1.5899999999999999,
        1.7899999999999998,
        1.99
    ],
    "ion_velocity": [
        [
            -1330.000078801775,
            -55.346735218153874,
            1153.9147023132998,
            2947.343886374943,
            5428.554465693882,
            8502.097356524377,
            12008.810605799667,
            14932.771729809449,
            17318.133211766566,
            19296.665373642107,
            21374.739152463775
        ]
    ]
}