{
    "thrust": [
        0.16227806892709334
    ],
    "time": [
        0.001
    ],
    "discharge_current": [
        67.52297939839818
    ],
    "z_normalized": [
        0.0,
        0.18999999999999997,
        0.38999999999999996,
        0.59,
        0.7899999999999999,
        0.99,
        1.19,
        1.3900000000000001,
        1.5899999999999999,
        1.7899999999999998,
        1.99
    ],
    "ion_velocity": [
        [
            -2155.9596932467075,
            1408.697512588929,
            2247.4319186918083,
            3745.028623929834,
            6001.0162637832755,
            8510.265466712483,
            11987.210373645066,
            14950.880912203316,
            17495.88205914449,
            19631.907338681845,
            21792.094117697412
        ]
    ]
}