{
    "thrust": [
        0.143802343513463
    ],
    "time": [
        0.001
    ],
    "discharge_current": [
        111.0700740234919
    ],
    "z_normalized": [
        0.0,
        0.18999999999999997,
        0.38999999999999996,
        0.59,
        0.7899999999999999,
        0.99,
        1.19,
        1.3900000000000001,
        1.5899999999999999,
        1.7899999999999998,
        1.99
    ],
    "ion_velocity": [
        [
            -2682.2919985738727,
            1858.1890376803142,
            2609.229314815605,
            3990.1735974749795,
            5922.568548461186,
            8285.79379931857,
            12100.249952277132,
            15129.94234388721,
            17694.585462589417,
            19847.563588910907,
            22080.083187743177
        ]
    ]
}