{
    "thrust": [
        0.20446112792575405
    ],
    "time": [
        0.001
    ],
    "discharge_current": [
        15.866550141226215
    ],
    "z_normalized": [
        0.0,
        0.18999999999999997,
        0.38999999999999996,
        0.59,
        0.7899999999999999,
        0.99,
        1.19,
        1.3900000000000001,
        1.5899999999999999,
        1.7899999999999998,
        1.99
    ],
    "ion_velocity": [
        [
            -1400.3682472990756,
            -11.265048702802416,
            572.6178333492185,
            2303.7779908160937,
            4894.846240147989,
            8041.198015171715,
            11610.02236479778,
            14654.702687951843,
            17160.416792618522,
            19229.07387372911,
            21349.27452298793
        ]
    ]
}