{
    "thrust": [
        0.18890209464344357
    ],
    "time": [
        0.001
    ],
    "discharge_current": [
        14.810514766453892
    ],
    "z_normalized": [
        0.0,
        0.18999999999999997,
        0.38999999999999996,
        0.59,
        0.7899999999999999,
        0.99,
        1.19,
        1.3900000000000001,
        1.5899999999999999,
        1.7899999999999998,
        1.99
    ],
    "ion_velocity": [
        [
            -1341.5885517490176,
            -57.70497171663271,
            293.77342359257693,
            875.6711590767015,
            3348.0971259694843,
            6798.9753652529635,
            10764.508161129754,
            14125.716782308307,
            16872.421813245568,
            19110.430384194893,
            21387.914839457666
        ]
    ]
}