{
    "thrust": [
        0.1649777909362829
    ],
    "time": [
        0.001
    ],
    "discharge_current": [
        61.33882306509124
    ],
    "z_normalized": [
        0.0,
        0.18999999999999997,
        0.38999999999999996,
        0.59,
        0.7899999999999999,
        0.99,
        1.19,
        1.3900000000000001,
        1.5899999999999999,
        1.7899999999999998,
        1.99
    ],
    "ion_velocity": [
        [
            -2066.069071603979,
            1319.8596992101125,
            2185.216541435306,
            3701.443869318488,
            6000.47692515662,
            8578.898695930948,
            11995.20554206583,
            14939.065990885485,
            17473.13895966203,
            19599.2585500825,
            21743.423878100773
        ]
    ]
}