{
    "thrust": [
        0.1439303431251835
    ],
    "time": [
        0.001
    ],
    "discharge_current": [
        110.71783213850206
    ],
    "z_normalized": [
        0.0,
        0.18999999999999997,
        0.38999999999999996,
        0.59,
        0.7899999999999999,
        0.99,
        1.19,
        1.3900000000000001,
        1.5899999999999999,
        1.7899999999999998,
        1.99
    ],
    "ion_velocity": [
        [
            -2678.4891667329166,
            1855.2220473434902,
            2606.693908422062,
            3988.5087209065077,
            5922.661913337414,
            8286.296339748129,
            12098.860190097894,
            15128.280030107851,
            17692.910006368544,
            19845.876198238482,
            22077.99703224831
        ]
    ]
}