{
    "thrust": [
        0.19534199930483334
    ],
    "time": [
        0.001
    ],
    "discharge_current": [
        17.753421340580186
    ],
    "z_normalized": [
        0.0,
        0.18999999999999997,
        0.38999999999999996,
        0.59,
        0.7899999999999999,
        0.99,
        1.19,
        1.3900000000000001,
        1.5899999999999999,
        1.7899999999999998,
        1.99
    ],
    "ion_velocity": [
        [
            -1482.3856976132768,
            -29.84624725676768,
            820.9098873129761,
            2673.2625783997773,
            5204.678921231098,
            8317.667593111799,
            11854.644229828784,
            14845.82662070417,
            17298.536397129235,
            19326.660789629794,
            21426.23121268902
        ]
    ]
}