{
    "thrust": [
        0.19438461327111828
    ],
    "time": [
        0.001
    ],
    "discharge_current": [
        12.804940700963922
    ],
    "z_normalized": [
        0.0,
        0.18999999999999997,
        0.38999999999999996,
        0.59,
        0.7899999999999999,
        0.99,
        1.19,
        1.3900000000000001,
        1.5899999999999999,
        1.7899999999999998,
        1.99
    ],
    "ion_velocity": [
        [
            -1338.2557558616927,
            -79.61326589065571,
            265.7255434480899,
            572.36059777048,
            2096.0171383967304,
            5700.2821604747105,
            9942.273354283054,
            13579.00157365404,
            16563.525350945132,
            18976.931607197388,
            21388.37748083074
        ]
    ]
}