{
    "thrust": [
        0.188958997909923
    ],
    "time": [
        0.001
    ],
    "discharge_current": [
        14.541710962621814
    ],
    "z_normalized": [
        0.0,
        0.18999999999999997,
        0.38999999999999996,
        0.59,
        0.7899999999999999,
        0.99,
        1.19,
        1.3900000000000001,
        1.5899999999999999,
        1.7899999999999998,
        1.99
    ],
    "ion_velocity": [
        [
            -1345.681357284063,
            -62.4359720384756,
            290.18245014877135,
            832.5664997897654,
            3255.658384356884,
            6725.522248147006,
            10710.470529689326,
            14092.021274800667,
            16856.455561126037,
            19107.4334886815,
            21394.403458081943
        ]
    ]
}