{
    "thrust": [
        0.19549754373532444
    ],
    "time": [
        0.001
    ],
    "discharge_current": [
        12.617952302274304
    ],
    "z_normalized": [
        0.0,
        0.18999999999999997,
        0.38999999999999996,
        0.59,
        0.7899999999999999,
        0.99,
        1.19,
        1.3900000000000001,
        1.5899999999999999,
        1.7899999999999998,
        1.99
    ],
    "ion_velocity": [
        [
            -1342.9426237621,
            -82.52246910462995,
            262.84773102581096,
            549.5406455749032,
            1892.6291550231629,
            5483.258659959276,
            9782.488369749937,
            13473.069666602129,
            16502.93425349884,
            18949.415902810673,
            21387.30926325723
        ]
    ]
}