{
    "thrust": [
        0.19608784979042704
    ],
    "time": [
        0.001
    ],
    "discharge_current": [
        12.450967086228523
    ],
    "z_normalized": [
        0.0,
        0.18999999999999997,
        0.38999999999999996,
        0.59,
        0.7899999999999999,
        0.99,
        1.19,
        1.3900000000000001,
        1.5899999999999999,
        1.7899999999999998,
        1.99
    ],
    "ion_velocity": [
        [
            -1344.1740464870345,
            -88.48608549705155,
            257.8719846183132,
            528.2488290922879,
            1712.7444138872218,
            5271.8600392340495,
            9627.465209120186,
            13370.094090397566,
            16443.62491433522,
            18922.04784810377,
            21386.36945020739
        ]
    ]
}