{
    "thrust": [
        0.18279023486992788
    ],
    "time": [
        0.001
    ],
    "discharge_current": [
        31.101307935256195
    ],
    "z_normalized": [
        0.0,
        0.18999999999999997,
        0.38999999999999996,
        0.59,
        0.7899999999999999,
        0.99,
        1.19,
        1.3900000000000001,
        1.5899999999999999,
        1.7899999999999998,
        1.99
    ],
    "ion_velocity": [
        [
            -1447.2637643325386,
            -4.898317460874453,
            947.9225206288704,
            2695.3678386631163,
            5220.120507939108,
            8349.73637677228,
            11890.380780322641,
            14796.685118605716,
            17261.352845277703,
            19300.547803486836,
            21415.32603533816
        ]
    ]
}