{
    "thrust": [
        0.14698385202464948
    ],
    "time": [
        0.001
    ],
    "discharge_current": [
        102.318127075315
    ],
    "z_normalized": [
        0.0,
        0.18999999999999997,
        0.38999999999999996,
        0.59,
        0.7899999999999999,
        0.99,
        1.19,
        1.3900000000000001,
        1.5899999999999999,
        1.7899999999999998,
        1.99
    ],
    "ion_velocity": [
        [
            -2587.449067133923,
            1771.581930005686,
            2533.6770014274152,
            3937.0531624716577,
            5920.277515548556,
            8288.731507678209,
            12054.621993439949,
            15081.03579707478,
            17649.014796523967,
            19804.895982294613,
            22029.922390826738
        ]
    ]
}