{
    "thrust": [
        0.19070180089898112
    ],
    "time": [
        0.001
    ],
    "discharge_current": [
        13.975190673568859
    ],
    "z_normalized": [
        0.0,
        0.18999999999999997,
        0.38999999999999996,
        0.59,
        0.7899999999999999,
        0.99,
        1.19,
        1.3900000000000001,
        1.5899999999999999,
        1.7899999999999998,
        1.99
    ],
    "ion_velocity": [
        [
            -1349.4017423750415,
            -62.94761426319717,
            279.26777290734606,
            714.6814216593922,
            2936.2365249999516,
            6461.604279137334,
            10512.057429496064,
            13959.39701127068,
            16780.518430944794,
            19073.154763207607,
            21391.093261792117
        ]
    ]
}