{
    "thrust": [
        0.1882835729980596
    ],
    "time": [
        0.001
    ],
    "discharge_current": [
        20.494766954472894
    ],
    "z_normalized": [
        0.0,
        0.18999999999999997,
        0.38999999999999996,
        0.59,
        0.7899999999999999,
        0.99,
        1.19,
        1.3900000000000001,
        1.5899999999999999,
        1.7899999999999998,
        1.99
    ],
    "ion_velocity": [
        [
            -1391.7619430758914,
            -43.85902151653017,
            1050.179182209393,
            2872.6139313725876,
            5364.568110025981,
            8447.460525654697,
            11961.710312783576,
            14905.916262067978,
            17311.76536478913,
            19305.46097606085,
            21389.267114259375
        ]
    ]
}