{
    "thrust": [
        0.16416690138999895
    ],
    "time": [
        0.001
    ],
    "discharge_current": [
        62.887279998092446
    ],
    "z_normalized": [
        0.0,
        0.18999999999999997,
        0.38999999999999996,
        0.59,
        0.7899999999999999,
        0.99,
        1.19,
        1.3900000000000001,
        1.5899999999999999,
        1.7899999999999998,
        1.99
    ],
    "ion_velocity": [
        [
            -2083.495031685187,
            1281.1912713612558,
            2136.080651448974,
            3652.4032792905678,
            5949.41514153162,
            8503.435438100543,
            11943.553362602452,
            14907.124056227087,
            17457.281657542382,
            19597.215528496617,
            21756.064149697824
        ]
    ]
}