{
    "thrust": [
        0.18691302734345264
    ],
    "time": [
        0.001
    ],
    "discharge_current": [
        15.649047972248026
    ],
    "z_normalized": [
        0.0,
        0.18999999999999997,
        0.38999999999999996,
        0.59,
        0.7899999999999999,
        0.99,
        1.19,
        1.3900000000000001,
        1.5899999999999999,
        1.7899999999999998,
        1.99
    ],
    "ion_velocity": [
        [
            -1328.490469530508,
            -60.76539155152512,
            299.3297671246832,
            1043.8719857886463,
            3646.3413975510307,
            7046.299617835963,
            10957.58012538736,
            14258.224248373184,
            16951.324181539472,
            19149.564288110876,
            21400.0493539936
        ]
    ]
}