{
    "thrust": [
        0.1956105016902848
    ],
    "time": [
        0.001
    ],
    "discharge_current": [
        12.54640887077358
    ],
    "z_normalized": [
        0.0,
        0.18999999999999997,
        0.38999999999999996,
        0.59,
        0.7899999999999999,
        0.99,
        1.19,
        1.3900000000000001,
        1.5899999999999999,
        1.7899999999999998,
        1.99
    ],
    "ion_velocity": [
        [
            -1347.8868411308974,
            -83.91505493003541,
            258.60328753312155,
            539.1507333197306,
            1808.7969838521167,
            5388.4520401116115,
            9713.3636658241,
            13427.392429613019,
            16476.756867854154,
            18937.3823313813,
            21386.789620536383
        ]
    ]
}