{
    "thrust": [
        0.19719818369280812
    ],
    "time": [
        0.001
    ],
    "discharge_current": [
        17.37060507593532
    ],
    "z_normalized": [
        0.0,
        0.18999999999999997,
        0.38999999999999996,
        0.59,
        0.7899999999999999,
        0.99,
        1.19,
        1.3900000000000001,
        1.5899999999999999,
        1.7899999999999998,
        1.99
    ],
    "ion_velocity": [
        [
            -1465.8831171321635,
            -26.906309561754046,
            775.4535662993903,
            2622.031882165801,
            5161.339170520247,
            8278.454336693074,
            11819.05143189943,
            14818.152744031944,
            17278.8946405583,
            19313.153058680615,
            21415.233186494897
        ]
    ]
}