{
    "thrust": [
        0.1766954724126363
    ],
    "time": [
        0.001
    ],
    "discharge_current": [
        41.60961147034108
    ],
    "z_normalized": [
        0.0,
        0.18999999999999997,
        0.38999999999999996,
        0.59,
        0.7899999999999999,
        0.99,
        1.19,
        1.3900000000000001,
        1.5899999999999999,
        1.7899999999999998,
        1.99
    ],
    "ion_velocity": [
        [
            -1736.4309350200417,
            910.8838587481824,
            1937.5979132065943,
            3517.4607081708223,
            5932.587047235446,
            8849.187810107958,
            12110.080379792007,
            14960.523071200376,
            17424.169819244107,
            19480.253054195648,
            21565.48226581484
        ]
    ]
}