{
    "thrust": [
        0.1846921243486701
    ],
    "time": [
        0.001
    ],
    "discharge_current": [
        31.270886830597252
    ],
    "z_normalized": [
        0.0,
        0.18999999999999997,
        0.38999999999999996,
        0.59,
        0.7899999999999999,
        0.99,
        1.19,
        1.3900000000000001,
        1.5899999999999999,
        1.7899999999999998,
        1.99
    ],
    "ion_velocity": [
        [
            -1484.6934756338735,
            285.03897015254057,
            1637.4187925310137,
            3278.4310501762307,
            5732.457318787043,
            8770.66665364478,
            12178.34434850985,
            14993.026261396697,
            17384.342007685682,
            19366.03489163908,
            21429.127720665565
        ]
    ]
}