{
    "thrust": [
        0.20506496858186782
    ],
    "time": [
        0.001
    ],
    "discharge_current": [
        15.709437385741802
    ],
    "z_normalized": [
        0.0,
        0.18999999999999997,
        0.38999999999999996,
        0.59,
        0.7899999999999999,
        0.99,
        1.19,
        1.3900000000000001,
        1.5899999999999999,
        1.7899999999999998,
        1.99
    ],
    "ion_velocity": [
        [
            -1389.4903637973357,
            -10.251352637987692,
            554.4895967088506,
            2262.6656120266684,
            4861.120804114786,
            8013.095976768242,
            11587.13137934376,
            14638.186972377327,
            17149.772717621083,
            19222.732680934463,
            21345.561989253776
        ]
    ]
}