{
    "thrust": [
        0.18922526783749877
    ],
    "time": [
        0.001
    ],
    "discharge_current": [
        14.39691047159644
    ],
    "z_normalized": [
        0.0,
        0.18999999999999997,
        0.38999999999999996,
        0.59,
        0.7899999999999999,
        0.99,
        1.19,
        1.3900000000000001,
        1.5899999999999999,
        1.7899999999999998,
        1.99
    ],
    "ion_velocity": [
        [
            -1344.6225542460647,
            -63.680500599224025,
            288.8191609522998,
            809.0404905784376,
            3197.8596798072685,
            6677.6773364089,
            10673.730961848452,
            14067.453771095978,
            16842.626914898214,
            19101.51487213049,
            21393.987055087026
        ]
    ]
}