{
    "thrust": [
        0.14531666577081834
    ],
    "time": [
        0.001
    ],
    "discharge_current": [
        106.76129289942075
    ],
    "z_normalized": [
        0.0,
        0.18999999999999997,
        0.38999999999999996,
        0.59,
        0.7899999999999999,
        0.99,
        1.19,
        1.3900000000000001,
        1.5899999999999999,
        1.7899999999999998,
        1.99
    ],
    "ion_velocity": [
        [
            -2637.2463064704766,
            1820.7501159562057,
            2576.931436077095,
            3968.094953549478,
            5925.8456242690345,
            8293.558218545519,
            12084.05681219806,
            15110.602787321475,
            17675.330961283515,
            19828.383920240813,
            22056.12852609401
        ]
    ]
}