{
    "thrust": [
        0.19519460749052556
    ],
    "time": [
        0.001
    ],
    "discharge_current": [
        12.648607792094545
    ],
    "z_normalized": [
        0.0,
        0.18999999999999997,
        0.38999999999999996,
        0.59,
        0.7899999999999999,
        0.99,
        1.19,
        1.3900000000000001,
        1.5899999999999999,
        1.7899999999999998,
        1.99
    ],
    "ion_velocity": [
        [
            -1354.8516342629746,
            -81.09665839640155,
            263.20031098749445,
            552.0109444021003,
            1918.7762393876185,
            5511.714375869565,
            9802.717083013116,
            13486.35746401761,
            16510.888608491972,
            18953.679896238795,
            21388.649893333302
        ]
    ]
}