{
    "thrust": [
        0.19383056579872576
    ],
    "time": [
        0.001
    ],
    "discharge_current": [
        12.963123429984398
    ],
    "z_normalized": [
        0.0,
        0.18999999999999997,
        0.38999999999999996,
        0.59,
        0.7899999999999999,
        0.99,
        1.19,
        1.3900000000000001,
        1.5899999999999999,
        1.7899999999999998,
        1.99
    ],
    "ion_velocity": [
        [
            -1351.5866602053575,
            -71.46446867761551,
            269.3050766605064,
            590.6289094727082,
            2235.484836151537,
            5839.546102515067,
            10046.852742769162,
            13650.545249178429,
            16606.70231004132,
            18998.92971677028,
            21393.22521288251
        ]
    ]
}