{
    "thrust": [
        0.19490595456898946
    ],
    "time": [
        0.001
    ],
    "discharge_current": [
        12.68011469803189
    ],
    "z_normalized": [
        0.0,
        0.18999999999999997,
        0.38999999999999996,
        0.59,
        0.7899999999999999,
        0.99,
        1.19,
        1.3900000000000001,
        1.5899999999999999,
        1.7899999999999998,
        1.99
    ],
    "ion_velocity": [
        [
            -1352.0823598277439,
            -81.84579543454473,
            263.35675911292986,
            556.1133870227413,
            1963.6569711663572,
            5561.079575358436,
            9839.669900853993,
            13511.274216131405,
            16525.521140401117,
            18960.774628229028,
            21389.664707684362
        ]
    ]
}