{
    "thrust": [
        0.18924946099904347
    ],
    "time": [
        0.001
    ],
    "discharge_current": [
        14.208797901157517
    ],
    "z_normalized": [
        0.0,
        0.18999999999999997,
        0.38999999999999996,
        0.59,
        0.7899999999999999,
        0.99,
        1.19,
        1.3900000000000001,
        1.5899999999999999,
        1.7899999999999998,
        1.99
    ],
    "ion_velocity": [
        [
            -1365.493924421137,
            -62.415907998855,
            287.8849069435997,
            780.6270089502669,
            3123.4054782288727,
            6618.124395244492,
            10630.107823989556,
            14040.674909151028,
            16830.595435499756,
            19100.304267896845,
            21400.71743912272
        ]
    ]
}