{
    "thrust": [
        0.15892972044211268
    ],
    "time": [
        0.001
    ],
    "discharge_current": [
        75.30941998861108
    ],
    "z_normalized": [
        0.0,
        0.18999999999999997,
        0.38999999999999996,
        0.59,
        0.7899999999999999,
        0.99,
        1.19,
        1.3900000000000001,
        1.5899999999999999,
        1.7899999999999998,
        1.99
    ],
    "ion_velocity": [
        [
            -2259.815802521565,
            1472.8492098857464,
            2283.977129292486,
            3761.7973388720948,
            5958.6086489378795,
            8403.956458288365,
            11959.982207799034,
            14952.782799179042,
            17515.599824078217,
            19667.10535875577,
            21851.59293384087
        ]
    ]
}