{
    "thrust": [
        0.14454725998203033
    ],
    "time": [
        0.001
    ],
    "discharge_current": [
        109.0651135298914
    ],
    "z_normalized": [
        0.0,
        0.18999999999999997,
        0.38999999999999996,
        0.59,
        0.7899999999999999,
        0.99,
        1.19,
        1.3900000000000001,
        1.5899999999999999,
        1.7899999999999998,
        1.99
    ],
    "ion_velocity": [
        [
            -2660.183021198724,
            1840.4701200209083,
            2594.0496370768165,
            3980.1317797030692,
            5922.094537768556,
            8287.336326312787,
            12091.068275315643,
            15119.481747821974,
            17684.327895922204,
            19837.48030987015,
            22067.91826830116
        ]
    ]
}