{
    "thrust": [
        0.19858587709567235
    ],
    "time": [
        0.001
    ],
    "discharge_current": [
        17.117414609332034
    ],
    "z_normalized": [
        0.0,
        0.18999999999999997,
        0.38999999999999996,
        0.59,
        0.7899999999999999,
        0.99,
        1.19,
        1.3900000000000001,
        1.5899999999999999,
        1.7899999999999998,
        1.99
    ],
    "ion_velocity": [
        [
            -1442.469968703005,
            -23.497558616201463,
            746.4512148562551,
            2585.1642042025287,
            5129.678544377191,
            8249.21350712258,
            11791.975606119517,
            14796.294993854543,
            17262.389168422324,
            19300.75767004684,
            21404.326441181034
        ]
    ]
}