{
    "thrust": [
        0.17380189683339203
    ],
    "time": [
        0.001
    ],
    "discharge_current": [
        45.5124963003257
    ],
    "z_normalized": [
        0.0,
        0.18999999999999997,
        0.38999999999999996,
        0.59,
        0.7899999999999999,
        0.99,
        1.19,
        1.3900000000000001,
        1.5899999999999999,
        1.7899999999999998,
        1.99
    ],
    "ion_velocity": [
        [
            -1807.7811265742178,
            1022.3240358383767,
            1997.547333352334,
            3564.4359119425576,
            5959.361086050113,
            8799.049296144301,
            12073.690586567289,
            14946.039210932822,
            17429.87417738582,
            19506.878749282,
            21603.849361330722
        ]
    ]
}