{
    "thrust": [
        0.1909704540631175
    ],
    "time": [
        0.001
    ],
    "discharge_current": [
        19.54696792781394
    ],
    "z_normalized": [
        0.0,
        0.18999999999999997,
        0.38999999999999996,
        0.59,
        0.7899999999999999,
        0.99,
        1.19,
        1.3900000000000001,
        1.5899999999999999,
        1.7899999999999998,
        1.99
    ],
    "ion_velocity": [
        [
            -1366.2210427507025,
            -35.07590915165957,
            996.2830866229705,
            2827.7731045887845,
            5324.217172094362,
            8409.782554839554,
            11925.602182856503,
            14879.670830026875,
            17296.10601938399,
            19297.821938087058,
            21383.583636925177
        ]
    ]
}