{
    "thrust": [
        0.14441861181251026
    ],
    "time": [
        0.001
    ],
    "discharge_current": [
        109.39730230594718
    ],
    "z_normalized": [
        0.0,
        0.18999999999999997,
        0.38999999999999996,
        0.59,
        0.7899999999999999,
        0.99,
        1.19,
        1.3900000000000001,
        1.5899999999999999,
        1.7899999999999998,
        1.99
    ],
    "ion_velocity": [
        [
            -2663.389015901922,
            1840.0026993727413,
            2593.260749378671,
            3979.0562497141723,
            5918.139367113503,
            8281.255326554416,
            12087.652497149715,
            15117.699624094017,
            17683.828955378158,
            19838.087088464566,
            22069.944353029823
        ]
    ]
}