{
    "thrust": [
        0.14640214794776166
    ],
    "time": [
        0.001
    ],
    "discharge_current": [
        103.81033411605102
    ],
    "z_normalized": [
        0.0,
        0.01,
        0.03,
        0.049999999999999996,
        0.06999999999999999,
        0.09000000000000001,
        0.10999999999999999,
        0.13,
        0.15,
        0.17,
        0.18999999999999997,
        0.20999999999999996,
        0.22999999999999998,
        0.25,
        0.26999999999999996,
        0.29,
        0.31,
        0.33,
        0.35000000000000003,
        0.36999999999999994,
        0.38999999999999996,
        0.41,
        0.42999999999999994,
        0.44999999999999996,
        0.47,
        0.49,
        0.51,
        0.5299999999999999,
        0.5499999999999999,
        0.57,
        0.59,
        0.61,
        0.63,
        0.65,
        0.67,
        0.6900000000000001,
        0.7100000000000001,
        0.7299999999999999,
        0.7499999999999999,
        0.7699999999999999,
        0.7899999999999999,
        0.8099999999999999,
        0.83,
        0.8499999999999999,
        0.8699999999999999,
        0.8899999999999999,
        0.9099999999999999,
        0.9299999999999999,
        0.95,
        0.97,
        0.99,
        1.01,
        1.0299999999999998,
        1.0499999999999998,
        1.0699999999999998,
        1.0899999999999999,
        1.1099999999999999,
        1.13,
        1.15,
        1.17,
        1.19,
        1.21,
        1.23,
        1.25,
        1.27,
        1.29,
        1.31,
        1.33,
        1.35,
        1.37,
        1.3900000000000001,
        1.4100000000000001,
        1.4299999999999997,
        1.4499999999999997,
        1.4699999999999998,
        1.4899999999999998,
        1.5099999999999998,
        1.5299999999999998,
        1.5499999999999998,
        1.5699999999999998,
        1.5899999999999999,
        1.6099999999999999,
        1.63,
        1.65,
        1.67,
        1.69,
        1.7099999999999997,
        1.7299999999999998,
        1.7499999999999998,
        1.7699999999999998,
        1.7899999999999998,
        1.8099999999999998,
        1.8299999999999998,
        1.8499999999999999,
        1.8699999999999999,
        1.89,
        1.91,
        1.93,
        1.95,
        1.97,
        1.99,
        2.0
    ],
    "ion_velocity": [
        [
            -2605.5871839194865,
            -1135.8156893779926,
            115.63314460006795,
            754.0682559665399,
            1189.9263149724445,
            1418.0392360545325,
            1543.8121559160152,
            1625.7589995833214,
            1687.725091796109,
            1741.6436131172936,
            1794.1721032961386,
            1848.8336404934673,
            1907.0649129474466,
            1969.2516639245812,
            2036.146084622737,
            2108.246559156556,
            2185.6178977694035,
            2268.6581636438705,
            2357.5331951492235,
            2452.630639324464,
            2554.0580865359098,
            2662.1053955909692,
            2776.912448289882,
            2898.6027693152305,
            3027.3221753435905,
            3163.213627266074,
            3306.4144710504906,
            3456.95900515505,
            3614.847118989688,
            3780.0195827526304,
            3952.3275993667203,
            4131.4965909654475,
            4317.002715345332,
            4507.884325092772,
            4702.754785086657,
            4899.957169020693,
            5099.027882621566,
            5300.644820380994,
            5505.720882322557,
            5715.048120139805,
            5928.790582715818,
            6147.3076717841295,
            6370.3822558813745,
            6597.677176192722,
            6829.378885840411,
            7064.7224566112245,
            7303.675929993866,
            7544.864373328738,
            7788.0648867017235,
            8030.103006111764,
            8299.728346684073,
            8640.564801888446,
            9044.647728031903,
            9468.555215343862,
            9884.916795229887,
            10284.832002562775,
            10667.834121472393,
            11035.977635601848,
            11391.702272175296,
            11736.772244056012,
            12072.773052083448,
            12401.059156546651,
            12722.398360349087,
            13037.330449056957,
            13346.437495746057,
            13650.273540491531,
            13949.075818136049,
            14242.951204295376,
            14532.156458441466,
            14816.837462904703,
            15097.020518795349,
            15372.840018411327,
            15644.27379554162,
            15911.41448646103,
            16174.195877655151,
            16432.68298048636,
            16686.98605977434,
            16937.024689426074,
            17182.85643204302,
            17424.443028810405,
            17661.81833447055,
            17895.05594543884,
            18124.13142852606,
            18349.096921243083,
            18570.020961340866,
            18786.942849277766,
            18999.94074440373,
            19209.11578649879,
            19414.5852291998,
            19616.478124140172,
            19814.94809758148,
            20010.19828549481,
            20202.55903599906,
            20392.302222487222,
            20580.033231513975,
            20766.41548892957,
            20953.460174586147,
            21140.13925350778,
            21337.91027252021,
            21521.84247775226,
            22039.238697921315,
            22039.238697921315
        ]
    ]
}