{
    "thrust": [
        0.15109727967376188
    ],
    "time": [
        0.001
    ],
    "discharge_current": [
        92.49645307835794
    ],
    "z_normalized": [
        0.0,
        0.01,
        0.03,
        0.049999999999999996,
        0.06999999999999999,
        0.09000000000000001,
        0.10999999999999999,
        0.13,
        0.15,
        0.17,
        0.18999999999999997,
        0.20999999999999996,
        0.22999999999999998,
        0.25,
        0.26999999999999996,
        0.29,
        0.31,
        0.33,
        0.35000000000000003,
        0.36999999999999994,
        0.38999999999999996,
        0.41,
        0.42999999999999994,
        0.44999999999999996,
        0.47,
        0.49,
        0.51,
        0.5299999999999999,
        0.5499999999999999,
        0.57,
        0.59,
        0.61,
        0.63,
        0.65,
        0.67,
        0.6900000000000001,
        0.7100000000000001,
        0.7299999999999999,
        0.7499999999999999,
        0.7699999999999999,
        0.7899999999999999,
        0.8099999999999999,
        0.83,
        0.8499999999999999,
        0.8699999999999999,
        0.8899999999999999,
        0.9099999999999999,
        0.9299999999999999,
        0.95,
        0.97,
        0.99,
        1.01,
        1.0299999999999998,
        1.0499999999999998,
        1.0699999999999998,
        1.0899999999999999,
        1.1099999999999999,
        1.13,
        1.15,
        1.17,
        1.19,
        1.21,
        1.23,
        1.25,
        1.27,
        1.29,
        1.31,
        1.33,
        1.35,
        1.37,
        1.3900000000000001,
        1.4100000000000001,
        1.4299999999999997,
        1.4499999999999997,
        1.4699999999999998,
        1.4899999999999998,
        1.5099999999999998,
        1.5299999999999998,
        1.5499999999999998,
        1.5699999999999998,
        1.5899999999999999,
        1.6099999999999999,
        1.63,
        1.65,
        1.67,
        1.69,
        1.7099999999999997,
        1.7299999999999998,
        1.7499999999999998,
        1.7699999999999998,
        1.7899999999999998,
        1.8099999999999998,
        1.8299999999999998,
        1.8499999999999999,
        1.8699999999999999,
        1.89,
        1.91,
        1.93,
        1.95,
        1.97,
        1.99,
        2.0
    ],
    "ion_velocity": [
        [
            -2475.0254270439327,
            -1144.1379723748692,
            20.602423743459035,
            614.5971627782118,
            1032.1121052769543,
            1269.005076466212,
            1408.7568525381582,
            1501.9789472100733,
            1571.786906951661,
            1630.8554918244145,
            1686.7100336981832,
            1743.6121112120397,
            1803.5332764652744,
            1867.1730468681992,
            1935.4517520637246,
            2008.9515357801622,
            2087.776773506583,
            2172.3592765259045,
            2262.8855037671055,
            2359.757543794864,
            2463.090629806045,
            2573.1847217708614,
            2690.1887530942436,
            2814.235812468181,
            2945.483002321012,
            3084.0868872035217,
            3230.2019376493213,
            3383.8839863020744,
            3545.16328445938,
            3714.0279774355877,
            3890.4085404095567,
            4074.1844346665944,
            4265.118483023029,
            4462.769972002979,
            4666.393063499003,
            4874.541768032595,
            5085.140227765169,
            5296.710445637624,
            5509.753391828337,
            5725.286886766224,
            5943.842100139792,
            6166.13673996923,
            6392.227027433385,
            6621.98650788347,
            6855.758071055727,
            7092.884109831751,
            7333.419792635813,
            7576.156662977423,
            7820.941494411829,
            8064.172939008133,
            8332.460315698741,
            8666.949542861046,
            9059.941005383915,
            9471.218189225012,
            9876.129535928823,
            10266.642742330378,
            10642.18872167674,
            11004.454601415242,
            11355.523567267388,
            11696.871602459181,
            12029.872647470585,
            12355.728731258958,
            12675.090385675438,
            12988.407288782213,
            13296.194494683257,
            13598.955924060076,
            13896.886060705514,
            14190.055420250454,
            14478.694214738563,
            14762.92582059793,
            15042.755926331332,
            15318.304028850824,
            15589.532755304333,
            15856.524313311389,
            16119.200689536437,
            16377.618031010868,
            16631.88071939738,
            16881.899909105476,
            17127.72804988051,
            17369.32065299351,
            17606.706410353774,
            17839.955403211676,
            18069.038239368885,
            18294.00305628778,
            18514.9149495169,
            18731.80917832828,
            18944.76002987338,
            19153.864663637945,
            19359.2361016933,
            19560.99848205146,
            19759.29991840315,
            19954.335399529376,
            20146.429507603516,
            20335.82885539403,
            20523.190799947253,
            20709.252451149703,
            20895.95537365251,
            21082.303907497557,
            21279.47730609689,
            21463.03078214521,
            21967.901805136546,
            21967.901805136546
        ]
    ]
}