{
    "thrust": [
        0.18597355915188188
    ],
    "time": [
        0.001
    ],
    "discharge_current": [
        25.489863260979
    ],
    "z_normalized": [
        0.0,
        0.01,
        0.03,
        0.049999999999999996,
        0.06999999999999999,
        0.09000000000000001,
        0.10999999999999999,
        0.13,
        0.15,
        0.17,
        0.18999999999999997,
        0.20999999999999996,
        0.22999999999999998,
        0.25,
        0.26999999999999996,
        0.29,
        0.31,
        0.33,
        0.35000000000000003,
        0.36999999999999994,
        0.38999999999999996,
        0.41,
        0.42999999999999994,
        0.44999999999999996,
        0.47,
        0.49,
        0.51,
        0.5299999999999999,
        0.5499999999999999,
        0.57,
        0.59,
        0.61,
        0.63,
        0.65,
        0.67,
        0.6900000000000001,
        0.7100000000000001,
        0.7299999999999999,
        0.7499999999999999,
        0.7699999999999999,
        0.7899999999999999,
        0.8099999999999999,
        0.83,
        0.8499999999999999,
        0.8699999999999999,
        0.8899999999999999,
        0.9099999999999999,
        0.9299999999999999,
        0.95,
        0.97,
        0.99,
        1.01,
        1.0299999999999998,
        1.0499999999999998,
        1.0699999999999998,
        1.0899999999999999,
        1.1099999999999999,
        1.13,
        1.15,
        1.17,
        1.19,
        1.21,
        1.23,
        1.25,
        1.27,
        1.29,
        1.31,
        1.33,
        1.35,
        1.37,
        1.3900000000000001,
        1.4100000000000001,
        1.4299999999999997,
        1.4499999999999997,
        1.4699999999999998,
        1.4899999999999998,
        1.5099999999999998,
        1.5299999999999998,
        1.5499999999999998,
        1.5699999999999998,
        1.5899999999999999,
        1.6099999999999999,
        1.63,
        1.65,
        1.67,
        1.69,
        1.7099999999999997,
        1.7299999999999998,
        1.7499999999999998,
        1.7699999999999998,
        1.7899999999999998,
        1.8099999999999998,
        1.8299999999999998,
        1.8499999999999999,
        1.8699999999999999,
        1.89,
        1.91,
        1.93,
        1.95,
        1.97,
        1.99,
        2.0
    ],
    "ion_velocity": [
        [
            -1267.6028520918976,
            -1087.8536357441965,
            -867.310573425848,
            -709.7807621384634,
            -580.497411419243,
            -474.06679649304095,
            -381.59576979454454,
            -296.9747893000083,
            -218.4305325000023,
            -141.0801121685453,
            -70.21694523607634,
            12.83279344160738,
            119.86663628546472,
            239.25021684799714,
            373.0166707998624,
            514.6240822608595,
            662.3231501550162,
            813.5798100786401,
            966.615696993396,
            1120.696676210483,
            1275.4298129620656,
            1431.3442726466237,
            1589.910628220596,
            1752.1361618134126,
            1918.0747119243713,
            2087.8617706513564,
            2262.1903580779162,
            2442.0096062188436,
            2628.2997473307987,
            2821.868259994216,
            3023.288823351073,
            3232.9440087408616,
            3451.035365953063,
            3677.60052115429,
            3912.660748063202,
            4156.025216329174,
            4407.594430119779,
            4667.017024800806,
            4934.001614220929,
            5208.310504369481,
            5489.262632315171,
            5776.680770034873,
            6069.817516344356,
            6367.968755265684,
            6671.010847674878,
            6977.803839081706,
            7287.890038162864,
            7600.326390830254,
            7914.873433199408,
            8227.20953458226,
            8545.770722738776,
            8888.200928806013,
            9252.091405349693,
            9622.481507129867,
            9989.76174075091,
            10350.238067542467,
            10702.88493272146,
            11047.65094186313,
            11384.915090016886,
            11714.742884261643,
            12037.523106861776,
            12353.775359439469,
            12663.618621161944,
            12967.128939012635,
            13264.58802551376,
            13556.35799707711,
            13842.507542399266,
            14123.00347845569,
            14398.03405233985,
            14667.691756117487,
            14931.946930552507,
            15190.921169266812,
            15444.559736947365,
            15692.971158257853,
            15936.094320977569,
            16174.02025599948,
            16406.915606393344,
            16634.728053408697,
            16857.601061845806,
            17075.61943166201,
            17288.994576408808,
            17498.05710424683,
            17703.090088773693,
            17904.512272070242,
            18102.794201965324,
            18298.360214012362,
            18491.61865251906,
            18682.91403262941,
            18872.506302199035,
            19060.56974991471,
            19247.21693270954,
            19432.541495584177,
            19616.716196711182,
            19799.861516567038,
            19982.23238777666,
            20164.09191161766,
            20346.74353353409,
            20529.31025547178,
            20720.777504511505,
            20899.499912980515,
            21314.314249392675,
            21314.314249392675
        ]
    ]
}