{
    "thrust": [
        0.20617395548681544
    ],
    "time": [
        0.001
    ],
    "discharge_current": [
        15.449834436551368
    ],
    "z_normalized": [
        0.0,
        0.01,
        0.03,
        0.049999999999999996,
        0.06999999999999999,
        0.09000000000000001,
        0.10999999999999999,
        0.13,
        0.15,
        0.17,
        0.18999999999999997,
        0.20999999999999996,
        0.22999999999999998,
        0.25,
        0.26999999999999996,
        0.29,
        0.31,
        0.33,
        0.35000000000000003,
        0.36999999999999994,
        0.38999999999999996,
        0.41,
        0.42999999999999994,
        0.44999999999999996,
        0.47,
        0.49,
        0.51,
        0.5299999999999999,
        0.5499999999999999,
        0.57,
        0.59,
        0.61,
        0.63,
        0.65,
        0.67,
        0.6900000000000001,
        0.7100000000000001,
        0.7299999999999999,
        0.7499999999999999,
        0.7699999999999999,
        0.7899999999999999,
        0.8099999999999999,
        0.83,
        0.8499999999999999,
        0.8699999999999999,
        0.8899999999999999,
        0.9099999999999999,
        0.9299999999999999,
        0.95,
        0.97,
        0.99,
        1.01,
        1.0299999999999998,
        1.0499999999999998,
        1.0699999999999998,
        1.0899999999999999,
        1.1099999999999999,
        1.13,
        1.15,
        1.17,
        1.19,
        1.21,
        1.23,
        1.25,
        1.27,
        1.29,
        1.31,
        1.33,
        1.35,
        1.37,
        1.3900000000000001,
        1.4100000000000001,
        1.4299999999999997,
        1.4499999999999997,
        1.4699999999999998,
        1.4899999999999998,
        1.5099999999999998,
        1.5299999999999998,
        1.5499999999999998,
        1.5699999999999998,
        1.5899999999999999,
        1.6099999999999999,
        1.63,
        1.65,
        1.67,
        1.69,
        1.7099999999999997,
        1.7299999999999998,
        1.7499999999999998,
        1.7699999999999998,
        1.7899999999999998,
        1.8099999999999998,
        1.8299999999999998,
        1.8499999999999999,
        1.8699999999999999,
        1.89,
        1.91,
        1.93,
        1.95,
        1.97,
        1.99,
        2.0
    ],
    "ion_velocity": [
        [
            -1414.8779343684998,
            -1100.7835254997858,
            -742.3369909038663,
            -504.29718323625633,
            -383.55542682412454,
            -297.34655594478494,
            -225.84802998890365,
            -162.80512490756857,
            -105.70171010258102,
            -52.805004772330776,
            -3.170068745000565,
            44.23558809199382,
            90.01272417093004,
            134.7254868391182,
            179.16191301812083,
            223.67661415317147,
            269.600040971793,
            318.60039230869506,
            373.52728761468904,
            440.11296475546953,
            522.2146546577462,
            621.5227486951322,
            737.9346417552778,
            871.1016772961353,
            1020.0280093379021,
            1183.3414691832122,
            1359.580944471926,
            1547.4202507105128,
            1746.1742110466723,
            1955.8359439190135,
            2175.991702537392,
            2405.5864379301534,
            2643.4062891151325,
            2888.490967187177,
            3140.351788331521,
            3398.6825458716926,
            3663.5506142731265,
            3934.8999791833767,
            4212.782794417244,
            4497.2884976604555,
            4787.989226057909,
            5084.950798738249,
            5387.585273374311,
            5695.322361985294,
            6008.191245752709,
            6325.139027666461,
            6645.789845723168,
            6969.352787659246,
            7295.625160218601,
            7620.517127449438,
            7951.085784665901,
            8302.029915513776,
            8671.199667642553,
            9046.469503054688,
            9419.741401232546,
            9787.846800627263,
            10149.835998977935,
            10505.55651430827,
            10855.225247800325,
            11198.689464849742,
            11536.135697873315,
            11867.903726516,
            12193.922705261422,
            12514.097028308433,
            12828.577961369789,
            13137.63034759807,
            13441.225579250757,
            13739.243778407954,
            14031.82081678385,
            14319.003515211509,
            14600.719255703636,
            14877.068339059222,
            15147.971379874989,
            15413.525286546137,
            15673.637913548451,
            15928.38780360753,
            16177.947413617863,
            16422.266172032043,
            16661.49367408012,
            16895.68444538013,
            17125.001108140517,
            17349.699263782397,
            17569.942970403354,
            17786.010171443737,
            17998.22295011729,
            18206.872578247425,
            18412.282903772488,
            18614.7763515323,
            18814.651300804704,
            19012.166206740294,
            19207.543556671415,
            19400.994210845434,
            19592.80673092934,
            19783.20007403886,
            19972.500204678938,
            20161.034698763873,
            20350.125505452168,
            20538.9243544696,
            20736.32807264385,
            20920.129457970572,
            21336.91828319359,
            21336.91828319359
        ]
    ]
}