{
    "thrust": [
        0.19738175103740493
    ],
    "time": [
        0.001
    ],
    "discharge_current": [
        17.326828031320645
    ],
    "z_normalized": [
        0.0,
        0.01,
        0.03,
        0.049999999999999996,
        0.06999999999999999,
        0.09000000000000001,
        0.10999999999999999,
        0.13,
        0.15,
        0.17,
        0.18999999999999997,
        0.20999999999999996,
        0.22999999999999998,
        0.25,
        0.26999999999999996,
        0.29,
        0.31,
        0.33,
        0.35000000000000003,
        0.36999999999999994,
        0.38999999999999996,
        0.41,
        0.42999999999999994,
        0.44999999999999996,
        0.47,
        0.49,
        0.51,
        0.5299999999999999,
        0.5499999999999999,
        0.57,
        0.59,
        0.61,
        0.63,
        0.65,
        0.67,
        0.6900000000000001,
        0.7100000000000001,
        0.7299999999999999,
        0.7499999999999999,
        0.7699999999999999,
        0.7899999999999999,
        0.8099999999999999,
        0.83,
        0.8499999999999999,
        0.8699999999999999,
        0.8899999999999999,
        0.9099999999999999,
        0.9299999999999999,
        0.95,
        0.97,
        0.99,
        1.01,
        1.0299999999999998,
        1.0499999999999998,
        1.0699999999999998,
        1.0899999999999999,
        1.1099999999999999,
        1.13,
        1.15,
        1.17,
        1.19,
        1.21,
        1.23,
        1.25,
        1.27,
        1.29,
        1.31,
        1.33,
        1.35,
        1.37,
        1.3900000000000001,
        1.4100000000000001,
        1.4299999999999997,
        1.4499999999999997,
        1.4699999999999998,
        1.4899999999999998,
        1.5099999999999998,
        1.5299999999999998,
        1.5499999999999998,
        1.5699999999999998,
        1.5899999999999999,
        1.6099999999999999,
        1.63,
        1.65,
        1.67,
        1.69,
        1.7099999999999997,
        1.7299999999999998,
        1.7499999999999998,
        1.7699999999999998,
        1.7899999999999998,
        1.8099999999999998,
        1.8299999999999998,
        1.8499999999999999,
        1.8699999999999999,
        1.89,
        1.91,
        1.93,
        1.95,
        1.97,
        1.99,
        2.0
    ],
    "ion_velocity": [
        [
            -1473.4220165133647,
            -1062.7698730448858,
            -652.4477599313495,
            -528.5480843716465,
            -421.73878502000696,
            -341.5539890915106,
            -267.4266690496606,
            -201.76203337065098,
            -139.77062934451035,
            -81.86868733224772,
            -26.056944745580882,
            28.218781288953508,
            82.04655000542928,
            135.45639262012784,
            190.56392941571968,
            248.76272124177643,
            318.5587855996468,
            406.9284538400707,
            511.93927596540976,
            633.2264321877876,
            768.7593281666931,
            916.6615305890098,
            1074.9271924642449,
            1241.8823393997266,
            1416.2925424126063,
            1597.5612208153134,
            1786.2417775776182,
            1982.8208793340232,
            2186.795807822096,
            2397.3008620551495,
            2613.815102071936,
            2836.34289652254,
            3065.206002125547,
            3300.7939345116424,
            3543.535938813966,
            3793.607794771847,
            4051.217543781484,
            4316.24102601247,
            4588.563051684011,
            4868.080344216753,
            5154.192685287804,
            5446.810944870267,
            5745.231450780588,
            6048.791782593549,
            6357.436182172692,
            6670.057913061128,
            6986.234567316274,
            7305.120881638828,
            7626.508661275951,
            7946.257663479741,
            8271.712660301382,
            8618.334775480485,
            8984.005360002691,
            9355.915801870666,
            9725.611365136034,
            10089.780477665392,
            10447.430201325835,
            10798.409571092714,
            11142.957356511288,
            11480.965696321664,
            11812.665786805193,
            12138.439992686059,
            12458.268731022012,
            12772.105849195364,
            13080.141121259392,
            13382.66905935382,
            13679.692693492756,
            13971.121140337023,
            14257.107988438362,
            14537.716003968635,
            14812.887875913908,
            15082.731967062411,
            15347.179006306478,
            15606.329664631721,
            15860.099367939487,
            16108.56871488687,
            16351.910026519567,
            16590.07988184566,
            16823.232594106386,
            17051.43474453828,
            17274.864420168087,
            17493.79814291392,
            17708.431779361315,
            17919.078642847067,
            18126.09780965285,
            18329.815465700776,
            18530.580221726043,
            18728.725242698547,
            18924.544394973043,
            19118.27822974431,
            19310.121836845305,
            19500.253699763856,
            19688.927309662,
            19876.330063808044,
            20062.763121949432,
            20248.530691244265,
            20434.94272242729,
            20621.140359476758,
            20816.037860291108,
            20997.60540870615,
            21412.66607592912,
            21412.66607592912
        ]
    ]
}