{
    "thrust": [
        0.1437422038111317
    ],
    "time": [
        0.001
    ],
    "discharge_current": [
        111.23655467743944
    ],
    "z_normalized": [
        0.0,
        0.01,
        0.03,
        0.049999999999999996,
        0.06999999999999999,
        0.09000000000000001,
        0.10999999999999999,
        0.13,
        0.15,
        0.17,
        0.18999999999999997,
        0.20999999999999996,
        0.22999999999999998,
        0.25,
        0.26999999999999996,
        0.29,
        0.31,
        0.33,
        0.35000000000000003,
        0.36999999999999994,
        0.38999999999999996,
        0.41,
        0.42999999999999994,
        0.44999999999999996,
        0.47,
        0.49,
        0.51,
        0.5299999999999999,
        0.5499999999999999,
        0.57,
        0.59,
        0.61,
        0.63,
        0.65,
        0.67,
        0.6900000000000001,
        0.7100000000000001,
        0.7299999999999999,
        0.7499999999999999,
        0.7699999999999999,
        0.7899999999999999,
        0.8099999999999999,
        0.83,
        0.8499999999999999,
        0.8699999999999999,
        0.8899999999999999,
        0.9099999999999999,
        0.9299999999999999,
        0.95,
        0.97,
        0.99,
        1.01,
        1.0299999999999998,
        1.0499999999999998,
        1.0699999999999998,
        1.0899999999999999,
        1.1099999999999999,
        1.13,
        1.15,
        1.17,
        1.19,
        1.21,
        1.23,
        1.25,
        1.27,
        1.29,
        1.31,
        1.33,
        1.35,
        1.37,
        1.3900000000000001,
        1.4100000000000001,
        1.4299999999999997,
        1.4499999999999997,
        1.4699999999999998,
        1.4899999999999998,
        1.5099999999999998,
        1.5299999999999998,
        1.5499999999999998,
        1.5699999999999998,
        1.5899999999999999,
        1.6099999999999999,
        1.63,
        1.65,
        1.67,
        1.69,
        1.7099999999999997,
        1.7299999999999998,
        1.7499999999999998,
        1.7699999999999998,
        1.7899999999999998,
        1.8099999999999998,
        1.8299999999999998,
        1.8499999999999999,
        1.8699999999999999,
        1.89,
        1.91,
        1.93,
        1.95,
        1.97,
        1.99,
        2.0
    ],
    "ion_velocity": [
        [
            -2684.0661999189138,
            -1133.010069217755,
            169.61115381230016,
            832.0245837185348,
            1279.7502065311091,
            1503.352591609956,
            1621.8703489628695,
            1698.382622672534,
            1756.7842323826142,
            1808.4332962150722,
            1859.4922947392622,
            1913.1222819096422,
            1970.5204070576583,
            2031.941224932085,
            2098.0699088573574,
            2169.3736191120547,
            2245.9049316345872,
            2328.048213146705,
            2415.959987562077,
            2510.020611977706,
            2610.3333628839055,
            2717.1819397558024,
            2830.6999515996727,
            2951.0039395330605,
            3078.2308561062,
            3212.5123927740447,
            3353.9703517581916,
            3502.6177444269656,
            3658.41981675045,
            3821.2605702694777,
            3990.8842173367825,
            4166.83053592681,
            4348.249882678845,
            4533.812813745828,
            4722.00361475815,
            4912.2219836186705,
            5105.375635323046,
            5302.3776985845125,
            5503.967353192528,
            5710.6689471124455,
            5922.405257036058,
            6139.343492027773,
            6361.137281633754,
            6587.355513341721,
            6818.118441746229,
            7052.61788120249,
            7290.784708942951,
            7531.1602045177315,
            7773.501756634878,
            8014.91875866207,
            8285.38755318634,
            8629.906985675163,
            9040.34108482058,
            9471.42900820722,
            9894.243064450324,
            10299.401552094649,
            10686.51602085477,
            11057.86607176507,
            11416.104675443883,
            11763.16589095014,
            12100.759434153644,
            12430.324692319296,
            12752.691425390767,
            13068.449283360085,
            13378.217931211768,
            13682.579632721472,
            13981.795710243787,
            14275.993492332565,
            14565.444648908524,
            14850.307695182588,
            15130.620491139747,
            15406.525774123667,
            15678.009894770277,
            15945.171329638531,
            16207.950473549077,
            16466.41728276282,
            16720.685309387878,
            16970.678845339757,
            17216.458314566928,
            17457.988950968534,
            17695.307494037537,
            17928.489510473995,
            18157.513355057563,
            18382.43340998115,
            18603.320151979315,
            18820.21516413722,
            19033.198794827164,
            19242.374444518147,
            19447.86176959758,
            19649.792651879634,
            19848.323821184425,
            20043.663237123554,
            20236.14408963641,
            20426.055247388962,
            20613.960323871903,
            20800.47528603049,
            20987.663097237713,
            21174.48013071052,
            21372.53871801658,
            21556.6303927151,
            22081.061449257308,
            22081.061449257308
        ]
    ]
}