{
    "thrust": [
        0.1856546833761828
    ],
    "time": [
        0.001
    ],
    "discharge_current": [
        27.00890785350876
    ],
    "z_normalized": [
        0.0,
        0.01,
        0.03,
        0.049999999999999996,
        0.06999999999999999,
        0.09000000000000001,
        0.10999999999999999,
        0.13,
        0.15,
        0.17,
        0.18999999999999997,
        0.20999999999999996,
        0.22999999999999998,
        0.25,
        0.26999999999999996,
        0.29,
        0.31,
        0.33,
        0.35000000000000003,
        0.36999999999999994,
        0.38999999999999996,
        0.41,
        0.42999999999999994,
        0.44999999999999996,
        0.47,
        0.49,
        0.51,
        0.5299999999999999,
        0.5499999999999999,
        0.57,
        0.59,
        0.61,
        0.63,
        0.65,
        0.67,
        0.6900000000000001,
        0.7100000000000001,
        0.7299999999999999,
        0.7499999999999999,
        0.7699999999999999,
        0.7899999999999999,
        0.8099999999999999,
        0.83,
        0.8499999999999999,
        0.8699999999999999,
        0.8899999999999999,
        0.9099999999999999,
        0.9299999999999999,
        0.95,
        0.97,
        0.99,
        1.01,
        1.0299999999999998,
        1.0499999999999998,
        1.0699999999999998,
        1.0899999999999999,
        1.1099999999999999,
        1.13,
        1.15,
        1.17,
        1.19,
        1.21,
        1.23,
        1.25,
        1.27,
        1.29,
        1.31,
        1.33,
        1.35,
        1.37,
        1.3900000000000001,
        1.4100000000000001,
        1.4299999999999997,
        1.4499999999999997,
        1.4699999999999998,
        1.4899999999999998,
        1.5099999999999998,
        1.5299999999999998,
        1.5499999999999998,
        1.5699999999999998,
        1.5899999999999999,
        1.6099999999999999,
        1.63,
        1.65,
        1.67,
        1.69,
        1.7099999999999997,
        1.7299999999999998,
        1.7499999999999998,
        1.7699999999999998,
        1.7899999999999998,
        1.8099999999999998,
        1.8299999999999998,
        1.8499999999999999,
        1.8699999999999999,
        1.89,
        1.91,
        1.93,
        1.95,
        1.97,
        1.99,
        2.0
    ],
    "ion_velocity": [
        [
            -1328.6838126887994,
            -1132.471583587735,
            -890.659133254295,
            -721.0640518242099,
            -582.2762919695446,
            -468.70694325527677,
            -370.2861236420832,
            -282.1135210635128,
            -197.2608387484273,
            -116.4548959260903,
            -20.79359644771509,
            93.6335567684169,
            219.4712179252478,
            355.42070725464646,
            497.4446405865226,
            643.5297224679982,
            791.3662241223489,
            939.8767980433033,
            1088.2539269478955,
            1236.568204338517,
            1385.2175486232163,
            1535.5778203430118,
            1689.258397903181,
            1846.5431979091884,
            2007.566552314501,
            2172.9693697680796,
            2343.781973776629,
            2520.9960815417476,
            2705.451264881857,
            2897.7606084552217,
            3098.322831397372,
            3307.3871253717116,
            3525.060999712249,
            3751.319380546926,
            3986.142135568559,
            4229.311786547931,
            4480.711271544993,
            4739.978035010143,
            5006.813248645454,
            5280.973013867891,
            5561.772628796462,
            5849.02976521586,
            6141.992880606795,
            6439.953664857303,
            6742.7805062548805,
            7049.3270141078865,
            7359.126955595186,
            7671.227239677149,
            7985.383954716652,
            8297.268483526712,
            8615.30414231881,
            8957.168500730853,
            9320.46464324523,
            9690.19045162787,
            10056.716373001203,
            10416.33806282993,
            10768.027891253492,
            11111.73864492142,
            11447.855635066939,
            11776.449947487166,
            12097.90699989321,
            12412.729205326164,
            12720.998418749616,
            13022.72096332677,
            13318.03748347896,
            13607.15634686225,
            13890.206069174352,
            14167.400660871972,
            14439.166178454758,
            14705.787849143397,
            14967.381427425546,
            15224.171214607348,
            15476.172549406101,
            15723.525982130926,
            15966.16604934792,
            16204.154221693234,
            16437.60994404589,
            16666.418529113565,
            16890.619921327874,
            17110.13248808231,
            17324.94606688574,
            17535.060874719795,
            17740.544043111175,
            17941.91656578488,
            18139.849739358488,
            18334.919656836104,
            18527.630333298275,
            18718.380194374775,
            18907.455379930656,
            19095.03953932173,
            19281.245449097223,
            19466.162790816714,
            19649.958808205174,
            19832.748800606252,
            20014.783953334896,
            20196.323936703913,
            20378.6721161512,
            20560.948801744362,
            20752.154564512046,
            20930.64063599542,
            21345.860493495456,
            21345.860493495456
        ]
    ]
}