{
    "thrust": [
        0.18589283556743547
    ],
    "time": [
        0.001
    ],
    "discharge_current": [
        24.291252420203733
    ],
    "z_normalized": [
        0.0,
        0.01,
        0.03,
        0.049999999999999996,
        0.06999999999999999,
        0.09000000000000001,
        0.10999999999999999,
        0.13,
        0.15,
        0.17,
        0.18999999999999997,
        0.20999999999999996,
        0.22999999999999998,
        0.25,
        0.26999999999999996,
        0.29,
        0.31,
        0.33,
        0.35000000000000003,
        0.36999999999999994,
        0.38999999999999996,
        0.41,
        0.42999999999999994,
        0.44999999999999996,
        0.47,
        0.49,
        0.51,
        0.5299999999999999,
        0.5499999999999999,
        0.57,
        0.59,
        0.61,
        0.63,
        0.65,
        0.67,
        0.6900000000000001,
        0.7100000000000001,
        0.7299999999999999,
        0.7499999999999999,
        0.7699999999999999,
        0.7899999999999999,
        0.8099999999999999,
        0.83,
        0.8499999999999999,
        0.8699999999999999,
        0.8899999999999999,
        0.9099999999999999,
        0.9299999999999999,
        0.95,
        0.97,
        0.99,
        1.01,
        1.0299999999999998,
        1.0499999999999998,
        1.0699999999999998,
        1.0899999999999999,
        1.1099999999999999,
        1.13,
        1.15,
        1.17,
        1.19,
        1.21,
        1.23,
        1.25,
        1.27,
        1.29,
        1.31,
        1.33,
        1.35,
        1.37,
        1.3900000000000001,
        1.4100000000000001,
        1.4299999999999997,
        1.4499999999999997,
        1.4699999999999998,
        1.4899999999999998,
        1.5099999999999998,
        1.5299999999999998,
        1.5499999999999998,
        1.5699999999999998,
        1.5899999999999999,
        1.6099999999999999,
        1.63,
        1.65,
        1.67,
        1.69,
        1.7099999999999997,
        1.7299999999999998,
        1.7499999999999998,
        1.7699999999999998,
        1.7899999999999998,
        1.8099999999999998,
        1.8299999999999998,
        1.8499999999999999,
        1.8699999999999999,
        1.89,
        1.91,
        1.93,
        1.95,
        1.97,
        1.99,
        2.0
    ],
    "ion_velocity": [
        [
            -1266.8685824033835,
            -1061.9264025226798,
            -832.7841420184816,
            -687.7894827522549,
            -564.1191187861385,
            -463.71565444988363,
            -374.9122833421014,
            -294.7249273035222,
            -217.94746730764402,
            -145.43879696317464,
            -74.38159467269342,
            -2.614813081396838,
            86.56367956957428,
            195.81528742323175,
            319.2126369580245,
            454.94978719998124,
            598.962379813336,
            748.8349525057042,
            902.2566234890106,
            1057.9461524793494,
            1215.045818361819,
            1373.5807048648849,
            1534.2466142715618,
            1698.8737160797139,
            1867.6527802880144,
            2040.3171327577795,
            2217.1755619055457,
            2399.0182423279016,
            2586.83992359702,
            2781.5413173664347,
            2983.8010445832497,
            3194.0911059642567,
            3412.681045647655,
            3639.6573427950334,
            3875.07514064783,
            4118.766159788633,
            4370.64639720096,
            4630.374092583697,
            4897.664438430458,
            5172.284692263551,
            5453.555920035385,
            5741.304709822801,
            6034.785361719877,
            6333.295818907757,
            6636.71753676718,
            6943.913611467716,
            7254.430428019782,
            7567.33333258308,
            7882.386601330156,
            8195.281181992223,
            8514.39404765942,
            8857.23771496262,
            9221.419988688283,
            9592.115900164908,
            9959.788635369956,
            10320.768556904179,
            10674.030775864043,
            11019.514053638735,
            11357.583486684123,
            11688.287595141119,
            12011.999859522071,
            12329.226742043269,
            12640.074415623387,
            12944.607796252843,
            13243.099784024858,
            13535.905018224006,
            13823.083589930253,
            14104.593856344367,
            14380.62217672725,
            14651.264235401275,
            14916.49392027571,
            15176.436751882973,
            15431.04075243128,
            15680.416422446682,
            15924.500958433535,
            16163.379951214058,
            16397.21534887551,
            16625.962685067596,
            16849.774668269816,
            17068.732017301532,
            17283.03629631117,
            17493.00904416777,
            17698.925418281866,
            17901.194370259913,
            18100.276373755387,
            18296.586955771938,
            18490.529276803383,
            18682.447741646207,
            18872.607038793325,
            19061.18933289919,
            19248.316218179498,
            19434.090072108236,
            19618.69141239381,
            19802.24649618971,
            19985.013659185068,
            20167.25839598696,
            20350.284182417112,
            20533.21386673868,
            20725.03047724259,
            20904.047324173738,
            21318.960257354895,
            21318.960257354895
        ]
    ]
}