{
    "thrust": [
        0.18681207747838274
    ],
    "time": [
        0.001
    ],
    "discharge_current": [
        17.97672491113941
    ],
    "z_normalized": [
        0.0,
        0.01,
        0.03,
        0.049999999999999996,
        0.06999999999999999,
        0.09000000000000001,
        0.10999999999999999,
        0.13,
        0.15,
        0.17,
        0.18999999999999997,
        0.20999999999999996,
        0.22999999999999998,
        0.25,
        0.26999999999999996,
        0.29,
        0.31,
        0.33,
        0.35000000000000003,
        0.36999999999999994,
        0.38999999999999996,
        0.41,
        0.42999999999999994,
        0.44999999999999996,
        0.47,
        0.49,
        0.51,
        0.5299999999999999,
        0.5499999999999999,
        0.57,
        0.59,
        0.61,
        0.63,
        0.65,
        0.67,
        0.6900000000000001,
        0.7100000000000001,
        0.7299999999999999,
        0.7499999999999999,
        0.7699999999999999,
        0.7899999999999999,
        0.8099999999999999,
        0.83,
        0.8499999999999999,
        0.8699999999999999,
        0.8899999999999999,
        0.9099999999999999,
        0.9299999999999999,
        0.95,
        0.97,
        0.99,
        1.01,
        1.0299999999999998,
        1.0499999999999998,
        1.0699999999999998,
        1.0899999999999999,
        1.1099999999999999,
        1.13,
        1.15,
        1.17,
        1.19,
        1.21,
        1.23,
        1.25,
        1.27,
        1.29,
        1.31,
        1.33,
        1.35,
        1.37,
        1.3900000000000001,
        1.4100000000000001,
        1.4299999999999997,
        1.4499999999999997,
        1.4699999999999998,
        1.4899999999999998,
        1.5099999999999998,
        1.5299999999999998,
        1.5499999999999998,
        1.5699999999999998,
        1.5899999999999999,
        1.6099999999999999,
        1.63,
        1.65,
        1.67,
        1.69,
        1.7099999999999997,
        1.7299999999999998,
        1.7499999999999998,
        1.7699999999999998,
        1.7899999999999998,
        1.8099999999999998,
        1.8299999999999998,
        1.8499999999999999,
        1.8699999999999999,
        1.89,
        1.91,
        1.93,
        1.95,
        1.97,
        1.99,
        2.0
    ],
    "ion_velocity": [
        [
            -1335.7592686473529,
            -1093.4685783851144,
            -789.9703750422107,
            -579.4836248991575,
            -441.2884443485877,
            -351.6168743451577,
            -270.78262394344944,
            -204.5861240152712,
            -144.06453699075686,
            -90.87018960199671,
            -42.20779176283392,
            1.9869177986469142,
            43.41478551450148,
            81.98352158490418,
            118.63676961321192,
            153.83076113150747,
            188.22099566357505,
            222.46477468743467,
            257.2878698212134,
            293.4471712965571,
            332.0102023470941,
            373.6739566042262,
            420.39631041320746,
            472.4408315973463,
            536.2650209214204,
            623.5166641436037,
            734.1475281327072,
            868.6147201572271,
            1026.678363376582,
            1206.6574996516395,
            1406.0773802779725,
            1622.6576137886705,
            1856.0266259156817,
            2103.9827025081363,
            2363.5022430816166,
            2632.2734311575505,
            2908.9460219966645,
            3192.8458128334405,
            3483.7868837667743,
            3781.7948676738215,
            4086.3972144360005,
            4397.647983375999,
            4714.983810518088,
            5037.798645451814,
            5366.094138949439,
            5698.738943842175,
            6035.337933144191,
            6374.927389926794,
            6717.175955659917,
            7057.531714645869,
            7405.743368979309,
            7780.651574330999,
            8178.850200040022,
            8583.905538890149,
            8985.405161970028,
            9379.58819667544,
            9765.61710312722,
            10143.638134120882,
            10514.184646773963,
            10877.371378470712,
            11233.680145130076,
            11583.456324442835,
            11926.42968126582,
            12262.528060936922,
            12591.988520714367,
            12915.171584664522,
            13232.12776336655,
            13542.805160110283,
            13847.407240751823,
            14146.035788456173,
            14438.659750175008,
            14725.418557418056,
            15006.25770690968,
            15281.297350982819,
            15550.45536967138,
            15813.819045096738,
            16071.566901863225,
            16323.642024468087,
            16570.191580247323,
            16811.26531319648,
            17047.029438440546,
            17277.75776464751,
            17503.64753885709,
            17725.03635529484,
            17942.331969673647,
            18155.929811208764,
            18366.26681117618,
            18573.77169402013,
            18778.828217380844,
            18981.750660451027,
            19182.78676770385,
            19382.14674698979,
            19580.103354501145,
            19776.844543090374,
            19972.66997511465,
            20167.864191322984,
            20363.788620445914,
            20559.439256158126,
            20764.247521554742,
            20954.575575364,
            21391.44457213534,
            21391.44457213534
        ]
    ]
}