{
    "thrust": [
        0.18783723353812465
    ],
    "time": [
        0.001
    ],
    "discharge_current": [
        17.62936047591535
    ],
    "z_normalized": [
        0.0,
        0.01,
        0.03,
        0.049999999999999996,
        0.06999999999999999,
        0.09000000000000001,
        0.10999999999999999,
        0.13,
        0.15,
        0.17,
        0.18999999999999997,
        0.20999999999999996,
        0.22999999999999998,
        0.25,
        0.26999999999999996,
        0.29,
        0.31,
        0.33,
        0.35000000000000003,
        0.36999999999999994,
        0.38999999999999996,
        0.41,
        0.42999999999999994,
        0.44999999999999996,
        0.47,
        0.49,
        0.51,
        0.5299999999999999,
        0.5499999999999999,
        0.57,
        0.59,
        0.61,
        0.63,
        0.65,
        0.67,
        0.6900000000000001,
        0.7100000000000001,
        0.7299999999999999,
        0.7499999999999999,
        0.7699999999999999,
        0.7899999999999999,
        0.8099999999999999,
        0.83,
        0.8499999999999999,
        0.8699999999999999,
        0.8899999999999999,
        0.9099999999999999,
        0.9299999999999999,
        0.95,
        0.97,
        0.99,
        1.01,
        1.0299999999999998,
        1.0499999999999998,
        1.0699999999999998,
        1.0899999999999999,
        1.1099999999999999,
        1.13,
        1.15,
        1.17,
        1.19,
        1.21,
        1.23,
        1.25,
        1.27,
        1.29,
        1.31,
        1.33,
        1.35,
        1.37,
        1.3900000000000001,
        1.4100000000000001,
        1.4299999999999997,
        1.4499999999999997,
        1.4699999999999998,
        1.4899999999999998,
        1.5099999999999998,
        1.5299999999999998,
        1.5499999999999998,
        1.5699999999999998,
        1.5899999999999999,
        1.6099999999999999,
        1.63,
        1.65,
        1.67,
        1.69,
        1.7099999999999997,
        1.7299999999999998,
        1.7499999999999998,
        1.7699999999999998,
        1.7899999999999998,
        1.8099999999999998,
        1.8299999999999998,
        1.8499999999999999,
        1.8699999999999999,
        1.89,
        1.91,
        1.93,
        1.95,
        1.97,
        1.99,
        2.0
    ],
    "ion_velocity": [
        [
            -1336.5154072400262,
            -1105.7507111023654,
            -790.3072115020566,
            -568.5161883971975,
            -437.8655517099598,
            -346.42948097138856,
            -267.20345785469453,
            -200.62039920318946,
            -140.67937550957384,
            -87.4943521571278,
            -39.0780427501522,
            4.879687487857761,
            45.99237304902291,
            84.29291672635294,
            120.56305760387555,
            155.32298243732063,
            189.1521501121852,
            222.7223871371403,
            256.6764052191022,
            291.8081484247628,
            329.01286654717643,
            369.1737511018073,
            413.7574836898288,
            463.68255199192504,
            522.9570080179649,
            601.0224728373333,
            702.713985745566,
            828.4911455487537,
            978.4511555817663,
            1151.5134972689839,
            1345.4934298967942,
            1557.9987894733717,
            1787.92294111062,
            2033.5778881979027,
            2292.1019567258436,
            2560.865566469474,
            2838.0879744210506,
            3122.786418537724,
            3414.608491593992,
            3713.5093957796475,
            4018.9963479028665,
            4331.125178949292,
            4649.340876730961,
            4973.046892067554,
            5302.2560308114,
            5635.842447010758,
            5973.416806030434,
            6314.02050996885,
            6657.318624038301,
            6998.761917834341,
            7348.086418338969,
            7724.055249234666,
            8123.241542081098,
            8529.276426803981,
            8931.78212199641,
            9327.01711404055,
            9714.153864394313,
            10093.34214771009,
            10465.114582785982,
            10829.579600963372,
            11187.212859506204,
            11538.35174077168,
            11882.713945356592,
            12220.216812826444,
            12551.089666930491,
            12875.687339391825,
            13194.054334924129,
            13506.133572750216,
            13812.125781256727,
            14112.130204546136,
            14406.113408069927,
            14694.213943069055,
            14976.375733224682,
            15252.718762483462,
            15523.159761515375,
            15787.78615771464,
            16046.777034465118,
            16300.07462829015,
            16547.826233323387,
            16790.08035959854,
            17027.001754125908,
            17258.861860654113,
            17485.853314516266,
            17708.308221901723,
            17926.627892799403,
            18141.20113337195,
            18352.460003003136,
            18560.831111986252,
            18766.69936541822,
            18970.3831002147,
            19172.136071072484,
            19372.175338724206,
            19570.780765378593,
            19768.146243121053,
            19964.575935589342,
            20160.358163057546,
            20356.856615342433,
            20553.066414044973,
            20758.422312338847,
            20949.233473343586,
            21386.600692278713,
            21386.600692278713
        ]
    ]
}