{
    "thrust": [
        0.14371299313901711
    ],
    "time": [
        0.001
    ],
    "discharge_current": [
        111.31676404783424
    ],
    "z_normalized": [
        0.0,
        0.01,
        0.03,
        0.049999999999999996,
        0.06999999999999999,
        0.09000000000000001,
        0.10999999999999999,
        0.13,
        0.15,
        0.17,
        0.18999999999999997,
        0.20999999999999996,
        0.22999999999999998,
        0.25,
        0.26999999999999996,
        0.29,
        0.31,
        0.33,
        0.35000000000000003,
        0.36999999999999994,
        0.38999999999999996,
        0.41,
        0.42999999999999994,
        0.44999999999999996,
        0.47,
        0.49,
        0.51,
        0.5299999999999999,
        0.5499999999999999,
        0.57,
        0.59,
        0.61,
        0.63,
        0.65,
        0.67,
        0.6900000000000001,
        0.7100000000000001,
        0.7299999999999999,
        0.7499999999999999,
        0.7699999999999999,
        0.7899999999999999,
        0.8099999999999999,
        0.83,
        0.8499999999999999,
        0.8699999999999999,
        0.8899999999999999,
        0.9099999999999999,
        0.9299999999999999,
        0.95,
        0.97,
        0.99,
        1.01,
        1.0299999999999998,
        1.0499999999999998,
        1.0699999999999998,
        1.0899999999999999,
        1.1099999999999999,
        1.13,
        1.15,
        1.17,
        1.19,
        1.21,
        1.23,
        1.25,
        1.27,
        1.29,
        1.31,
        1.33,
        1.35,
        1.37,
        1.3900000000000001,
        1.4100000000000001,
        1.4299999999999997,
        1.4499999999999997,
        1.4699999999999998,
        1.4899999999999998,
        1.5099999999999998,
        1.5299999999999998,
        1.5499999999999998,
        1.5699999999999998,
        1.5899999999999999,
        1.6099999999999999,
        1.63,
        1.65,
        1.67,
        1.69,
        1.7099999999999997,
        1.7299999999999998,
        1.7499999999999998,
        1.7699999999999998,
        1.7899999999999998,
        1.8099999999999998,
        1.8299999999999998,
        1.8499999999999999,
        1.8699999999999999,
        1.89,
        1.91,
        1.93,
        1.95,
        1.97,
        1.99,
        2.0
    ],
    "ion_velocity": [
        [
            -2684.8744376288723,
            -1132.9980115549438,
            170.17546639249687,
            832.6862421590324,
            1280.4356425135752,
            1503.928344107984,
            1622.3395488497329,
            1698.7814456915894,
            1757.1401001914962,
            1808.7630706256978,
            1859.8055313290467,
            1913.423903445281,
            1970.8126895859357,
            2032.2251903628905,
            2098.3460282725187,
            2169.64207284716,
            2246.1657086840823,
            2328.3011876014134,
            2416.204962519973,
            2510.257318536378,
            2610.5614664774303,
            2717.401026008862,
            2830.90952754646,
            2951.2034126243757,
            3078.419511587326,
            3212.689358630394,
            3354.134529166177,
            3502.7677320235275,
            3658.553717820323,
            3821.375769322033,
            3990.9766516717555,
            4166.893874199281,
            4348.273126114491,
            4533.780145105648,
            4721.8960537493285,
            4912.039939074373,
            5105.1260936345925,
            5302.068566708345,
            5503.605251777397,
            5710.25870410452,
            5921.949952499593,
            6138.845662242281,
            6360.5999161753325,
            6586.781547002781,
            6817.510665149909,
            7051.978924200763,
            7290.116947034963,
            7530.465181392688,
            7772.780922517589,
            8014.177922449029,
            8284.647401108363,
            8629.203695375289,
            9039.70894556255,
            9470.880237618105,
            9893.770384435938,
            10298.991751541524,
            10686.15711683125,
            11057.549147569884,
            11415.823720177006,
            11762.917153387581,
            12100.541003049702,
            12430.134921913443,
            12752.52805185652,
            13068.310232586544,
            13378.101449733402,
            13682.484259789488,
            13981.720231452993,
            14275.936893814902,
            14565.406070461362,
            14850.286400647834,
            15130.61584815356,
            15406.537229833157,
            15678.036966804924,
            15945.213588070474,
            16208.007538146694,
            16466.488814980632,
            16720.771000971483,
            16970.77841987512,
            17216.571519009747,
            17458.115555969176,
            17695.44729280335,
            17928.642313445598,
            18157.678991673954,
            18382.611728532615,
            18603.51101821826,
            18820.418462882455,
            19033.41443167786,
            19242.60234823657,
            19448.10189446652,
            19650.04498307596,
            19848.588377560554,
            20043.94009438335,
            20236.433356916896,
            20426.357258479657,
            20614.27480079992,
            20800.80135091603,
            20988.00069830042,
            21174.828948755447,
            21372.90069566769,
            21557.002660324986,
            22081.53081458447,
            22081.53081458447
        ]
    ]
}