{
    "thrust": [
        0.16328255358329755
    ],
    "time": [
        0.001
    ],
    "discharge_current": [
        65.13093663544437
    ],
    "z_normalized": [
        0.0,
        0.01,
        0.03,
        0.049999999999999996,
        0.06999999999999999,
        0.09000000000000001,
        0.10999999999999999,
        0.13,
        0.15,
        0.17,
        0.18999999999999997,
        0.20999999999999996,
        0.22999999999999998,
        0.25,
        0.26999999999999996,
        0.29,
        0.31,
        0.33,
        0.35000000000000003,
        0.36999999999999994,
        0.38999999999999996,
        0.41,
        0.42999999999999994,
        0.44999999999999996,
        0.47,
        0.49,
        0.51,
        0.5299999999999999,
        0.5499999999999999,
        0.57,
        0.59,
        0.61,
        0.63,
        0.65,
        0.67,
        0.6900000000000001,
        0.7100000000000001,
        0.7299999999999999,
        0.7499999999999999,
        0.7699999999999999,
        0.7899999999999999,
        0.8099999999999999,
        0.83,
        0.8499999999999999,
        0.8699999999999999,
        0.8899999999999999,
        0.9099999999999999,
        0.9299999999999999,
        0.95,
        0.97,
        0.99,
        1.01,
        1.0299999999999998,
        1.0499999999999998,
        1.0699999999999998,
        1.0899999999999999,
        1.1099999999999999,
        1.13,
        1.15,
        1.17,
        1.19,
        1.21,
        1.23,
        1.25,
        1.27,
        1.29,
        1.31,
        1.33,
        1.35,
        1.37,
        1.3900000000000001,
        1.4100000000000001,
        1.4299999999999997,
        1.4499999999999997,
        1.4699999999999998,
        1.4899999999999998,
        1.5099999999999998,
        1.5299999999999998,
        1.5499999999999998,
        1.5699999999999998,
        1.5899999999999999,
        1.6099999999999999,
        1.63,
        1.65,
        1.67,
        1.69,
        1.7099999999999997,
        1.7299999999999998,
        1.7499999999999998,
        1.7699999999999998,
        1.7899999999999998,
        1.8099999999999998,
        1.8299999999999998,
        1.8499999999999999,
        1.8699999999999999,
        1.89,
        1.91,
        1.93,
        1.95,
        1.97,
        1.99,
        2.0
    ],
    "ion_velocity": [
        [
            -2122.4032389973027,
            -1177.1193932044366,
            -279.96793372964896,
            168.5857974383504,
            543.1451236939561,
            786.5624975715549,
            964.5933003058448,
            1100.6229422536217,
            1208.300147541127,
            1297.543790385002,
            1375.7717302983779,
            1448.5633633552,
            1519.6976114249549,
            1591.5087090333898,
            1666.1492100689036,
            1745.0104585829677,
            1828.7014486287553,
            1918.0048033284138,
            2013.324878680416,
            2115.2019856342044,
            2223.827997783483,
            2339.55975749156,
            2462.5832750758304,
            2593.0607030586475,
            2731.176300627497,
            2877.114055596284,
            3031.0589062511863,
            3193.098336903742,
            3363.302095373762,
            3541.7058190861308,
            3728.3023661119087,
            3923.058526140054,
            4125.882967208721,
            4336.600765072583,
            4555.054497399373,
            4780.896064763095,
            5013.833394958519,
            5253.280203398487,
            5498.527711214016,
            5748.514090897884,
            6000.995998140606,
            6253.762153896141,
            6505.442106195379,
            6756.283907544897,
            7007.405976513916,
            7258.879287303044,
            7511.35085718949,
            7764.461969082342,
            8018.5868788231155,
            8269.68022669083,
            8536.177939893734,
            8850.027984583963,
            9207.136081440902,
            9579.398719728973,
            9949.271454378597,
            10310.58092511362,
            10662.319060452055,
            11005.164524287658,
            11340.251292231864,
            11668.282840043597,
            11990.060092290993,
            12306.363376427951,
            12617.511153328129,
            12923.696695022925,
            13225.242842503692,
            13522.509079965917,
            13815.56614761067,
            14104.378507704434,
            14389.098661222097,
            14669.7840490651,
            14946.379653476342,
            15218.961076775242,
            15487.445884783947,
            15751.885467315176,
            16012.16670555637,
            16268.318661017933,
            16520.42784204026,
            16768.379992841685,
            17012.21176525482,
            17251.859475634978,
            17487.335182693732,
            17718.697314819397,
            17945.900440672078,
            18168.9788667212,
            18387.985296615112,
            18602.94041220069,
            18813.903741156428,
            19020.956400343166,
            19224.19413376498,
            19423.71925212544,
            19619.65930544083,
            19812.146254406918,
            20001.605193885407,
            20188.707551741358,
            20374.228725528512,
            20558.70364012642,
            20743.81911701472,
            20928.64841725099,
            21123.53724322719,
            21305.34175071513,
            21774.06337669066,
            21774.06337669066
        ]
    ]
}