{
    "thrust": [
        0.14473094693402533
    ],
    "time": [
        0.001
    ],
    "discharge_current": [
        108.50754592887935
    ],
    "z_normalized": [
        0.0,
        0.01,
        0.03,
        0.049999999999999996,
        0.06999999999999999,
        0.09000000000000001,
        0.10999999999999999,
        0.13,
        0.15,
        0.17,
        0.18999999999999997,
        0.20999999999999996,
        0.22999999999999998,
        0.25,
        0.26999999999999996,
        0.29,
        0.31,
        0.33,
        0.35000000000000003,
        0.36999999999999994,
        0.38999999999999996,
        0.41,
        0.42999999999999994,
        0.44999999999999996,
        0.47,
        0.49,
        0.51,
        0.5299999999999999,
        0.5499999999999999,
        0.57,
        0.59,
        0.61,
        0.63,
        0.65,
        0.67,
        0.6900000000000001,
        0.7100000000000001,
        0.7299999999999999,
        0.7499999999999999,
        0.7699999999999999,
        0.7899999999999999,
        0.8099999999999999,
        0.83,
        0.8499999999999999,
        0.8699999999999999,
        0.8899999999999999,
        0.9099999999999999,
        0.9299999999999999,
        0.95,
        0.97,
        0.99,
        1.01,
        1.0299999999999998,
        1.0499999999999998,
        1.0699999999999998,
        1.0899999999999999,
        1.1099999999999999,
        1.13,
        1.15,
        1.17,
        1.19,
        1.21,
        1.23,
        1.25,
        1.27,
        1.29,
        1.31,
        1.33,
        1.35,
        1.37,
        1.3900000000000001,
        1.4100000000000001,
        1.4299999999999997,
        1.4499999999999997,
        1.4699999999999998,
        1.4899999999999998,
        1.5099999999999998,
        1.5299999999999998,
        1.5499999999999998,
        1.5699999999999998,
        1.5899999999999999,
        1.6099999999999999,
        1.63,
        1.65,
        1.67,
        1.69,
        1.7099999999999997,
        1.7299999999999998,
        1.7499999999999998,
        1.7699999999999998,
        1.7899999999999998,
        1.8099999999999998,
        1.8299999999999998,
        1.8499999999999999,
        1.8699999999999999,
        1.89,
        1.91,
        1.93,
        1.95,
        1.97,
        1.99,
        2.0
    ],
    "ion_velocity": [
        [
            -2654.680946431387,
            -1133.8904288324234,
            149.6137137706884,
            803.4506914916335,
            1246.834909024927,
            1472.205198669456,
            1593.473624196981,
            1672.0012905965357,
            1731.6957013942224,
            1784.1573608544688,
            1835.742720408362,
            1889.7461963939515,
            1947.450085241528,
            2009.154801084272,
            2075.56880562024,
            2147.170073888555,
            2224.015433099984,
            2306.4940254533217,
            2394.765695334409,
            2489.213562845738,
            2589.9426541571584,
            2697.2391512256845,
            2811.2392164219395,
            2932.0623547648675,
            3059.8492906528045,
            3194.736695924099,
            3336.853246396788,
            3486.221925640658,
            3642.8235456892385,
            3806.5685350355925,
            3977.2451720043614,
            4154.467386607064,
            4337.481041704124,
            4525.024885276764,
            4715.425067228036,
            4907.664632885657,
            5102.448655901505,
            5300.701369964806,
            5503.239884776747,
            5710.672120337351,
            5922.988790925598,
            6140.407583367775,
            6362.6129187025945,
            6589.196257445237,
            6820.293735202946,
            7055.107201360051,
            7293.576993800459,
            7534.271256293343,
            7776.951249770971,
            8018.621753040094,
            8288.821228155846,
            8632.060411002292,
            9040.264938264798,
            9468.829007063301,
            9889.378476150705,
            10292.701701467624,
            10678.381257589579,
            11048.615880723459,
            11405.982178975957,
            11752.35348821845,
            12089.39488457439,
            12418.516704009018,
            12740.52863768744,
            13056.003153871767,
            13365.54671159294,
            13669.731590133873,
            13968.810554748929,
            14262.90365382321,
            14552.277251200554,
            14837.085362448423,
            15117.361724579518,
            15393.24610000205,
            15664.721797505992,
            15931.885208701715,
            16194.67436472807,
            16453.157455055964,
            16707.44685750576,
            16957.4651732931,
            17203.271801728668,
            17444.830724001702,
            17682.177645888445,
            17915.387427452602,
            18144.4374218165,
            18369.381205265487,
            18590.288557582648,
            18807.20024050554,
            19020.195814756797,
            19229.377866254305,
            19434.865186102223,
            19636.788631534087,
            19835.303819097855,
            20030.61694407674,
            20223.060237384285,
            20412.91607177785,
            20600.764837062703,
            20787.240413429736,
            20974.385527379098,
            21161.161632323026,
            21359.126142314733,
            21543.169820477204,
            22065.097623452828,
            22065.097623452828
        ]
    ]
}