{
    "thrust": [
        0.15495242652557156
    ],
    "time": [
        0.001
    ],
    "discharge_current": [
        83.94106478016002
    ],
    "z_normalized": [
        0.0,
        0.01,
        0.03,
        0.049999999999999996,
        0.06999999999999999,
        0.09000000000000001,
        0.10999999999999999,
        0.13,
        0.15,
        0.17,
        0.18999999999999997,
        0.20999999999999996,
        0.22999999999999998,
        0.25,
        0.26999999999999996,
        0.29,
        0.31,
        0.33,
        0.35000000000000003,
        0.36999999999999994,
        0.38999999999999996,
        0.41,
        0.42999999999999994,
        0.44999999999999996,
        0.47,
        0.49,
        0.51,
        0.5299999999999999,
        0.5499999999999999,
        0.57,
        0.59,
        0.61,
        0.63,
        0.65,
        0.67,
        0.6900000000000001,
        0.7100000000000001,
        0.7299999999999999,
        0.7499999999999999,
        0.7699999999999999,
        0.7899999999999999,
        0.8099999999999999,
        0.83,
        0.8499999999999999,
        0.8699999999999999,
        0.8899999999999999,
        0.9099999999999999,
        0.9299999999999999,
        0.95,
        0.97,
        0.99,
        1.01,
        1.0299999999999998,
        1.0499999999999998,
        1.0699999999999998,
        1.0899999999999999,
        1.1099999999999999,
        1.13,
        1.15,
        1.17,
        1.19,
        1.21,
        1.23,
        1.25,
        1.27,
        1.29,
        1.31,
        1.33,
        1.35,
        1.37,
        1.3900000000000001,
        1.4100000000000001,
        1.4299999999999997,
        1.4499999999999997,
        1.4699999999999998,
        1.4899999999999998,
        1.5099999999999998,
        1.5299999999999998,
        1.5499999999999998,
        1.5699999999999998,
        1.5899999999999999,
        1.6099999999999999,
        1.63,
        1.65,
        1.67,
        1.69,
        1.7099999999999997,
        1.7299999999999998,
        1.7499999999999998,
        1.7699999999999998,
        1.7899999999999998,
        1.8099999999999998,
        1.8299999999999998,
        1.8499999999999999,
        1.8699999999999999,
        1.89,
        1.91,
        1.93,
        1.95,
        1.97,
        1.99,
        2.0
    ],
    "ion_velocity": [
        [
            -2372.5719026681973,
            -1155.0195558934356,
            -61.89682910640244,
            492.38350278926436,
            897.1324725790532,
            1141.5617407858404,
            1294.0403483414748,
            1398.6484723053356,
            1477.024735627335,
            1542.0111270182954,
            1601.7749977901092,
            1661.2642778724974,
            1723.008366422089,
            1788.0755161077382,
            1857.6069085268648,
            1932.304925915914,
            2012.3349231849925,
            2098.172075689128,
            2190.028582721842,
            2288.323328552214,
            2393.180138581525,
            2504.9078962623726,
            2623.662399570069,
            2749.5833867180017,
            2882.835360234607,
            3023.583218893142,
            3171.991446921094,
            3328.1268797107564,
            3492.034219651707,
            3663.719296464423,
            3843.138488139948,
            4030.20914560961,
            4224.773934113166,
            4426.550899692804,
            4635.189844978423,
            4849.91489935284,
            5069.552405926116,
            5291.96852126704,
            5515.357418088647,
            5739.619538880439,
            5965.2186238574595,
            6193.131939226477,
            6423.707416307352,
            6657.081014762041,
            6893.80478109672,
            7133.376859375805,
            7375.96869049406,
            7620.570907982239,
            7867.1251240014735,
            8111.770090242694,
            8378.765700861695,
            8706.768198191929,
            9089.116804933376,
            9489.034927249933,
            9883.912727876716,
            10266.214447035629,
            10635.195478939951,
            10992.213583626479,
            11339.052924818558,
            11676.951731316307,
            12007.110029337651,
            12330.603478713778,
            12647.984435083012,
            12959.627344753653,
            13265.99121439404,
            13567.53799739892,
            13864.426397351563,
            14156.696456275038,
            14444.556100358583,
            14728.109834485775,
            15007.346058207515,
            15282.37177107726,
            15553.13683996811,
            15819.714731746355,
            16082.017533633249,
            16340.093861108591,
            16594.043109744078,
            16843.769334930646,
            17089.32062389255,
            17330.647182784815,
            17567.773205109464,
            17800.765659636338,
            18029.590818564353,
            18254.293192384124,
            18474.93467386669,
            18691.546766770414,
            18904.200000264205,
            19112.987639980063,
            19318.018219279627,
            19519.411267988402,
            19717.30765963421,
            19911.89827052758,
            20103.47858154961,
            20292.37652420074,
            20479.337474485066,
            20665.060073717716,
            20851.415155519586,
            21037.42912888742,
            21234.048739652986,
            21417.21430310119,
            21911.82110683228,
            21911.82110683228
        ]
    ]
}