{
    "thrust": [
        0.16282821677720788
    ],
    "time": [
        0.001
    ],
    "discharge_current": [
        66.18741015195124
    ],
    "z_normalized": [
        0.0,
        0.01,
        0.03,
        0.049999999999999996,
        0.06999999999999999,
        0.09000000000000001,
        0.10999999999999999,
        0.13,
        0.15,
        0.17,
        0.18999999999999997,
        0.20999999999999996,
        0.22999999999999998,
        0.25,
        0.26999999999999996,
        0.29,
        0.31,
        0.33,
        0.35000000000000003,
        0.36999999999999994,
        0.38999999999999996,
        0.41,
        0.42999999999999994,
        0.44999999999999996,
        0.47,
        0.49,
        0.51,
        0.5299999999999999,
        0.5499999999999999,
        0.57,
        0.59,
        0.61,
        0.63,
        0.65,
        0.67,
        0.6900000000000001,
        0.7100000000000001,
        0.7299999999999999,
        0.7499999999999999,
        0.7699999999999999,
        0.7899999999999999,
        0.8099999999999999,
        0.83,
        0.8499999999999999,
        0.8699999999999999,
        0.8899999999999999,
        0.9099999999999999,
        0.9299999999999999,
        0.95,
        0.97,
        0.99,
        1.01,
        1.0299999999999998,
        1.0499999999999998,
        1.0699999999999998,
        1.0899999999999999,
        1.1099999999999999,
        1.13,
        1.15,
        1.17,
        1.19,
        1.21,
        1.23,
        1.25,
        1.27,
        1.29,
        1.31,
        1.33,
        1.35,
        1.37,
        1.3900000000000001,
        1.4100000000000001,
        1.4299999999999997,
        1.4499999999999997,
        1.4699999999999998,
        1.4899999999999998,
        1.5099999999999998,
        1.5299999999999998,
        1.5499999999999998,
        1.5699999999999998,
        1.5899999999999999,
        1.6099999999999999,
        1.63,
        1.65,
        1.67,
        1.69,
        1.7099999999999997,
        1.7299999999999998,
        1.7499999999999998,
        1.7699999999999998,
        1.7899999999999998,
        1.8099999999999998,
        1.8299999999999998,
        1.8499999999999999,
        1.8699999999999999,
        1.89,
        1.91,
        1.93,
        1.95,
        1.97,
        1.99,
        2.0
    ],
    "ion_velocity": [
        [
            -2137.616880047852,
            -1176.964657607508,
            -267.9749624982769,
            184.01853166843952,
            560.5455558685338,
            805.9398082902698,
            983.7019867399367,
            1119.2454024855435,
            1225.7920572252237,
            1313.6446480807606,
            1390.6246780628271,
            1462.4054735186937,
            1532.757300320378,
            1603.9821025149552,
            1678.1865308292458,
            1756.714079737973,
            1840.1344569067228,
            1929.2006850663167,
            2024.2981113132907,
            2125.95482757579,
            2234.3551683638657,
            2349.850806079931,
            2472.6245392752294,
            2602.8364679054635,
            2740.669347858261,
            2886.305941207023,
            3039.930027029285,
            3201.628044145159,
            3371.468540264844,
            3549.485825585667,
            3735.6711806404114,
            3929.9894219429566,
            4132.346568750016,
            4342.564319828948,
            4560.479831944081,
            4785.738875939245,
            5018.036554726453,
            5256.768024863826,
            5501.155303933155,
            5750.000970730333,
            6000.788388694204,
            6251.491434694326,
            6501.276208136878,
            6750.506001447107,
            7000.288291167698,
            7250.654341546806,
            7502.21076904619,
            7754.549302361308,
            8008.00651604813,
            8258.526262779355,
            8524.879143543554,
            8839.428353115778,
            9197.938272596362,
            9571.791853153598,
            9943.137816099072,
            10305.711394356327,
            10658.5103618845,
            11002.2465399722,
            11338.087792665947,
            11666.76641105368,
            11989.105172549145,
            12305.900778027364,
            12617.484848802254,
            12924.060942586835,
            13225.959675909226,
            13523.546397751501,
            13816.896919003459,
            14105.98009758949,
            14390.951657535472,
            14671.871785408619,
            14948.688019317635,
            15221.477805856366,
            15490.160630600347,
            15754.789189147374,
            16015.2518737008,
            16271.578939563735,
            16523.857677664408,
            16771.9749506521,
            17015.96811997606,
            17255.77436689675,
            17491.40652897665,
            17722.92359474756,
            17950.28089123499,
            18173.513414327095,
            18392.6745023644,
            18607.78559283226,
            18818.90698628236,
            19026.120726261925,
            19229.523396849054,
            19429.21891318802,
            19625.334817882496,
            19818.012388295854,
            20007.643633736487,
            20194.870369512028,
            20380.49155153545,
            20565.05341839605,
            20750.253989737546,
            20935.164204136843,
            21130.16589494713,
            21312.063868740002,
            21782.31735908342,
            21782.31735908342
        ]
    ]
}