{
    "thrust": [
        0.18445203083000156
    ],
    "time": [
        0.001
    ],
    "discharge_current": [
        34.014609722163726
    ],
    "z_normalized": [
        0.0,
        0.01,
        0.03,
        0.049999999999999996,
        0.06999999999999999,
        0.09000000000000001,
        0.10999999999999999,
        0.13,
        0.15,
        0.17,
        0.18999999999999997,
        0.20999999999999996,
        0.22999999999999998,
        0.25,
        0.26999999999999996,
        0.29,
        0.31,
        0.33,
        0.35000000000000003,
        0.36999999999999994,
        0.38999999999999996,
        0.41,
        0.42999999999999994,
        0.44999999999999996,
        0.47,
        0.49,
        0.51,
        0.5299999999999999,
        0.5499999999999999,
        0.57,
        0.59,
        0.61,
        0.63,
        0.65,
        0.67,
        0.6900000000000001,
        0.7100000000000001,
        0.7299999999999999,
        0.7499999999999999,
        0.7699999999999999,
        0.7899999999999999,
        0.8099999999999999,
        0.83,
        0.8499999999999999,
        0.8699999999999999,
        0.8899999999999999,
        0.9099999999999999,
        0.9299999999999999,
        0.95,
        0.97,
        0.99,
        1.01,
        1.0299999999999998,
        1.0499999999999998,
        1.0699999999999998,
        1.0899999999999999,
        1.1099999999999999,
        1.13,
        1.15,
        1.17,
        1.19,
        1.21,
        1.23,
        1.25,
        1.27,
        1.29,
        1.31,
        1.33,
        1.35,
        1.37,
        1.3900000000000001,
        1.4100000000000001,
        1.4299999999999997,
        1.4499999999999997,
        1.4699999999999998,
        1.4899999999999998,
        1.5099999999999998,
        1.5299999999999998,
        1.5499999999999998,
        1.5699999999999998,
        1.5899999999999999,
        1.6099999999999999,
        1.63,
        1.65,
        1.67,
        1.69,
        1.7099999999999997,
        1.7299999999999998,
        1.7499999999999998,
        1.7699999999999998,
        1.7899999999999998,
        1.8099999999999998,
        1.8299999999999998,
        1.8499999999999999,
        1.8699999999999999,
        1.89,
        1.91,
        1.93,
        1.95,
        1.97,
        1.99,
        2.0
    ],
    "ion_velocity": [
        [
            -1579.4302083733317,
            -1310.7805533016767,
            -945.0388892401161,
            -674.6967902520356,
            -437.16473905310227,
            -238.6068320922761,
            -58.18383019687871,
            109.9660353568896,
            267.6058082377874,
            416.4657870479048,
            557.5151921349077,
            691.8740137473072,
            820.3788905415175,
            943.6420364704239,
            1062.9547707972476,
            1179.590266354977,
            1294.6302110438671,
            1409.7945194834897,
            1526.7741830968328,
            1647.0163562152043,
            1771.1431334282274,
            1899.978987073296,
            2034.3425040946713,
            2175.0553745185575,
            2322.859765949204,
            2478.3503503857273,
            2641.993221750655,
            2814.0595198098595,
            2994.745094724153,
            3184.1754619727762,
            3382.4111809069323,
            3589.4772786850076,
            3805.336324505982,
            4029.8721769584035,
            4263.005496050171,
            4504.482680531493,
            4754.161580361944,
            5011.663927853683,
            5276.678358212283,
            5548.945341453433,
            5827.7700290618095,
            6112.947593376131,
            6403.704706147358,
            6699.304459294895,
            6999.564048320026,
            7303.2844243303225,
            7609.926138681067,
            7918.433940041525,
            8228.460932535536,
            8535.504406133941,
            8847.890324166936,
            9183.387244991498,
            9539.121395731525,
            9898.503929871153,
            10251.196178793283,
            10594.505001342244,
            10928.5839180441,
            11254.357317495607,
            11572.937174777868,
            11884.91882199648,
            12191.034560450695,
            12492.025645066853,
            12788.159815186104,
            13079.591365340975,
            13366.62435358955,
            13649.61399201385,
            13928.61324905111,
            14203.559448521328,
            14474.59414748226,
            14741.760607379732,
            15004.979078408085,
            15264.312853483165,
            15519.652825226223,
            15771.037534959221,
            16018.325683775156,
            16261.52106327127,
            16500.696419048778,
            16735.707304045492,
            16966.570677678363,
            17193.194389608103,
            17415.55992994002,
            17633.70162703883,
            17847.53955079884,
            18057.073850307126,
            18262.31583284662,
            18463.25976908473,
            18659.816995369303,
            18852.473149232297,
            19042.300194984186,
            19230.02784254585,
            19416.0572512754,
            19600.621404765854,
            19783.95839569595,
            19966.22082905639,
            20147.68642231593,
            20328.62970258722,
            20510.38638393947,
            20692.07381749396,
            20882.831329341116,
            21060.91702727061,
            21480.865367961964,
            21480.865367961964
        ]
    ]
}