{
    "thrust": [
        0.16077616493582123
    ],
    "time": [
        0.001
    ],
    "discharge_current": [
        71.5479534952427
    ],
    "z_normalized": [
        0.0,
        0.01,
        0.03,
        0.049999999999999996,
        0.06999999999999999,
        0.09000000000000001,
        0.10999999999999999,
        0.13,
        0.15,
        0.17,
        0.18999999999999997,
        0.20999999999999996,
        0.22999999999999998,
        0.25,
        0.26999999999999996,
        0.29,
        0.31,
        0.33,
        0.35000000000000003,
        0.36999999999999994,
        0.38999999999999996,
        0.41,
        0.42999999999999994,
        0.44999999999999996,
        0.47,
        0.49,
        0.51,
        0.5299999999999999,
        0.5499999999999999,
        0.57,
        0.59,
        0.61,
        0.63,
        0.65,
        0.67,
        0.6900000000000001,
        0.7100000000000001,
        0.7299999999999999,
        0.7499999999999999,
        0.7699999999999999,
        0.7899999999999999,
        0.8099999999999999,
        0.83,
        0.8499999999999999,
        0.8699999999999999,
        0.8899999999999999,
        0.9099999999999999,
        0.9299999999999999,
        0.95,
        0.97,
        0.99,
        1.01,
        1.0299999999999998,
        1.0499999999999998,
        1.0699999999999998,
        1.0899999999999999,
        1.1099999999999999,
        1.13,
        1.15,
        1.17,
        1.19,
        1.21,
        1.23,
        1.25,
        1.27,
        1.29,
        1.31,
        1.33,
        1.35,
        1.37,
        1.3900000000000001,
        1.4100000000000001,
        1.4299999999999997,
        1.4499999999999997,
        1.4699999999999998,
        1.4899999999999998,
        1.5099999999999998,
        1.5299999999999998,
        1.5499999999999998,
        1.5699999999999998,
        1.5899999999999999,
        1.6099999999999999,
        1.63,
        1.65,
        1.67,
        1.69,
        1.7099999999999997,
        1.7299999999999998,
        1.7499999999999998,
        1.7699999999999998,
        1.7899999999999998,
        1.8099999999999998,
        1.8299999999999998,
        1.8499999999999999,
        1.8699999999999999,
        1.89,
        1.91,
        1.93,
        1.95,
        1.97,
        1.99,
        2.0
    ],
    "ion_velocity": [
        [
            -2213.9353690258313,
            -1179.4164959292848,
            -210.8306999837385,
            269.5699989507811,
            659.1534559833939,
            914.2319609374125,
            1088.6585743447977,
            1216.23839935216,
            1314.1109118940306,
            1393.9519539263424,
            1464.2785887325274,
            1530.9926123554683,
            1597.6809389428342,
            1666.289518669058,
            1738.5751187488977,
            1815.6182939066757,
            1897.8057317850767,
            1985.7640513631468,
            2079.797914214785,
            2180.382237570343,
            2287.670015131957,
            2401.9925970924087,
            2523.520559191481,
            2652.405870734147,
            2788.8247046191063,
            2932.953956790552,
            3084.971576489076,
            3244.9585097513086,
            3412.9768939206024,
            3589.0536106955788,
            3773.1711010876425,
            3965.2823971217917,
            4165.27869935705,
            4372.960348719816,
            4588.135995492464,
            4810.403137287309,
            5039.370911785434,
            5274.196788206854,
            5513.602108158187,
            5755.48448903737,
            5997.452051523597,
            6239.24724430698,
            6481.243173162929,
            6723.9545665119285,
            6968.343967836218,
            7214.251772587858,
            7462.11443678012,
            7711.308420055904,
            7962.014220051463,
            8210.166733074508,
            8476.194122403671,
            8794.458977293898,
            9160.019699575716,
            9541.75386618303,
            9920.325940731405,
            10289.04532906798,
            10646.95698821975,
            10994.948385113656,
            11334.362096276269,
            11666.077096076624,
            11991.026793782039,
            12310.09043307418,
            12623.665649059054,
            12932.007456898455,
            13235.485312053705,
            13534.493845473735,
            13829.134126495632,
            14119.39684849042,
            14405.453760346107,
            14687.37868701898,
            14965.131824293288,
            15238.799769570334,
            15508.311490731683,
            15773.726158174566,
            16034.93961241568,
            16291.987960522274,
            16544.962351400372,
            16793.755137644726,
            17038.407161967072,
            17278.859837554268,
            17515.12977965792,
            17747.278695162924,
            17975.26559504476,
            18199.128793034088,
            18418.924675753755,
            18634.678309538547,
            18846.45368765187,
            19054.33726587477,
            19258.429635470864,
            19458.842306149036,
            19655.702972464835,
            19849.196492040315,
            20039.56047335883,
            20227.294643907782,
            20413.3071831809,
            20598.201062242515,
            20783.72760070539,
            20968.946819388955,
            21164.408361133694,
            21346.675767596396,
            21824.101603010844,
            21824.101603010844
        ]
    ]
}