{
    "thrust": [
        0.20371849272209872
    ],
    "time": [
        0.001
    ],
    "discharge_current": [
        16.087816607696478
    ],
    "z_normalized": [
        0.0,
        0.01,
        0.03,
        0.049999999999999996,
        0.06999999999999999,
        0.09000000000000001,
        0.10999999999999999,
        0.13,
        0.15,
        0.17,
        0.18999999999999997,
        0.20999999999999996,
        0.22999999999999998,
        0.25,
        0.26999999999999996,
        0.29,
        0.31,
        0.33,
        0.35000000000000003,
        0.36999999999999994,
        0.38999999999999996,
        0.41,
        0.42999999999999994,
        0.44999999999999996,
        0.47,
        0.49,
        0.51,
        0.5299999999999999,
        0.5499999999999999,
        0.57,
        0.59,
        0.61,
        0.63,
        0.65,
        0.67,
        0.6900000000000001,
        0.7100000000000001,
        0.7299999999999999,
        0.7499999999999999,
        0.7699999999999999,
        0.7899999999999999,
        0.8099999999999999,
        0.83,
        0.8499999999999999,
        0.8699999999999999,
        0.8899999999999999,
        0.9099999999999999,
        0.9299999999999999,
        0.95,
        0.97,
        0.99,
        1.01,
        1.0299999999999998,
        1.0499999999999998,
        1.0699999999999998,
        1.0899999999999999,
        1.1099999999999999,
        1.13,
        1.15,
        1.17,
        1.19,
        1.21,
        1.23,
        1.25,
        1.27,
        1.29,
        1.31,
        1.33,
        1.35,
        1.37,
        1.3900000000000001,
        1.4100000000000001,
        1.4299999999999997,
        1.4499999999999997,
        1.4699999999999998,
        1.4899999999999998,
        1.5099999999999998,
        1.5299999999999998,
        1.5499999999999998,
        1.5699999999999998,
        1.5899999999999999,
        1.6099999999999999,
        1.63,
        1.65,
        1.67,
        1.69,
        1.7099999999999997,
        1.7299999999999998,
        1.7499999999999998,
        1.7699999999999998,
        1.7899999999999998,
        1.8099999999999998,
        1.8299999999999998,
        1.8499999999999999,
        1.8699999999999999,
        1.89,
        1.91,
        1.93,
        1.95,
        1.97,
        1.99,
        2.0
    ],
    "ion_velocity": [
        [
            -1380.9348650351603,
            -1090.2811482595885,
            -718.3850305575554,
            -492.66682225634787,
            -399.5623704671336,
            -310.2092321550512,
            -242.67653186346337,
            -177.19182541060255,
            -119.60345591401126,
            -64.25972137546755,
            -12.603847577697115,
            37.71893790315739,
            86.43982630554848,
            134.5658377541831,
            182.74656422512234,
            232.10672329446996,
            283.7134480341194,
            341.2963670093917,
            411.65892832684654,
            499.3619277628961,
            603.9500402233708,
            725.3899250446484,
            862.573569485931,
            1013.8826662813067,
            1177.5777405430008,
            1352.1176234173965,
            1536.3064335351808,
            1729.5412523844527,
            1932.370049786205,
            2144.61020983842,
            2365.3000806717673,
            2593.3856595929597,
            2828.1803427105333,
            3069.387180103802,
            3317.096717428075,
            3571.398287893655,
            3832.558928334172,
            4100.57606523325,
            4375.469127795595,
            4657.259172208553,
            4945.446358077067,
            5240.027287154351,
            5540.359606003851,
            5845.829058254319,
            6156.42495233149,
            6471.06925102777,
            6789.364353546633,
            7110.497751650967,
            7434.264993125133,
            7756.562903478269,
            8084.529883697019,
            8433.116740878124,
            8800.2051526811,
            9173.454368561339,
            9544.655358405616,
            9910.590366303188,
            10270.290666827765,
            10623.599663930085,
            10970.737650649224,
            11311.565083436082,
            11646.281923850349,
            11975.240910438244,
            12298.388549076868,
            12615.646552043361,
            12927.179414470285,
            13233.261984362363,
            13533.877106923246,
            13828.915820488704,
            14118.520462795685,
            14402.743840714169,
            14681.519430953578,
            14954.950773295084,
            15222.962830943306,
            15485.654395229098,
            15742.937038665734,
            15994.890934794086,
            16241.689300746373,
            16483.28557195445,
            16719.832290188704,
            16951.38972384106,
            17178.12717371609,
            17400.30828659474,
            17618.108658397232,
            17831.818110501677,
            18041.770242233397,
            18248.26650372117,
            18451.63687695268,
            18652.204830944316,
            18850.26456911062,
            19046.0660014017,
            19239.82013905121,
            19431.72502140085,
            19622.05559215322,
            19811.018876577185,
            19998.931412528815,
            20186.112420296013,
            20373.877176393948,
            20561.378150667166,
            20757.49786922433,
            20940.16303528054,
            21355.35105738373,
            21355.35105738373
        ]
    ]
}