{
    "thrust": [
        0.2069622671948469
    ],
    "time": [
        0.001
    ],
    "discharge_current": [
        15.313146675542955
    ],
    "z_normalized": [
        0.0,
        0.01,
        0.03,
        0.049999999999999996,
        0.06999999999999999,
        0.09000000000000001,
        0.10999999999999999,
        0.13,
        0.15,
        0.17,
        0.18999999999999997,
        0.20999999999999996,
        0.22999999999999998,
        0.25,
        0.26999999999999996,
        0.29,
        0.31,
        0.33,
        0.35000000000000003,
        0.36999999999999994,
        0.38999999999999996,
        0.41,
        0.42999999999999994,
        0.44999999999999996,
        0.47,
        0.49,
        0.51,
        0.5299999999999999,
        0.5499999999999999,
        0.57,
        0.59,
        0.61,
        0.63,
        0.65,
        0.67,
        0.6900000000000001,
        0.7100000000000001,
        0.7299999999999999,
        0.7499999999999999,
        0.7699999999999999,
        0.7899999999999999,
        0.8099999999999999,
        0.83,
        0.8499999999999999,
        0.8699999999999999,
        0.8899999999999999,
        0.9099999999999999,
        0.9299999999999999,
        0.95,
        0.97,
        0.99,
        1.01,
        1.0299999999999998,
        1.0499999999999998,
        1.0699999999999998,
        1.0899999999999999,
        1.1099999999999999,
        1.13,
        1.15,
        1.17,
        1.19,
        1.21,
        1.23,
        1.25,
        1.27,
        1.29,
        1.31,
        1.33,
        1.35,
        1.37,
        1.3900000000000001,
        1.4100000000000001,
        1.4299999999999997,
        1.4499999999999997,
        1.4699999999999998,
        1.4899999999999998,
        1.5099999999999998,
        1.5299999999999998,
        1.5499999999999998,
        1.5699999999999998,
        1.5899999999999999,
        1.6099999999999999,
        1.63,
        1.65,
        1.67,
        1.69,
        1.7099999999999997,
        1.7299999999999998,
        1.7499999999999998,
        1.7699999999999998,
        1.7899999999999998,
        1.8099999999999998,
        1.8299999999999998,
        1.8499999999999999,
        1.8699999999999999,
        1.89,
        1.91,
        1.93,
        1.95,
        1.97,
        1.99,
        2.0
    ],
    "ion_velocity": [
        [
            -1418.6124263138765,
            -1102.0938191613516,
            -727.3040862927581,
            -494.6742866212264,
            -375.24925094218844,
            -288.7777078719606,
            -217.37855049976162,
            -154.0757406246289,
            -97.19435135242334,
            -44.623886598471366,
            4.276918710151806,
            50.676606702234736,
            95.29289944738805,
            138.75468078474228,
            181.8968460075313,
            225.01439084322425,
            269.2485587776031,
            316.176886723551,
            368.1293489252593,
            430.3228371184456,
            506.818772474866,
            600.1435587955605,
            710.7311348486132,
            838.4766833739658,
            982.6272809787571,
            1141.9860704026366,
            1315.1964797169514,
            1500.857939394267,
            1698.0782114293622,
            1906.5597659815178,
            2126.012842953706,
            2355.478274345078,
            2593.676642337623,
            2839.495426104005,
            3092.302137015322,
            3351.6602650762566,
            3617.543824647405,
            3889.847440044135,
            4168.607904374079,
            4453.9196681798585,
            4745.3674449039945,
            5043.032495430753,
            5346.340391042992,
            5654.732412840509,
            5968.248599945189,
            6285.842934039395,
            6607.14571240069,
            6931.371535777712,
            7258.317956576805,
            7583.897369441173,
            7915.153909389445,
            8266.733888436711,
            8636.476981378462,
            9012.302034974406,
            9386.133486737592,
            9754.814153819529,
            10117.3999832491,
            10473.7408033729,
            10824.053907757374,
            11168.184288860724,
            11506.316118464798,
            11838.786784002294,
            12165.52168972944,
            12486.42139459877,
            12801.634331824538,
            13111.42324379527,
            13415.756916241573,
            13714.51295542521,
            14007.825856401314,
            14295.741114281338,
            14578.184714572644,
            14855.25629544841,
            15126.875468316717,
            15393.138774615338,
            15653.95317899595,
            15909.396881876077,
            16159.642196453116,
            16404.637519052565,
            16644.53172816866,
            16879.377921627118,
            17109.3371215695,
            17334.663058295344,
            17555.517086096537,
            17772.174455325323,
            17984.95469219277,
            18194.146828214154,
            18400.073442067292,
            18603.056885687216,
            18803.396681689304,
            19001.353443026208,
            19197.1524972259,
            19391.007858707115,
            19583.21145876092,
            19773.98516953479,
            19963.657292180404,
            20152.557440918983,
            20342.009565605196,
            20531.164748644438,
            20728.925699997533,
            20913.04677488948,
            21330.3651752618,
            21330.3651752618
        ]
    ]
}