{
    "thrust": [
        0.1447321739434486
    ],
    "time": [
        0.001
    ],
    "discharge_current": [
        108.50374894505458
    ],
    "z_normalized": [
        0.0,
        0.01,
        0.03,
        0.049999999999999996,
        0.06999999999999999,
        0.09000000000000001,
        0.10999999999999999,
        0.13,
        0.15,
        0.17,
        0.18999999999999997,
        0.20999999999999996,
        0.22999999999999998,
        0.25,
        0.26999999999999996,
        0.29,
        0.31,
        0.33,
        0.35000000000000003,
        0.36999999999999994,
        0.38999999999999996,
        0.41,
        0.42999999999999994,
        0.44999999999999996,
        0.47,
        0.49,
        0.51,
        0.5299999999999999,
        0.5499999999999999,
        0.57,
        0.59,
        0.61,
        0.63,
        0.65,
        0.67,
        0.6900000000000001,
        0.7100000000000001,
        0.7299999999999999,
        0.7499999999999999,
        0.7699999999999999,
        0.7899999999999999,
        0.8099999999999999,
        0.83,
        0.8499999999999999,
        0.8699999999999999,
        0.8899999999999999,
        0.9099999999999999,
        0.9299999999999999,
        0.95,
        0.97,
        0.99,
        1.01,
        1.0299999999999998,
        1.0499999999999998,
        1.0699999999999998,
        1.0899999999999999,
        1.1099999999999999,
        1.13,
        1.15,
        1.17,
        1.19,
        1.21,
        1.23,
        1.25,
        1.27,
        1.29,
        1.31,
        1.33,
        1.35,
        1.37,
        1.3900000000000001,
        1.4100000000000001,
        1.4299999999999997,
        1.4499999999999997,
        1.4699999999999998,
        1.4899999999999998,
        1.5099999999999998,
        1.5299999999999998,
        1.5499999999999998,
        1.5699999999999998,
        1.5899999999999999,
        1.6099999999999999,
        1.63,
        1.65,
        1.67,
        1.69,
        1.7099999999999997,
        1.7299999999999998,
        1.7499999999999998,
        1.7699999999999998,
        1.7899999999999998,
        1.8099999999999998,
        1.8299999999999998,
        1.8499999999999999,
        1.8699999999999999,
        1.89,
        1.91,
        1.93,
        1.95,
        1.97,
        1.99,
        2.0
    ],
    "ion_velocity": [
        [
            -2654.644153434066,
            -1133.8916655402802,
            149.5884349227878,
            803.4140592396403,
            1246.7924034208718,
            1472.1644428752684,
            1593.4360627041017,
            1671.9661389465875,
            1731.662119359769,
            1784.1247762757214,
            1835.7107866227182,
            1889.7147244020073,
            1947.4189894164565,
            2009.1240533321948,
            2075.5384080228405,
            2147.140042326089,
            2223.985787996974,
            2306.464793171239,
            2394.7369064820177,
            2489.185251264949,
            2589.9148555214065,
            2697.2119038342084,
            2811.212561356788,
            2932.036336067814,
            3059.823956214587,
            3194.712098359895,
            3336.8294450021917,
            3486.1989883580804,
            3642.801556029086,
            3806.547601486309,
            3977.2254596514013,
            4154.449162935393,
            4337.464803321141,
            4525.011438944277,
            4715.415571504892,
            4907.6596518447695,
            5102.447602929515,
            5300.703396195266,
            5503.244217190456,
            5710.678154734069,
            5922.996086507916,
            6140.415832580401,
            6362.621906757238,
            6589.205836387187,
            6820.303803644168,
            7055.117688784314,
            7293.587855042164,
            7534.282493030841,
            7776.962876414048,
            8018.633638357215,
            8288.832625235422,
            8632.069889386594,
            9040.2711569728,
            9468.831552402604,
            9889.377723194752,
            10292.698267480786,
            10678.375717858506,
            11048.60869464006,
            11405.97369675165,
            11752.343973562523,
            12089.384538193963,
            12418.505683223351,
            12740.517068038682,
            13055.991135725308,
            13365.534326433064,
            13669.718905297255,
            13968.797625583597,
            14262.890525555302,
            14552.263961665774,
            14837.071943244286,
            15117.3482016312,
            15393.232495128772,
            15664.708128370958,
            15931.871490108608,
            16194.66060827376,
            16453.143669928322,
            16707.43305128476,
            16957.451351282274,
            17203.25796784203,
            17444.816880469334,
            17682.163793542586,
            17915.373566166636,
            18144.423550119787,
            18369.367320596357,
            18590.274656433507,
            18807.186318258362,
            19020.18186572155,
            19229.363883628343,
            19434.851161897066,
            19636.77455636078,
            19835.289682032384,
            20030.60273179224,
            20223.04593514549,
            20412.901656281992,
            20600.750306318914,
            20787.22578921968,
            20974.370804846603,
            21161.146814589225,
            21359.111154445774,
            21543.1547287496,
            22065.07899970089,
            22065.07899970089
        ]
    ]
}