{
    "thrust": [
        0.19709974447309878
    ],
    "time": [
        0.001
    ],
    "discharge_current": [
        17.385642330726263
    ],
    "z_normalized": [
        0.0,
        0.01,
        0.03,
        0.049999999999999996,
        0.06999999999999999,
        0.09000000000000001,
        0.10999999999999999,
        0.13,
        0.15,
        0.17,
        0.18999999999999997,
        0.20999999999999996,
        0.22999999999999998,
        0.25,
        0.26999999999999996,
        0.29,
        0.31,
        0.33,
        0.35000000000000003,
        0.36999999999999994,
        0.38999999999999996,
        0.41,
        0.42999999999999994,
        0.44999999999999996,
        0.47,
        0.49,
        0.51,
        0.5299999999999999,
        0.5499999999999999,
        0.57,
        0.59,
        0.61,
        0.63,
        0.65,
        0.67,
        0.6900000000000001,
        0.7100000000000001,
        0.7299999999999999,
        0.7499999999999999,
        0.7699999999999999,
        0.7899999999999999,
        0.8099999999999999,
        0.83,
        0.8499999999999999,
        0.8699999999999999,
        0.8899999999999999,
        0.9099999999999999,
        0.9299999999999999,
        0.95,
        0.97,
        0.99,
        1.01,
        1.0299999999999998,
        1.0499999999999998,
        1.0699999999999998,
        1.0899999999999999,
        1.1099999999999999,
        1.13,
        1.15,
        1.17,
        1.19,
        1.21,
        1.23,
        1.25,
        1.27,
        1.29,
        1.31,
        1.33,
        1.35,
        1.37,
        1.3900000000000001,
        1.4100000000000001,
        1.4299999999999997,
        1.4499999999999997,
        1.4699999999999998,
        1.4899999999999998,
        1.5099999999999998,
        1.5299999999999998,
        1.5499999999999998,
        1.5699999999999998,
        1.5899999999999999,
        1.6099999999999999,
        1.63,
        1.65,
        1.67,
        1.69,
        1.7099999999999997,
        1.7299999999999998,
        1.7499999999999998,
        1.7699999999999998,
        1.7899999999999998,
        1.8099999999999998,
        1.8299999999999998,
        1.8499999999999999,
        1.8699999999999999,
        1.89,
        1.91,
        1.93,
        1.95,
        1.97,
        1.99,
        2.0
    ],
    "ion_velocity": [
        [
            -1471.0784070080924,
            -1058.833514336025,
            -647.8905167984461,
            -529.8400652727285,
            -422.56442303930044,
            -343.406615668359,
            -268.8601037190919,
            -203.30799658131835,
            -141.09278346194225,
            -83.09388941920677,
            -27.054795981258746,
            27.498678365579973,
            81.58765803432784,
            135.33712073651304,
            190.7558684078045,
            249.6738232856698,
            320.93680808560435,
            410.86663861817794,
            517.3712440553012,
            639.9868988215798,
            776.6235256829607,
            925.3753740260639,
            1084.2457362384778,
            1251.5860570439338,
            1426.2049603043802,
            1607.569694622308,
            1796.3598456819761,
            1992.9849628168279,
            2196.8751189741934,
            2407.1813681483095,
            2623.4411458075283,
            2845.711851749276,
            3074.3460548657476,
            3309.744424481576,
            3552.3358114687926,
            3802.290562426931,
            4059.80964789299,
            4324.762345149356,
            4597.027848219955,
            4876.498276299347,
            5162.569987755746,
            5455.150936245284,
            5753.535429943054,
            6057.059447334413,
            6365.665549302046,
            6678.245834783666,
            6994.376950848633,
            7313.211960831597,
            7634.542345024333,
            7954.22536154104,
            8279.618190385245,
            8626.210020077267,
            8991.880174279093,
            9363.792949587942,
            9733.479221826225,
            10097.622420587255,
            10455.228861335416,
            10806.148361685404,
            11150.62097112172,
            11488.540609053793,
            11820.140332810042,
            12145.80419785877,
            12465.514374949526,
            12779.226405997226,
            13087.131435287427,
            13389.52501729661,
            13686.411159622156,
            13977.699875873666,
            14263.545341781874,
            14544.010752014345,
            14819.03919312599,
            15088.739265967803,
            15353.041923337847,
            15612.04794175382,
            15865.672874845332,
            16113.997361646077,
            16357.193670163235,
            16595.21846721474,
            16828.22617920459,
            17056.28365828341,
            17279.56945042806,
            17498.360761729946,
            17712.854517929223,
            17923.36536535002,
            18130.25384452684,
            18333.8475805498,
            18534.496326710472,
            18732.533890276645,
            18928.254215813617,
            19121.897421753285,
            19313.657786503853,
            19503.71277298795,
            19692.314758754612,
            19879.6500899993,
            20066.019127470438,
            20251.725341834484,
            20438.078479473927,
            20624.219055183734,
            20819.063479355103,
            21000.583099641302,
            21415.66226983663,
            21415.66226983663
        ]
    ]
}