{
    "thrust": [
        0.1976422314544365
    ],
    "time": [
        0.001
    ],
    "discharge_current": [
        17.27632043491332
    ],
    "z_normalized": [
        0.0,
        0.01,
        0.03,
        0.049999999999999996,
        0.06999999999999999,
        0.09000000000000001,
        0.10999999999999999,
        0.13,
        0.15,
        0.17,
        0.18999999999999997,
        0.20999999999999996,
        0.22999999999999998,
        0.25,
        0.26999999999999996,
        0.29,
        0.31,
        0.33,
        0.35000000000000003,
        0.36999999999999994,
        0.38999999999999996,
        0.41,
        0.42999999999999994,
        0.44999999999999996,
        0.47,
        0.49,
        0.51,
        0.5299999999999999,
        0.5499999999999999,
        0.57,
        0.59,
        0.61,
        0.63,
        0.65,
        0.67,
        0.6900000000000001,
        0.7100000000000001,
        0.7299999999999999,
        0.7499999999999999,
        0.7699999999999999,
        0.7899999999999999,
        0.8099999999999999,
        0.83,
        0.8499999999999999,
        0.8699999999999999,
        0.8899999999999999,
        0.9099999999999999,
        0.9299999999999999,
        0.95,
        0.97,
        0.99,
        1.01,
        1.0299999999999998,
        1.0499999999999998,
        1.0699999999999998,
        1.0899999999999999,
        1.1099999999999999,
        1.13,
        1.15,
        1.17,
        1.19,
        1.21,
        1.23,
        1.25,
        1.27,
        1.29,
        1.31,
        1.33,
        1.35,
        1.37,
        1.3900000000000001,
        1.4100000000000001,
        1.4299999999999997,
        1.4499999999999997,
        1.4699999999999998,
        1.4899999999999998,
        1.5099999999999998,
        1.5299999999999998,
        1.5499999999999998,
        1.5699999999999998,
        1.5899999999999999,
        1.6099999999999999,
        1.63,
        1.65,
        1.67,
        1.69,
        1.7099999999999997,
        1.7299999999999998,
        1.7499999999999998,
        1.7699999999999998,
        1.7899999999999998,
        1.8099999999999998,
        1.8299999999999998,
        1.8499999999999999,
        1.8699999999999999,
        1.89,
        1.91,
        1.93,
        1.95,
        1.97,
        1.99,
        2.0
    ],
    "ion_velocity": [
        [
            -1474.8852822242634,
            -1066.145017621196,
            -656.1976318166257,
            -526.5760299747386,
            -420.92647500179413,
            -340.06791131908705,
            -266.2682195495253,
            -200.61351300933865,
            -138.86293354795572,
            -81.09216917437598,
            -25.443758353652253,
            28.663707929956306,
            82.35127092798359,
            135.54505286078785,
            190.4427200615836,
            248.08890952631072,
            316.6989038460771,
            403.72303624222513,
            507.38453758058273,
            627.461355125142,
            761.9717512115708,
            909.0690854477951,
            1066.7486097560704,
            1233.3175976798195,
            1407.5055410135494,
            1588.6616942612793,
            1777.220845760569,
            1973.7423101360162,
            2177.77835578411,
            2388.4502570818217,
            2605.186901504834,
            2827.9451475979736,
            3057.0177868499577,
            3292.7828653353263,
            3535.668868009409,
            3785.8557650791163,
            4043.5575192621536,
            4308.655707542263,
            4581.040123033503,
            4860.611639307937,
            5146.77321332492,
            5439.438361860913,
            5737.905379438219,
            6041.513362350707,
            6350.208055657718,
            6662.883914144893,
            6979.119365656819,
            7298.070609346076,
            7619.5298051866,
            7939.358920158623,
            8264.891532557192,
            8611.563587564604,
            8977.25717627086,
            9349.186885575067,
            9718.91088725713,
            10083.122529821592,
            10440.829999963707,
            10791.881769584352,
            11136.515396871418,
            11474.621422687887,
            11806.429349341239,
            12132.319992039967,
            12452.27218018211,
            12766.238167505548,
            13074.40638717959,
            13377.070330423554,
            13674.232130133403,
            13965.800062255845,
            14251.927082741922,
            14532.675478980806,
            14807.987505058158,
            15077.971220308698,
            15342.557116354468,
            15601.845718382412,
            15855.752345974151,
            16104.357567971705,
            16347.833787162503,
            16586.13760410822,
            16819.42330254586,
            17047.75732784779,
            17271.317445013327,
            17490.379637561116,
            17705.13891619303,
            17915.907459473772,
            18123.04307499967,
            18326.87068802697,
            18527.737872512993,
            18725.977175752243,
            18921.88232755115,
            19115.6941734023,
            19307.60841518515,
            19497.804328519724,
            19686.53628216355,
            19873.99254708679,
            20060.47496928327,
            20246.2884135593,
            20432.743005816992,
            20618.980630568152,
            20813.913349743867,
            20995.51177733824,
            21410.519318426825,
            21410.519318426825
        ]
    ]
}