{
    "thrust": [
        0.14621573974149785
    ],
    "time": [
        0.001
    ],
    "discharge_current": [
        104.29520865525943
    ],
    "z_normalized": [
        0.0,
        0.01,
        0.03,
        0.049999999999999996,
        0.06999999999999999,
        0.09000000000000001,
        0.10999999999999999,
        0.13,
        0.15,
        0.17,
        0.18999999999999997,
        0.20999999999999996,
        0.22999999999999998,
        0.25,
        0.26999999999999996,
        0.29,
        0.31,
        0.33,
        0.35000000000000003,
        0.36999999999999994,
        0.38999999999999996,
        0.41,
        0.42999999999999994,
        0.44999999999999996,
        0.47,
        0.49,
        0.51,
        0.5299999999999999,
        0.5499999999999999,
        0.57,
        0.59,
        0.61,
        0.63,
        0.65,
        0.67,
        0.6900000000000001,
        0.7100000000000001,
        0.7299999999999999,
        0.7499999999999999,
        0.7699999999999999,
        0.7899999999999999,
        0.8099999999999999,
        0.83,
        0.8499999999999999,
        0.8699999999999999,
        0.8899999999999999,
        0.9099999999999999,
        0.9299999999999999,
        0.95,
        0.97,
        0.99,
        1.01,
        1.0299999999999998,
        1.0499999999999998,
        1.0699999999999998,
        1.0899999999999999,
        1.1099999999999999,
        1.13,
        1.15,
        1.17,
        1.19,
        1.21,
        1.23,
        1.25,
        1.27,
        1.29,
        1.31,
        1.33,
        1.35,
        1.37,
        1.3900000000000001,
        1.4100000000000001,
        1.4299999999999997,
        1.4499999999999997,
        1.4699999999999998,
        1.4899999999999998,
        1.5099999999999998,
        1.5299999999999998,
        1.5499999999999998,
        1.5699999999999998,
        1.5899999999999999,
        1.6099999999999999,
        1.63,
        1.65,
        1.67,
        1.69,
        1.7099999999999997,
        1.7299999999999998,
        1.7499999999999998,
        1.7699999999999998,
        1.7899999999999998,
        1.8099999999999998,
        1.8299999999999998,
        1.8499999999999999,
        1.8699999999999999,
        1.89,
        1.91,
        1.93,
        1.95,
        1.97,
        1.99,
        2.0
    ],
    "ion_velocity": [
        [
            -2610.966372888489,
            -1135.5766167683726,
            119.38658078821538,
            759.534086485469,
            1196.1885530443215,
            1423.9716794275828,
            1549.2222253152418,
            1630.7719791653485,
            1692.4714012960844,
            1746.2175847115361,
            1798.6348833434556,
            1853.2198379694953,
            1911.3906877700806,
            1973.5228892433486,
            2040.3634181501106,
            2112.4082080221046,
            2189.721016666808,
            2272.698834397887,
            2361.506803051871,
            2456.5320509352073,
            2557.8818771426886,
            2665.8457250140564,
            2780.5630712020975,
            2902.156998249855,
            3030.7727741644394,
            3166.5526826146042,
            3309.6331525212895,
            3460.0472884567907,
            3617.7930561891008,
            3782.808214407729,
            3954.938116103977,
            4133.89806962948,
            4319.144679092076,
            4509.6920590087975,
            4704.1344683842935,
            4900.873861916708,
            5099.546985020699,
            5300.851083158633,
            5505.689176214016,
            5714.836387316046,
            5928.441218819678,
            6146.850311169185,
            6369.837691370799,
            6597.059732497583,
            6828.698267828617,
            7063.985330527935,
            7302.88639220216,
            7544.02069802018,
            7787.163676235704,
            8029.1593349890545,
            8298.841412860202,
            8639.929328923898,
            9044.447171090767,
            9468.847139735695,
            9885.652304485806,
            10285.928927987925,
            10669.215163440673,
            11037.580517396527,
            11393.479062250823,
            11738.68650553657,
            12074.796744368701,
            12403.170202877165,
            12724.579216446835,
            13039.567081631814,
            13348.718485274656,
            13652.58942098562,
            13951.418792931041,
            14245.314897351514,
            14534.535528629167,
            14819.227447454577,
            15099.417760956741,
            15375.241442688763,
            15646.676921892747,
            15913.817242441697,
            16176.59665391925,
            16435.080513755584,
            16689.37931623463,
            16939.412966565134,
            17185.239227568276,
            17426.820085606963,
            17664.18959747867,
            17897.421497070845,
            18126.4915465886,
            18351.45204013224,
            18572.371650230885,
            18789.28983612146,
            19002.284908746282,
            19211.458163695377,
            19416.927019984112,
            19618.820722616103,
            19817.293111999516,
            20012.547648635067,
            20204.914888269588,
            20394.667783291956,
            20582.40925155066,
            20768.799645877792,
            20955.853291079664,
            21142.541004657873,
            21340.33098155433,
            21524.273624097947,
            22042.15367245735,
            22042.15367245735
        ]
    ]
}