{
    "thrust": [
        0.18676098502771565
    ],
    "time": [
        0.001
    ],
    "discharge_current": [
        17.982792209439477
    ],
    "z_normalized": [
        0.0,
        0.01,
        0.03,
        0.049999999999999996,
        0.06999999999999999,
        0.09000000000000001,
        0.10999999999999999,
        0.13,
        0.15,
        0.17,
        0.18999999999999997,
        0.20999999999999996,
        0.22999999999999998,
        0.25,
        0.26999999999999996,
        0.29,
        0.31,
        0.33,
        0.35000000000000003,
        0.36999999999999994,
        0.38999999999999996,
        0.41,
        0.42999999999999994,
        0.44999999999999996,
        0.47,
        0.49,
        0.51,
        0.5299999999999999,
        0.5499999999999999,
        0.57,
        0.59,
        0.61,
        0.63,
        0.65,
        0.67,
        0.6900000000000001,
        0.7100000000000001,
        0.7299999999999999,
        0.7499999999999999,
        0.7699999999999999,
        0.7899999999999999,
        0.8099999999999999,
        0.83,
        0.8499999999999999,
        0.8699999999999999,
        0.8899999999999999,
        0.9099999999999999,
        0.9299999999999999,
        0.95,
        0.97,
        0.99,
        1.01,
        1.0299999999999998,
        1.0499999999999998,
        1.0699999999999998,
        1.0899999999999999,
        1.1099999999999999,
        1.13,
        1.15,
        1.17,
        1.19,
        1.21,
        1.23,
        1.25,
        1.27,
        1.29,
        1.31,
        1.33,
        1.35,
        1.37,
        1.3900000000000001,
        1.4100000000000001,
        1.4299999999999997,
        1.4499999999999997,
        1.4699999999999998,
        1.4899999999999998,
        1.5099999999999998,
        1.5299999999999998,
        1.5499999999999998,
        1.5699999999999998,
        1.5899999999999999,
        1.6099999999999999,
        1.63,
        1.65,
        1.67,
        1.69,
        1.7099999999999997,
        1.7299999999999998,
        1.7499999999999998,
        1.7699999999999998,
        1.7899999999999998,
        1.8099999999999998,
        1.8299999999999998,
        1.8499999999999999,
        1.8699999999999999,
        1.89,
        1.91,
        1.93,
        1.95,
        1.97,
        1.99,
        2.0
    ],
    "ion_velocity": [
        [
            -1336.1738657506914,
            -1092.4646250970375,
            -789.2557937902436,
            -581.2675198727139,
            -443.51824308135764,
            -352.2635055761118,
            -271.29501531418884,
            -205.3320191144949,
            -144.66842114991888,
            -91.42401977829086,
            -42.67191866501201,
            1.5584038669746185,
            43.03624404867281,
            81.62987267498161,
            118.30787100575189,
            153.51889772435396,
            187.9311167260371,
            222.19873349194435,
            257.04955954570073,
            293.2403661345666,
            331.84223361638175,
            373.55223915157063,
            420.33352037118493,
            472.4562099661321,
            536.4531431146524,
            623.9800213798322,
            734.8812474725876,
            869.6113279470039,
            1027.9151682501165,
            1208.0948106128012,
            1407.6701612332624,
            1624.3681920282836,
            1857.8375616904775,
            2105.8644708022807,
            2365.422575315436,
            2634.2067869898433,
            2910.878327062416,
            3194.7703095886695,
            3485.7006541586593,
            3783.6965686120907,
            4088.2859144692984,
            4399.522744572519,
            4716.843528223646,
            5039.642085538373,
            5367.91990510987,
            5700.545566407505,
            6037.123906204154,
            6376.691147723287,
            6718.916105655726,
            7059.24682623753,
            7407.432312143807,
            7782.314951269365,
            8180.488819032912,
            8585.518545565732,
            8986.991302787535,
            9381.146069785682,
            9767.145133607024,
            10145.134703618454,
            10515.648181144537,
            10878.800451817997,
            11235.073530022473,
            11584.813025224921,
            11927.749010535823,
            12263.809564159405,
            12593.231899201011,
            12916.376646740067,
            13233.294417438463,
            13543.933418418754,
            13848.497154591243,
            14147.087425125637,
            14439.673249320274,
            14726.39410948954,
            15007.195530023377,
            15282.19771032511,
            15551.31857264226,
            15814.645461508617,
            16072.356910443546,
            16324.396035818509,
            16570.910053606873,
            16811.948705277715,
            17047.678238343924,
            17278.37250723261,
            17504.228882253337,
            17725.585202990544,
            17942.849527223516,
            18156.41764287999,
            18366.72681880462,
            18574.205952261364,
            18779.23875610523,
            18982.139265408136,
            19183.154843479042,
            19382.495270634226,
            19580.432894997037,
            19777.1553349282,
            19972.962046977478,
            20168.137463852996,
            20364.042896049454,
            20559.67444151773,
            20764.46326529165,
            20954.77408204026,
            21391.622467723995,
            21391.622467723995
        ]
    ]
}