{
    "thrust": [
        0.18508144281086206
    ],
    "time": [
        0.001
    ],
    "discharge_current": [
        29.313933594738142
    ],
    "z_normalized": [
        0.0,
        0.01,
        0.03,
        0.049999999999999996,
        0.06999999999999999,
        0.09000000000000001,
        0.10999999999999999,
        0.13,
        0.15,
        0.17,
        0.18999999999999997,
        0.20999999999999996,
        0.22999999999999998,
        0.25,
        0.26999999999999996,
        0.29,
        0.31,
        0.33,
        0.35000000000000003,
        0.36999999999999994,
        0.38999999999999996,
        0.41,
        0.42999999999999994,
        0.44999999999999996,
        0.47,
        0.49,
        0.51,
        0.5299999999999999,
        0.5499999999999999,
        0.57,
        0.59,
        0.61,
        0.63,
        0.65,
        0.67,
        0.6900000000000001,
        0.7100000000000001,
        0.7299999999999999,
        0.7499999999999999,
        0.7699999999999999,
        0.7899999999999999,
        0.8099999999999999,
        0.83,
        0.8499999999999999,
        0.8699999999999999,
        0.8899999999999999,
        0.9099999999999999,
        0.9299999999999999,
        0.95,
        0.97,
        0.99,
        1.01,
        1.0299999999999998,
        1.0499999999999998,
        1.0699999999999998,
        1.0899999999999999,
        1.1099999999999999,
        1.13,
        1.15,
        1.17,
        1.19,
        1.21,
        1.23,
        1.25,
        1.27,
        1.29,
        1.31,
        1.33,
        1.35,
        1.37,
        1.3900000000000001,
        1.4100000000000001,
        1.4299999999999997,
        1.4499999999999997,
        1.4699999999999998,
        1.4899999999999998,
        1.5099999999999998,
        1.5299999999999998,
        1.5499999999999998,
        1.5699999999999998,
        1.5899999999999999,
        1.6099999999999999,
        1.63,
        1.65,
        1.67,
        1.69,
        1.7099999999999997,
        1.7299999999999998,
        1.7499999999999998,
        1.7699999999999998,
        1.7899999999999998,
        1.8099999999999998,
        1.8299999999999998,
        1.8499999999999999,
        1.8699999999999999,
        1.89,
        1.91,
        1.93,
        1.95,
        1.97,
        1.99,
        2.0
    ],
    "ion_velocity": [
        [
            -1415.5381503302638,
            -1195.7845618180354,
            -923.9553794655782,
            -737.2929623310258,
            -584.8947495709886,
            -461.4442497310827,
            -354.9215435969208,
            -254.97308649938086,
            -141.32838612004284,
            -14.478489753551857,
            120.01369495351538,
            259.8789193212205,
            402.7401271165032,
            546.7572257136424,
            690.5722013074625,
            833.3160344681627,
            974.3081311697928,
            1113.791259470666,
            1252.1371178437832,
            1390.4349590681227,
            1530.1254227012064,
            1672.859062322215,
            1819.1175636371408,
            1969.2593639791023,
            2124.069992608155,
            2284.583229314231,
            2451.8128683407335,
            2626.506731622497,
            2809.211250477966,
            3000.2904086984217,
            3199.960504975633,
            3408.34631330123,
            3625.473308769897,
            3851.2641105682524,
            4085.6646815427016,
            4328.436475888236,
            4579.448545865907,
            4838.3298591635275,
            5104.775822568901,
            5378.536830516457,
            5658.925214031283,
            5945.75253638552,
            6238.26219117573,
            6535.740100145049,
            6838.042778331828,
            7144.013976458095,
            7453.1736517648205,
            7764.5518254313465,
            8077.893833483997,
            8388.855631329714,
            8705.841098575447,
            9046.571723195952,
            9408.647972935649,
            9776.973771929272,
            10141.840404476829,
            10499.456111263507,
            10848.67452648344,
            11189.265068287485,
            11521.255884172393,
            11844.370470031972,
            12159.145769358873,
            12466.626423811447,
            12767.434946447263,
            13062.045057577578,
            13351.03113008058,
            13634.969569816114,
            13914.08835212227,
            14188.464502119272,
            14458.354806633273,
            14723.894063808177,
            14985.073598405594,
            15242.015053438117,
            15494.652634745864,
            15743.060722745968,
            15987.122847956945,
            16226.86072093877,
            16462.36185938057,
            16693.489073371322,
            16920.264405143575,
            17142.596006328255,
            17360.4621160548,
            17573.89218161209,
            17782.80095363893,
            17987.15809674192,
            18187.04174173726,
            18383.014665096405,
            18575.992457526372,
            18766.67594106834,
            18955.52436383042,
            19142.811092994027,
            19328.692325411394,
            19513.277395729183,
            19696.741424493524,
            19879.20262817152,
            20060.91443534767,
            20242.136924568735,
            20424.179405959407,
            20606.159773552965,
            20797.114673882767,
            20975.375049433675,
            21391.740485523947,
            21391.740485523947
        ]
    ]
}