{
    "thrust": [
        0.18603736074261648
    ],
    "time": [
        0.001
    ],
    "discharge_current": [
        24.21816401582792
    ],
    "z_normalized": [
        0.0,
        0.01,
        0.03,
        0.049999999999999996,
        0.06999999999999999,
        0.09000000000000001,
        0.10999999999999999,
        0.13,
        0.15,
        0.17,
        0.18999999999999997,
        0.20999999999999996,
        0.22999999999999998,
        0.25,
        0.26999999999999996,
        0.29,
        0.31,
        0.33,
        0.35000000000000003,
        0.36999999999999994,
        0.38999999999999996,
        0.41,
        0.42999999999999994,
        0.44999999999999996,
        0.47,
        0.49,
        0.51,
        0.5299999999999999,
        0.5499999999999999,
        0.57,
        0.59,
        0.61,
        0.63,
        0.65,
        0.67,
        0.6900000000000001,
        0.7100000000000001,
        0.7299999999999999,
        0.7499999999999999,
        0.7699999999999999,
        0.7899999999999999,
        0.8099999999999999,
        0.83,
        0.8499999999999999,
        0.8699999999999999,
        0.8899999999999999,
        0.9099999999999999,
        0.9299999999999999,
        0.95,
        0.97,
        0.99,
        1.01,
        1.0299999999999998,
        1.0499999999999998,
        1.0699999999999998,
        1.0899999999999999,
        1.1099999999999999,
        1.13,
        1.15,
        1.17,
        1.19,
        1.21,
        1.23,
        1.25,
        1.27,
        1.29,
        1.31,
        1.33,
        1.35,
        1.37,
        1.3900000000000001,
        1.4100000000000001,
        1.4299999999999997,
        1.4499999999999997,
        1.4699999999999998,
        1.4899999999999998,
        1.5099999999999998,
        1.5299999999999998,
        1.5499999999999998,
        1.5699999999999998,
        1.5899999999999999,
        1.6099999999999999,
        1.63,
        1.65,
        1.67,
        1.69,
        1.7099999999999997,
        1.7299999999999998,
        1.7499999999999998,
        1.7699999999999998,
        1.7899999999999998,
        1.8099999999999998,
        1.8299999999999998,
        1.8499999999999999,
        1.8699999999999999,
        1.89,
        1.91,
        1.93,
        1.95,
        1.97,
        1.99,
        2.0
    ],
    "ion_velocity": [
        [
            -1257.6750980909383,
            -1061.3984628150176,
            -830.0589070219698,
            -685.8999643275059,
            -562.3665116457098,
            -462.28620025775217,
            -373.63058587973734,
            -293.62364672061364,
            -216.95373099297305,
            -144.60912423843106,
            -73.61643795136018,
            -2.0967632757859955,
            86.69084664487852,
            195.63673299028298,
            318.7245687634339,
            454.2299596881239,
            598.0613199347124,
            747.8137272298229,
            901.1685562230548,
            1056.8355608543782,
            1213.9468906190978,
            1372.5146603430414,
            1533.2142322599418,
            1697.8893069076055,
            1866.7361613381738,
            2039.479242165334,
            2216.415426278333,
            2398.3275212081417,
            2586.208025431143,
            2780.9585784349338,
            2983.2599175005153,
            3193.586258250503,
            3412.2090080700978,
            3639.216078720664,
            3874.663651377484,
            4118.384132480551,
            4370.294024116785,
            4630.051832257052,
            4897.372954009815,
            5172.024793484893,
            5453.328387694197,
            5741.110474737716,
            6034.625302640858,
            6333.170799442367,
            6636.628625687136,
            6943.861855545711,
            7254.416876918084,
            7567.3594826842855,
            7882.454131073483,
            8195.392697238623,
            8514.545212890305,
            8857.411639699909,
            9221.601973116409,
            9592.303984294567,
            9959.987878087724,
            10320.98622962165,
            10674.274314628834,
            11019.790233695514,
            11357.8982201898,
            11688.645855440825,
            12012.405815321416,
            12329.683826925158,
            12640.58500985592,
            12945.172948869109,
            13243.719203556368,
            13536.576938200165,
            13823.804476217796,
            14105.356726472077,
            14381.420744271978,
            14652.098410324674,
            14917.367516402697,
            15177.354743007241,
            15432.009293206698,
            15681.440267182681,
            15925.580676007341,
            16164.514903154384,
            16398.40675542068,
            16627.213806369644,
            16851.08849752361,
            17070.1075704262,
            17284.468008260214,
            17494.4912573504,
            17700.455718588324,
            17902.77183267721,
            18101.898411195827,
            18298.24896115706,
            18492.22646752183,
            18684.176570108728,
            18874.36523595354,
            19062.97516364984,
            19250.12774765657,
            19435.924907549892,
            19620.54704415157,
            19804.120943973874,
            19986.905968446456,
            20169.168849077698,
            20352.214062951607,
            20535.164815681135,
            20727.004341235563,
            20906.041547058005,
            21320.999734567824,
            21320.999734567824
        ]
    ]
}