{
    "thrust": [
        0.15344129012517757
    ],
    "time": [
        0.001
    ],
    "discharge_current": [
        87.17658026858692
    ],
    "z_normalized": [
        0.0,
        0.01,
        0.03,
        0.049999999999999996,
        0.06999999999999999,
        0.09000000000000001,
        0.10999999999999999,
        0.13,
        0.15,
        0.17,
        0.18999999999999997,
        0.20999999999999996,
        0.22999999999999998,
        0.25,
        0.26999999999999996,
        0.29,
        0.31,
        0.33,
        0.35000000000000003,
        0.36999999999999994,
        0.38999999999999996,
        0.41,
        0.42999999999999994,
        0.44999999999999996,
        0.47,
        0.49,
        0.51,
        0.5299999999999999,
        0.5499999999999999,
        0.57,
        0.59,
        0.61,
        0.63,
        0.65,
        0.67,
        0.6900000000000001,
        0.7100000000000001,
        0.7299999999999999,
        0.7499999999999999,
        0.7699999999999999,
        0.7899999999999999,
        0.8099999999999999,
        0.83,
        0.8499999999999999,
        0.8699999999999999,
        0.8899999999999999,
        0.9099999999999999,
        0.9299999999999999,
        0.95,
        0.97,
        0.99,
        1.01,
        1.0299999999999998,
        1.0499999999999998,
        1.0699999999999998,
        1.0899999999999999,
        1.1099999999999999,
        1.13,
        1.15,
        1.17,
        1.19,
        1.21,
        1.23,
        1.25,
        1.27,
        1.29,
        1.31,
        1.33,
        1.35,
        1.37,
        1.3900000000000001,
        1.4100000000000001,
        1.4299999999999997,
        1.4499999999999997,
        1.4699999999999998,
        1.4899999999999998,
        1.5099999999999998,
        1.5299999999999998,
        1.5499999999999998,
        1.5699999999999998,
        1.5899999999999999,
        1.6099999999999999,
        1.63,
        1.65,
        1.67,
        1.69,
        1.7099999999999997,
        1.7299999999999998,
        1.7499999999999998,
        1.7699999999999998,
        1.7899999999999998,
        1.8099999999999998,
        1.8299999999999998,
        1.8499999999999999,
        1.8699999999999999,
        1.89,
        1.91,
        1.93,
        1.95,
        1.97,
        1.99,
        2.0
    ],
    "ion_velocity": [
        [
            -2412.311503308853,
            -1150.2410722342102,
            -28.803735787127405,
            541.4589804150629,
            950.8970418279844,
            1192.3159012681272,
            1339.6265792317245,
            1439.4772773583418,
            1514.19718535212,
            1576.6198059452279,
            1634.6751698086866,
            1693.036116757439,
            1753.9937861591957,
            1818.458835241419,
            1887.4769619841622,
            1961.6946391580911,
            2041.247563970977,
            2126.5912460959,
            2217.9266282976223,
            2315.665271463364,
            2419.9271169286712,
            2531.01724136777,
            2649.0886800989283,
            2774.278576151104,
            2906.7486188108446,
            3046.6605492537574,
            3194.175106923826,
            3349.354989731758,
            3512.2396428603856,
            3682.8283030756056,
            3861.068612945775,
            4046.8648547765392,
            4240.037491458934,
            4440.259010279769,
            4647.0788931156985,
            4859.519301350649,
            5076.113547777912,
            5294.636821437986,
            5513.902605629459,
            5734.550329493073,
            5957.177826689518,
            6182.6963780765545,
            6411.348799015414,
            6643.167930092629,
            6878.620725556633,
            7117.1407326647695,
            7358.851313580773,
            7602.662027436699,
            7848.473946163626,
            8092.514704020257,
            8359.985844790335,
            8690.542485043003,
            9077.080969689607,
            9481.448526831105,
            9880.253305488044,
            10265.775642385765,
            10637.340780585047,
            10996.433438757262,
            11344.952680055818,
            11684.228226072984,
            12015.527156538305,
            12339.97399154423,
            12658.159172709644,
            12970.486376835928,
            13277.436422635239,
            13579.48761016611,
            13876.812594180188,
            14169.463320524172,
            14457.656430229401,
            14741.503811075083,
            15021.000637156463,
            15296.258809318977,
            15567.233206153467,
            15834.00073196933,
            16096.477371384788,
            16354.714724064597,
            16608.81416678139,
            16858.682568241595,
            17104.369762820046,
            17345.82807815014,
            17583.083528242423,
            17816.20436209784,
            18045.15862021027,
            18269.992322574286,
            18490.76872003997,
            18707.520907533133,
            18920.321045931025,
            19129.26409460047,
            19334.460638837278,
            19536.03214743609,
            19734.12317918256,
            19928.92521171201,
            20120.753413632763,
            20309.868311671256,
            20496.96314041241,
            20682.78638269864,
            20869.242778617216,
            21055.353013930973,
            21252.14930210145,
            21435.43568909239,
            21933.795626365853,
            21933.795626365853
        ]
    ]
}