{
    "thrust": [
        0.15545920229144727
    ],
    "time": [
        0.001
    ],
    "discharge_current": [
        82.8385199144907
    ],
    "z_normalized": [
        0.0,
        0.01,
        0.03,
        0.049999999999999996,
        0.06999999999999999,
        0.09000000000000001,
        0.10999999999999999,
        0.13,
        0.15,
        0.17,
        0.18999999999999997,
        0.20999999999999996,
        0.22999999999999998,
        0.25,
        0.26999999999999996,
        0.29,
        0.31,
        0.33,
        0.35000000000000003,
        0.36999999999999994,
        0.38999999999999996,
        0.41,
        0.42999999999999994,
        0.44999999999999996,
        0.47,
        0.49,
        0.51,
        0.5299999999999999,
        0.5499999999999999,
        0.57,
        0.59,
        0.61,
        0.63,
        0.65,
        0.67,
        0.6900000000000001,
        0.7100000000000001,
        0.7299999999999999,
        0.7499999999999999,
        0.7699999999999999,
        0.7899999999999999,
        0.8099999999999999,
        0.83,
        0.8499999999999999,
        0.8699999999999999,
        0.8899999999999999,
        0.9099999999999999,
        0.9299999999999999,
        0.95,
        0.97,
        0.99,
        1.01,
        1.0299999999999998,
        1.0499999999999998,
        1.0699999999999998,
        1.0899999999999999,
        1.1099999999999999,
        1.13,
        1.15,
        1.17,
        1.19,
        1.21,
        1.23,
        1.25,
        1.27,
        1.29,
        1.31,
        1.33,
        1.35,
        1.37,
        1.3900000000000001,
        1.4100000000000001,
        1.4299999999999997,
        1.4499999999999997,
        1.4699999999999998,
        1.4899999999999998,
        1.5099999999999998,
        1.5299999999999998,
        1.5499999999999998,
        1.5699999999999998,
        1.5899999999999999,
        1.6099999999999999,
        1.63,
        1.65,
        1.67,
        1.69,
        1.7099999999999997,
        1.7299999999999998,
        1.7499999999999998,
        1.7699999999999998,
        1.7899999999999998,
        1.8099999999999998,
        1.8299999999999998,
        1.8499999999999999,
        1.8699999999999999,
        1.89,
        1.91,
        1.93,
        1.95,
        1.97,
        1.99,
        2.0
    ],
    "ion_velocity": [
        [
            -2359.2572831686375,
            -1156.7970203497252,
            -73.36678555528209,
            475.35690187736657,
            878.5923097394327,
            1124.013255049258,
            1278.260439334409,
            1384.5449780130045,
            1464.236661155457,
            1530.1607383182034,
            1590.5567853304444,
            1650.4652224215165,
            1712.4976037838437,
            1777.7809188095032,
            1847.4931599657218,
            1922.3573861933448,
            2002.5500149726015,
            2088.55386038617,
            2180.585635008465,
            2279.0670392404854,
            2384.1233310832695,
            2496.0647117636063,
            2615.047925508123,
            2741.2135733571868,
            2874.727072484268,
            3015.7543288668485,
            3164.460989767455,
            3320.915166140851,
            3485.1631236748385,
            3657.2127047377453,
            3837.0226475390878,
            4024.5139663375658,
            4219.533949687578,
            4421.811866935261,
            4631.01956852797,
            4846.447141620462,
            5067.035397280938,
            5290.82284389019,
            5515.840554732228,
            5741.578464949056,
            5968.405939638819,
            6197.313150091981,
            6428.686647921608,
            6662.703397033154,
            6899.950170613596,
            7139.9517860945825,
            7382.8997168937385,
            7627.815299207076,
            7874.656959065928,
            8119.536386764678,
            8386.386794782387,
            8713.513867286892,
            9094.409623574507,
            9492.776856939889,
            9886.279629052842,
            10267.448264037226,
            10635.515473240239,
            10991.795863650079,
            11338.034194513837,
            11675.43718097862,
            12005.181690473999,
            12328.326463311372,
            12645.410652818171,
            12956.798574155453,
            13262.941668210982,
            13564.296214227268,
            13861.01608097243,
            14153.137190156122,
            14440.86444863812,
            14724.299806406727,
            15003.429323203949,
            15278.358304416435,
            15549.034889220307,
            15815.531359232244,
            16077.758461435656,
            16335.76378221402,
            16589.6460346494,
            16839.308309858116,
            17084.79809583937,
            17326.06487302402,
            17563.13221048448,
            17796.06663942139,
            18024.833829483912,
            18249.47777585297,
            18470.05990943495,
            18686.611193656096,
            18899.201604856866,
            19107.92383339532,
            19312.885725280546,
            19514.206143680545,
            19712.024762924768,
            19906.532134076337,
            20098.01774782717,
            20286.829164088882,
            20473.727918052846,
            20659.39913532309,
            20845.702558133304,
            21031.66702330297,
            21228.20803835285,
            21411.31609793414,
            21904.558977737237,
            21904.558977737237
        ]
    ]
}