{
    "thrust": [
        0.1859763898331505
    ],
    "time": [
        0.001
    ],
    "discharge_current": [
        19.10496771202083
    ],
    "z_normalized": [
        0.0,
        0.01,
        0.03,
        0.049999999999999996,
        0.06999999999999999,
        0.09000000000000001,
        0.10999999999999999,
        0.13,
        0.15,
        0.17,
        0.18999999999999997,
        0.20999999999999996,
        0.22999999999999998,
        0.25,
        0.26999999999999996,
        0.29,
        0.31,
        0.33,
        0.35000000000000003,
        0.36999999999999994,
        0.38999999999999996,
        0.41,
        0.42999999999999994,
        0.44999999999999996,
        0.47,
        0.49,
        0.51,
        0.5299999999999999,
        0.5499999999999999,
        0.57,
        0.59,
        0.61,
        0.63,
        0.65,
        0.67,
        0.6900000000000001,
        0.7100000000000001,
        0.7299999999999999,
        0.7499999999999999,
        0.7699999999999999,
        0.7899999999999999,
        0.8099999999999999,
        0.83,
        0.8499999999999999,
        0.8699999999999999,
        0.8899999999999999,
        0.9099999999999999,
        0.9299999999999999,
        0.95,
        0.97,
        0.99,
        1.01,
        1.0299999999999998,
        1.0499999999999998,
        1.0699999999999998,
        1.0899999999999999,
        1.1099999999999999,
        1.13,
        1.15,
        1.17,
        1.19,
        1.21,
        1.23,
        1.25,
        1.27,
        1.29,
        1.31,
        1.33,
        1.35,
        1.37,
        1.3900000000000001,
        1.4100000000000001,
        1.4299999999999997,
        1.4499999999999997,
        1.4699999999999998,
        1.4899999999999998,
        1.5099999999999998,
        1.5299999999999998,
        1.5499999999999998,
        1.5699999999999998,
        1.5899999999999999,
        1.6099999999999999,
        1.63,
        1.65,
        1.67,
        1.69,
        1.7099999999999997,
        1.7299999999999998,
        1.7499999999999998,
        1.7699999999999998,
        1.7899999999999998,
        1.8099999999999998,
        1.8299999999999998,
        1.8499999999999999,
        1.8699999999999999,
        1.89,
        1.91,
        1.93,
        1.95,
        1.97,
        1.99,
        2.0
    ],
    "ion_velocity": [
        [
            -1346.527615478122,
            -1069.8579517680773,
            -746.2607647163942,
            -556.6246860131617,
            -435.9344562415151,
            -344.3745605641848,
            -266.85307068154685,
            -200.14548563992074,
            -140.52526065267577,
            -87.28265791233171,
            -39.26928723871021,
            5.3809859492961145,
            46.79470168462831,
            85.73276268406715,
            122.80068741862178,
            158.76187571804763,
            194.14017408898604,
            229.8701208228353,
            266.5326353419071,
            305.3667136453925,
            346.9164829910871,
            393.2013746015043,
            444.4512779583136,
            506.8541767797304,
            591.8038092099123,
            699.6806710631588,
            830.8147523000439,
            984.716836371872,
            1159.5761450849375,
            1352.9269827117348,
            1562.511780309119,
            1787.8105100139744,
            2026.9438034335108,
            2277.0425789912993,
            2536.091057308657,
            2802.748042674119,
            3076.6877281983857,
            3357.759493461209,
            3645.9758593204133,
            3941.392961088397,
            4243.515986803249,
            4552.354810636551,
            4867.305232301168,
            5187.7281439264225,
            5513.593376229616,
            5843.753957420981,
            6177.799550007254,
            6514.752896748146,
            6854.288542522013,
            7191.848527310519,
            7537.214192819409,
            7909.4084328661875,
            8305.07058983295,
            8707.611489289618,
            9106.535692383406,
            9498.036144576092,
            9881.25187504622,
            10256.322051801173,
            10623.783287041031,
            10983.76650053065,
            11336.769072194542,
            11683.15621283867,
            12022.687341196333,
            12355.315419180599,
            12681.295494180114,
            13001.000897414786,
            13314.49557535425,
            13621.739468023894,
            13922.941953736492,
            14218.209848419188,
            14507.517230189382,
            14791.005350770169,
            15068.62292246477,
            15340.490402233916,
            15606.528002020605,
            15866.822728254827,
            16121.551463946016,
            16370.65892011376,
            16614.292147042106,
            16852.503535385258,
            17085.462956539013,
            17313.45007456637,
            17536.673522790592,
            17755.485092069935,
            17970.308917296818,
            18181.5569772659,
            18389.678109316443,
            18595.10531183185,
            18798.217944906533,
            18999.318539238724,
            19198.63851879259,
            19396.370251421522,
            19592.768659671692,
            19788.007010706122,
            19982.37428036856,
            20176.14655481017,
            20370.67944023789,
            20564.97234745857,
            20768.442763700277,
            20957.602838737534,
            21393.11111361714,
            21393.11111361714
        ]
    ]
}