{
    "thrust": [
        0.18619942809259665
    ],
    "time": [
        0.001
    ],
    "discharge_current": [
        11.052063054968487
    ],
    "z_normalized": [
        0.0,
        0.18999999999999997,
        0.38999999999999996,
        0.59,
        0.7899999999999999,
        0.99,
        1.19,
        1.3900000000000001,
        1.5899999999999999,
        1.7899999999999998,
        1.99
    ],
    "ion_velocity": [
        [
            -1321.9350286961453,
            -50.377572832316126,
            248.28493978242597,
            448.81956996454414,
            3518.437274247417,
            10734.438327161408,
            14051.683941693338,
            16300.56913249901,
            18211.339968721764,
            19830.3914579999,
            21417.739379979284
        ]
    ]
}