{
    "thrust": [
        0.18886088784373975
    ],
    "time": [
        0.001
    ],
    "discharge_current": [
        10.632689379294202
    ],
    "z_normalized": [
        0.0,
        0.18999999999999997,
        0.38999999999999996,
        0.59,
        0.7899999999999999,
        0.99,
        1.19,
        1.3900000000000001,
        1.5899999999999999,
        1.7899999999999998,
        1.99
    ],
    "ion_velocity": [
        [
            -1341.4363230619697,
            -56.33023417248621,
            258.3138406213404,
            433.50276845865295,
            2303.8734328080614,
            9660.321347747917,
            13362.824223581258,
            15833.366798286637,
            17930.39417424332,
            19681.7409430311,
            21397.75856278906
        ]
    ]
}