{
    "thrust": [
        0.1922806994143316
    ],
    "time": [
        0.001
    ],
    "discharge_current": [
        10.780917754230794
    ],
    "z_normalized": [
        0.0,
        0.18999999999999997,
        0.38999999999999996,
        0.59,
        0.7899999999999999,
        0.99,
        1.19,
        1.3900000000000001,
        1.5899999999999999,
        1.7899999999999998,
        1.99
    ],
    "ion_velocity": [
        [
            -1342.2646639417987,
            -77.75223894100705,
            257.9297065221729,
            433.64515860975575,
            1417.5359669464142,
            7934.675743755198,
            12150.641694082959,
            15019.89339159568,
            17431.0946383327,
            19436.932419473695,
            21403.463275911057
        ]
    ]
}