{
    "thrust": [
        0.1878276555975911
    ],
    "time": [
        0.001
    ],
    "discharge_current": [
        11.075915979618083
    ],
    "z_normalized": [
        0.0,
        0.18999999999999997,
        0.38999999999999996,
        0.59,
        0.7899999999999999,
        0.99,
        1.19,
        1.3900000000000001,
        1.5899999999999999,
        1.7899999999999998,
        1.99
    ],
    "ion_velocity": [
        [
            -1351.6751859455278,
            -53.75857452352086,
            253.22382771716948,
            452.47251454399907,
            3021.0405794877984,
            10110.949155374077,
            13617.307429162118,
            16011.428452578777,
            18035.843759067375,
            19735.750481533396,
            21399.606346478828
        ]
    ]
}