{
    "thrust": [
        0.0026830985821756125
    ],
    "time": [
        0.001
    ],
    "discharge_current": [
        6.348023677784687
    ],
    "z_normalized": [
        0.0,
        0.18999999999999997,
        0.38999999999999996,
        0.59,
        0.7899999999999999,
        0.99,
        1.19,
        1.3900000000000001,
        1.5899999999999999,
        1.7899999999999998,
        1.99
    ],
    "ion_velocity": [
        [
            -329.94264477085085,
            464.7305255648836,
            817.6279781905309,
            1321.4585432530027,
            1953.5819713212406,
            2821.228265911368,
            4056.537266214323,
            5462.403827522489,
            6828.440808484617,
            8037.380615011248,
            9416.420659684396
        ]
    ]
}