{
    "thrust": [
        0.1893694556515338
    ],
    "time": [
        0.001
    ],
    "discharge_current": [
        11.055644660310998
    ],
    "z_normalized": [
        0.0,
        0.18999999999999997,
        0.38999999999999996,
        0.59,
        0.7899999999999999,
        0.99,
        1.19,
        1.3900000000000001,
        1.5899999999999999,
        1.7899999999999998,
        1.99
    ],
    "ion_velocity": [
        [
            -1322.9625401601463,
            -56.87794405782065,
            252.275135098379,
            450.06008819163173,
            2664.080013382458,
            9642.63196491838,
            13292.65347670855,
            15797.085336655718,
            17909.81888025039,
            19680.70171630744,
            21411.992644991304
        ]
    ]
}