{
    "thrust": [
        0.18843792842391865
    ],
    "time": [
        0.001
    ],
    "discharge_current": [
        10.588020990107516
    ],
    "z_normalized": [
        0.0,
        0.18999999999999997,
        0.38999999999999996,
        0.59,
        0.7899999999999999,
        0.99,
        1.19,
        1.3900000000000001,
        1.5899999999999999,
        1.7899999999999998,
        1.99
    ],
    "ion_velocity": [
        [
            -1355.1235661729945,
            -59.11497055378869,
            257.5706945468123,
            434.65316007866403,
            2278.5395034655207,
            9585.687893999491,
            13303.648566280122,
            15792.998729099141,
            17911.70433223556,
            19679.113735173236,
            21402.275077277845
        ]
    ]
}