{
    "thrust": [
        0.18641706088549387
    ],
    "time": [
        0.001
    ],
    "discharge_current": [
        27.516660689239707
    ],
    "z_normalized": [
        0.0,
        0.18999999999999997,
        0.38999999999999996,
        0.59,
        0.7899999999999999,
        0.99,
        1.19,
        1.3900000000000001,
        1.5899999999999999,
        1.7899999999999998,
        1.99
    ],
    "ion_velocity": [
        [
            -1273.361563552214,
            -68.40147351539379,
            437.4327750936252,
            1224.1396176477747,
            2043.9160692424844,
            3904.5516527870654,
            8364.38014171592,
            12547.64858609075,
            15865.648662111904,
            18575.28502977326,
            21311.76886573497
        ]
    ]
}