{
    "thrust": [
        0.1495815584921146
    ],
    "time": [
        0.001
    ],
    "discharge_current": [
        93.9969240558213
    ],
    "z_normalized": [
        0.0,
        0.18999999999999997,
        0.38999999999999996,
        0.59,
        0.7899999999999999,
        0.99,
        1.19,
        1.3900000000000001,
        1.5899999999999999,
        1.7899999999999998,
        1.99
    ],
    "ion_velocity": [
        [
            -2498.60003089016,
            1779.199880100938,
            2805.2878614607603,
            4695.5017011654245,
            7334.656424128362,
            9586.247559634883,
            12710.555070755538,
            15513.271376082848,
            17905.89958439989,
            19916.11821760334,
            21987.135615330408
        ]
    ]
}