{
    "thrust": [
        0.19157258569264768
    ],
    "time": [
        0.001
    ],
    "discharge_current": [
        10.978894409368896
    ],
    "z_normalized": [
        0.0,
        0.18999999999999997,
        0.38999999999999996,
        0.59,
        0.7899999999999999,
        0.99,
        1.19,
        1.3900000000000001,
        1.5899999999999999,
        1.7899999999999998,
        1.99
    ],
    "ion_velocity": [
        [
            -1342.1102545623592,
            -68.6140453093692,
            252.85636195831577,
            441.59938851810494,
            1882.9196023205682,
            8533.00590327745,
            12520.985223705342,
            15275.55758735423,
            17596.434452835198,
            19530.64681023569,
            21421.867304933483
        ]
    ]
}