{
    "thrust": [
        0.15593873072679842,
        0.17485826378245883,
        0.16658028558248678,
        0.16671128681125486,
        0.16671179447670098,
        0.1667117197391395,
        0.1667117213655771,
        0.16671172136026158,
        0.1667117213596613,
        0.16671172135965961
    ],
    "discharge_current": [
        13.310050300618823,
        56.167342809040505,
        53.782288210948515,
        53.82678150606543,
        53.82676123828718,
        53.826740681123795,
        53.8267412043635,
        53.82674120101034,
        53.826741200857214,
        53.82674120085663
    ],
    "time": [
        0.0,
        0.00010101010101010101,
        0.00020202020202020202,
        0.00030303030303030303,
        0.00040404040404040404,
        0.000505050505050505,
        0.0006060606060606061,
        0.0007070707070707071,
        0.0008080808080808081,
        0.0009090909090909091
    ],
    "z_normalized": [
        0.0,
        0.18999999999999997,
        0.38999999999999996,
        0.59,
        0.7899999999999999,
        0.99,
        1.19,
        1.3900000000000001,
        1.5899999999999999,
        1.7899999999999998,
        1.99
    ],
    "ion_velocity": [
        [
            -1964.7463521310317,
            -1181.8758539736896,
            -409.55988553741105,
            -5.8539731726603215,
            327.2195818742433,
            541.0978225080058,
            718.7900853586173,
            859.6354130817862,
            978.3988291647888,
            1084.149410344384,
            1182.3171652746857,
            1277.5879323463985,
            1373.3229198024276,
            1470.9418830237582,
            1572.3414740004155,
            1679.1019094516796,
            1792.0987343278834,
            1912.5165991941471,
            2041.0498449691497,
            2178.4723719514213,
            2325.1088506280244,
            2481.5060576662163,
            2647.9440726990297,
            2824.6602587502857,
            3011.904329369437,
            3209.9196506882804,
            3418.951001828042,
            3639.114353087304,
            3870.5036712611127,
            4113.156068853272,
            4367.0345157832135,
            4632.051232430525,
            4907.997898801253,
            5194.529189038245,
            5491.213168144017,
            5797.303579702955,
            6111.545785551625,
            6431.521825856064,
            6751.973492548778,
            7072.605387800437,
            7394.775181401819,
            7716.871395956093,
            8034.534780713632,
            8346.72456720367,
            8653.958238190502,
            8955.76966063553,
            9252.470427687387,
            9543.773270199774,
            9830.252830319328,
            10107.825819619316,
            10387.2973087036,
            10691.28622992747,
            11018.73947535645,
            11352.365376096219,
            11681.206188396049,
            12001.195125920172,
            12311.37480401073,
            12611.89107958768,
            12903.269405931354,
            13185.799041161305,
            13459.73228975457,
            13726.881838730684,
            13989.306848025712,
            14247.567698149416,
            14501.995707949902,
            14752.875034203827,
            15000.230895630182,
            15244.004697055363,
            15484.307032892222,
            15721.171369316222,
            15954.540291110268,
            16184.471566398011,
            16410.890038491612,
            16633.837384659895,
            16853.215198338567,
            17069.04751797217,
            17281.40758527419,
            17490.19733293365,
            17695.448032751992,
            17897.104811926507,
            18095.17679425731,
            18289.71237318927,
            18480.670619443485,
            18668.07762657251,
            18851.973853246163,
            19032.372083606977,
            19209.313657439405,
            19382.86520799713,
            19553.055614531822,
            19720.142588495386,
            19884.689154828164,
            20047.17524426994,
            20207.986162055393,
            20367.388263722827,
            20525.750075195676,
            20683.44215860015,
            20841.7719347362,
            21000.20544478991,
            21166.930606447277,
            21324.35958925858,
            21705.34377222524,
            21705.34377222524
        ]
    ]
}