{
    "thrust": [
        0.15593873072679842,
        0.21570027319225943,
        0.20435726008975758,
        0.17831709758131034,
        0.18910214416721507,
        0.18649648791622042,
        0.18774975845533456,
        0.1866453078528544,
        0.18764550830355448,
        0.1874562680622127
    ],
    "discharge_current": [
        13.310050300618823,
        14.608132012937087,
        13.55044689074807,
        12.070939272233861,
        12.64858791025083,
        12.474586429719201,
        12.538175558741576,
        12.535040855794184,
        12.506311828655653,
        12.532811946720413
    ],
    "time": [
        0.0,
        0.00010101010101010101,
        0.00020202020202020202,
        0.00030303030303030303,
        0.00040404040404040404,
        0.000505050505050505,
        0.0006060606060606061,
        0.0007070707070707071,
        0.0008080808080808081,
        0.0009090909090909091
    ],
    "z_normalized": [
        0.0,
        0.18999999999999997,
        0.38999999999999996,
        0.59,
        0.7899999999999999,
        0.99,
        1.19,
        1.3900000000000001,
        1.5899999999999999,
        1.7899999999999998,
        1.99
    ],
    "ion_velocity": [
        [
            -1320.1352566950611,
            -1114.0740653863568,
            -830.99659423268,
            -647.7260030128182,
            -496.8654845309435,
            -383.2400026297263,
            -297.13511365944527,
            -213.71903892524455,
            -150.32494735300017,
            -94.59635912389619,
            -44.71076345096136,
            -0.3692897187611548,
            39.88798797837688,
            76.26817198728831,
            109.47116774948918,
            139.72573434944692,
            167.67718799356052,
            193.5675079285172,
            217.64307669008625,
            240.27513415376404,
            261.7243680753934,
            282.317735754993,
            302.3428478668334,
            322.1156931153691,
            341.961370696212,
            362.216237520438,
            383.24232618911003,
            405.40646945833123,
            429.10164714101154,
            454.7238002750966,
            482.68288756987494,
            513.3551158922918,
            547.1753293409668,
            584.4758491719773,
            626.1701511831874,
            674.7837039865692,
            731.6326345458434,
            796.0549182492321,
            866.9740060041086,
            944.3169452826605,
            1027.7120425453816,
            1124.5680944956098,
            1254.8198193664234,
            1437.299093767033,
            1692.6564819598816,
            2049.034281842921,
            2550.1903316548037,
            3250.7927966761213,
            4219.794055956642,
            5409.773742829989,
            6665.513122338475,
            7917.414779641808,
            9134.143222984072,
            10306.484430667253,
            11434.609624358474,
            12526.66147411794,
            13612.054607305994,
            14637.660284918422,
            15510.867648983261,
            16226.150186470235,
            16802.047750391484,
            17260.774016911768,
            17623.63234368376,
            17909.674082133144,
            18134.5152761795,
            18311.509459605466,
            18448.944464238957,
            18564.241694344244,
            18673.066630688496,
            18778.993730449587,
            18882.909875360318,
            18985.118482902148,
            19085.70452597754,
            19184.76597365484,
            19282.31801252825,
            19378.416757845753,
            19473.12527974037,
            19566.418968217247,
            19658.33054997841,
            19748.853193050632,
            19838.00843996955,
            19925.831261608666,
            20012.310615553015,
            20097.463742280004,
            20181.314584574713,
            20263.87496753635,
            20345.17058513398,
            20425.232049297658,
            20504.09123655014,
            20581.781591884064,
            20658.344545255644,
            20733.843170215066,
            20808.385858734033,
            20882.07675383286,
            20955.05993828469,
            21027.53451902455,
            21099.95966282251,
            21172.288044020846,
            21247.328193772042,
            21318.126426201317,
            21453.56372277075,
            21453.56372277075
        ]
    ]
}