{
    "thrust": [
        0.15593873072679842,
        0.22945594426071067,
        0.17591570764099904,
        0.18771864508981279,
        0.1895287414987071,
        0.18884087206074418,
        0.18879718394407694,
        0.18914530951589625,
        0.18972147456407398,
        0.18970220701915302
    ],
    "discharge_current": [
        13.310050300618823,
        14.884188757940276,
        11.649059614092053,
        12.521190184760922,
        12.268511539381533,
        12.279100431378424,
        12.276800767350153,
        12.295526242576015,
        12.280748025547862,
        12.28066807004249
    ],
    "time": [
        0.0,
        0.00010101010101010101,
        0.00020202020202020202,
        0.00030303030303030303,
        0.00040404040404040404,
        0.000505050505050505,
        0.0006060606060606061,
        0.0007070707070707071,
        0.0008080808080808081,
        0.0009090909090909091
    ],
    "z_normalized": [
        0.0,
        0.18999999999999997,
        0.38999999999999996,
        0.59,
        0.7899999999999999,
        0.99,
        1.19,
        1.3900000000000001,
        1.5899999999999999,
        1.7899999999999998,
        1.99
    ],
    "ion_velocity": [
        [
            -1332.1614388745197,
            -1132.4949457246464,
            -885.4772717591662,
            -716.1651998550452,
            -532.9022734387421,
            -392.67695427424997,
            -307.13936911730997,
            -232.4760034262603,
            -169.89923495539662,
            -113.37784684405209,
            -63.29893352379665,
            -17.703887205084683,
            23.551022076165168,
            61.34865354330981,
            96.06159741753439,
            127.8730436812184,
            157.46576649519426,
            185.30523423914553,
            211.42995339251814,
            236.34993025908233,
            260.3600641973097,
            283.90975626963007,
            307.41781711286205,
            331.40760615641915,
            356.4805142761644,
            383.3908148004748,
            413.0487289498188,
            446.692125323948,
            485.75621111927944,
            532.6028124714093,
            589.747987218351,
            663.8272884969043,
            769.4533544947569,
            919.3955077087419,
            1126.364632853854,
            1402.01218656039,
            1753.8770671523366,
            2184.848813794129,
            2688.99739738232,
            3251.943197524123,
            3859.066336459844,
            4484.237615586645,
            5096.594034261993,
            5685.122628536269,
            6248.3731851485,
            6785.916155212395,
            7299.269800074451,
            7789.765463701447,
            8259.244904481258,
            8705.61929432998,
            9134.048168490242,
            9555.333906617738,
            9970.353787069902,
            10373.96257918061,
            10762.267228305907,
            11134.23199030213,
            11490.09972223673,
            11830.586817409872,
            12156.610417389798,
            12468.73876936114,
            12767.251384627873,
            13055.549747384808,
            13337.707752207838,
            13614.764121166969,
            13887.189192590407,
            14155.32965183237,
            14419.197277128636,
            14678.690909527108,
            14933.92141973136,
            15184.913550933574,
            15431.583559743554,
            15674.001694575205,
            15912.081100222407,
            16145.895428978814,
            16375.354201324964,
            16600.522820021288,
            16821.552822303882,
            17038.398919249394,
            17251.1919554342,
            17459.972500144195,
            17664.867833938304,
            17866.072941842445,
            18063.68306931831,
            18257.875278323667,
            18448.84677731246,
            18636.753265506093,
            18821.77363096425,
            19004.088955652645,
            19183.87120983378,
            19361.275775044138,
            19536.447853447055,
            19709.544669773462,
            19880.809447828855,
            20050.440022426537,
            20218.72491430803,
            20385.989047905114,
            20553.333578342397,
            20720.180785853812,
            20893.776034808576,
            21055.859931536317,
            21403.780028139125,
            21403.780028139125
        ]
    ]
}