{"samples": [[0.3037208130436473, -0.002063836968121456], [0.3037208130436473, -0.002063836968121456], [0.36529630492817483, 0.00420288701643675], [0.36529630492817483, 0.00420288701643675], [0.36529630492817483, 0.00420288701643675], [0.36529630492817483, 0.00420288701643675], [0.6569500045319894, 0.05198947445936349], [0.6690837111332342, 0.05941533625220683], [0.8331424071197009, 0.051064754318679184], [1.0399642868928907, -0.04709911756097751], [1.1932531387161829, 0.10001226487835677], [1.1932531387161829, 0.10001226487835677], [1.1932531387161829, 0.10001226487835677], [1.2460416471872315, 0.047453652457255226], [1.6405614644974706, -0.08864732939688685], [1.6405614644974706, -0.08864732939688685], [1.6518691624165107, -0.06862190609803634], [1.6518691624165107, -0.06862190609803634], [1.7177389086947392, -0.1360943052032745], [1.695762094169808, -0.07979987229094333]], "acceptance_rate": 1.0}