{"samples": [[0.3037208130436473, -0.002063836968121456], [0.3037208130436473, -0.002063836968121456], [0.3037208130436473, -0.002063836968121456], [0.3037208130436473, -0.002063836968121456], [0.3037208130436473, -0.002063836968121456], [0.3037208130436473, -0.002063836968121456], [0.7371421103432438, 0.07686372225871012], [0.7618598933300103, 0.08733884544023092], [0.8705090903444075, 0.07544655980729692], [1.1599094469130975, 0.06739568102809494], [1.1599094469130975, 0.06739568102809494], [1.2236621761129884, 0.05684705410501497], [1.2236621761129884, 0.05684705410501497], [1.3136181277787913, -0.011273533440219523], [1.3136181277787913, -0.011273533440219523], [1.3136181277787913, -0.011273533440219523], [1.3136181277787913, -0.011273533440219523], [1.4477186694845887, -0.08620928136713676], [1.6817214824466027, -0.043635227216190654], [1.6817214824466027, -0.043635227216190654]], "acceptance_rate": 1.0}