{"samples": [[0.3037208130436473, -0.002063836968121456], [0.3037208130436473, -0.002063836968121456], [0.3037208130436473, -0.002063836968121456], [0.3037208130436473, -0.002063836968121456], [0.3037208130436473, -0.002063836968121456], [0.3037208130436473, -0.002063836968121456], [0.3037208130436473, -0.002063836968121456], [0.3037208130436473, -0.002063836968121456], [0.3037208130436473, -0.002063836968121456], [0.3037208130436473, -0.002063836968121456], [0.3037208130436473, -0.002063836968121456], [0.3037208130436473, -0.002063836968121456], [1.2630537650163838, 0.1638509915362601], [1.3975321592141472, 0.1534471762898853], [1.4921788223861927, 0.10826705649793592], [1.3043890689887185, 0.11002965944619646], [1.1718290681985597, 0.09200074138302497], [1.1718290681985597, 0.09200074138302497], [1.5591723340775312, 0.05000801232619401], [1.40040393508903, 0.0509471002405835]], "acceptance_rate": 1.0}