{"samples": [[0.9530100895155359, 0.05149915674892167], [1.3891669716694828, 0.05272480985071325], [1.3891669716694828, 0.05272480985071325], [1.4649884039552887, 0.05644691665653774], [1.4649884039552887, 0.05644691665653774], [1.5625765369980105, 0.029810756718984515], [1.4760545002869754, 0.037531977348233395], [1.4760545002869754, 0.037531977348233395], [1.4760545002869754, 0.037531977348233395], [1.4760545002869754, 0.037531977348233395], [1.4760545002869754, 0.037531977348233395], [1.4760545002869754, 0.037531977348233395], [1.4760545002869754, 0.037531977348233395], [1.5519891746433099, -0.00865218469850277], [1.6428026479487514, -0.0724641593607446], [1.6428026479487514, -0.0724641593607446], [1.658315054827494, -0.08126627687349713], [1.658315054827494, -0.08126627687349713], [1.658315054827494, -0.08126627687349713], [1.658315054827494, -0.08126627687349713]], "acceptance_rate": 1.0}