{"samples": [[0.3037208130436473, -0.002063836968121456], [0.3037208130436473, -0.002063836968121456], [-0.23382683395775694, 0.006558794848648167], [-0.7255727718679595, 0.04459926005581054], [-0.9212944032333212, 0.061221927343569904], [-1.1747923839686876, 0.1741092567695447], [-1.4707563174144922, 0.26051530329663475], [-1.544520222557653, 0.2556323942967405], [-1.544520222557653, 0.2556323942967405], [-1.7711709054083287, 0.36395909419130523], [-1.982114790439462, 0.4272788781185078], [-1.982114790439462, 0.4272788781185078], [-1.982114790439462, 0.4272788781185078], [-2.0620211978315273, 0.46067297272469754], [-2.0620211978315273, 0.46067297272469754], [-2.2619318375326016, 0.37601913625605893], [-2.2619318375326016, 0.37601913625605893], [-2.2619318375326016, 0.37601913625605893], [-2.2619318375326016, 0.37601913625605893], [-2.133787561166403, 0.4107036585733], [-2.3295827018375386, 0.4770108389114298], [-2.410231911469859, 0.5096508141308473], [-2.373458850848927, 0.5124180713188317], [-2.373458850848927, 0.5124180713188317], [-2.373458850848927, 0.5124180713188317], [-2.373458850848927, 0.5124180713188317], [-2.373458850848927, 0.5124180713188317], [-2.373458850848927, 0.5124180713188317], [-2.373458850848927, 0.5124180713188317], [-2.373458850848927, 0.5124180713188317]], "acceptance_rate": 1.0}