{
    "thrust": [
        0.14972733482748815
    ],
    "time": [
        0.001
    ],
    "discharge_current": [
        95.47945567591428
    ],
    "z_normalized": [
        0.0,
        0.18999999999999997,
        0.38999999999999996,
        0.59,
        0.7899999999999999,
        0.99,
        1.19,
        1.3900000000000001,
        1.5899999999999999,
        1.7899999999999998,
        1.99
    ],
    "ion_velocity": [
        [
            -2511.8987476923444,
            1716.9445204555846,
            2489.7423120838966,
            3911.2937591732975,
            5947.208336299706,
            8333.606590099198,
            12050.867350195273,
            15064.640910856695,
            17626.647412156664,
            19777.492484745966,
            21988.628727879965
        ]
    ]
}