{
    "thrust": [
        0.15196971586294733
    ],
    "time": [
        0.001
    ],
    "discharge_current": [
        90.43548295239859
    ],
    "z_normalized": [
        0.0,
        0.18999999999999997,
        0.38999999999999996,
        0.59,
        0.7899999999999999,
        0.99,
        1.19,
        1.3900000000000001,
        1.5899999999999999,
        1.7899999999999998,
        1.99
    ],
    "ion_velocity": [
        [
            -2451.73468254871,
            1665.909308695513,
            2442.491997666655,
            3869.3625319635808,
            5933.797696407519,
            8321.827979035186,
            12006.763287401265,
            15022.036113166956,
            17590.065232847304,
            19746.206049890105,
            21955.401109331848
        ]
    ]
}