{
    "z_normalized": [
        0.0,
        0.18999999999999997,
        0.38999999999999996,
        0.59,
        0.7899999999999999,
        0.99,
        1.19,
        1.3900000000000001,
        1.5899999999999999,
        1.7899999999999998,
        1.99
    ],
    "posterior_prediction": [
        -2512.19737798072,
        1717.168900859076,
        2489.8696638562146,
        3911.246754240174,
        5946.850842271628,
        8333.071807198668,
        12050.579647586488,
        15064.488869334384,
        17626.59687773163,
        19777.52871117378,
        21988.787771351064
    ]
}