{
    "thrust": 0.07836404893061098,
    "discharge_current": 56.95002502784455,
    "ion_velocity": [
        -2668.807601224847,
        2220.0051530673413,
        4347.957508163356,
        7861.889534143253,
        12020.971948717566,
        15799.100511025006,
        18620.718815561195,
        20392.56289084429,
        21362.56886763601,
        21841.896551313923,
        22092.91183763071
    ],
    "z_normalized": [
        0.0,
        0.0076,
        0.0156,
        0.0236,
        0.0316,
        0.039599999999999996,
        0.0476,
        0.0556,
        0.0636,
        0.0716,
        0.0796
    ]
}