{
    "thrust": 0.07827531295919647,
    "discharge_current": 57.14984907211904,
    "ion_velocity": [
        -2674.6596878334663,
        2227.918634454402,
        4364.830058071469,
        7896.091010269127,
        12052.141211082075,
        15819.263642824413,
        18632.92326513372,
        20400.0858936533,
        21367.740149593017,
        21846.03086054956,
        22096.610225863406
    ],
    "z_normalized": [
        0.0,
        0.0076,
        0.0156,
        0.0236,
        0.0316,
        0.039599999999999996,
        0.0476,
        0.0556,
        0.0636,
        0.0716,
        0.0796
    ]
}