{
    "thrust": 0.078169651756084,
    "discharge_current": 57.380842369438085,
    "ion_velocity": [
        -2681.519646640709,
        2238.0718998429656,
        4389.11914390663,
        7946.649415396548,
        12097.213183507427,
        15848.153562000181,
        18650.054815322284,
        20410.23564046843,
        21374.377155534752,
        21851.099787489176,
        22100.978520787376
    ],
    "z_normalized": [
        0.0,
        0.0076,
        0.0156,
        0.0236,
        0.0316,
        0.039599999999999996,
        0.0476,
        0.0556,
        0.0636,
        0.0716,
        0.0796
    ]
}