{
    "thrust": 0.07814605278901211,
    "discharge_current": 57.42041419658757,
    "ion_velocity": [
        -2682.933452666217,
        2240.8306030984454,
        4397.706490663782,
        7965.639430681999,
        12113.436534308466,
        15858.404250028914,
        18655.920321172347,
        20413.448628687776,
        21376.24921048476,
        21852.357699452506,
        22101.93436806529
    ],
    "z_normalized": [
        0.0,
        0.0076,
        0.0156,
        0.0236,
        0.0316,
        0.039599999999999996,
        0.0476,
        0.0556,
        0.0636,
        0.0716,
        0.0796
    ]
}