{
    "thrust": 0.0827861969479624,
    "discharge_current": 41.280673426767315,
    "ion_velocity": [
        -2348.8723118413272,
        1959.4386844137355,
        4429.763922570778,
        8502.920848801305,
        12555.874427563183,
        16077.308207178336,
        18702.673586166482,
        20342.761171747406,
        21250.154314446827,
        21697.88124855341,
        21921.69707262713
    ],
    "z_normalized": [
        0.0,
        0.0076,
        0.0156,
        0.0236,
        0.0316,
        0.039599999999999996,
        0.0476,
        0.0556,
        0.0636,
        0.0716,
        0.0796
    ]
}