{
    "thrust": 0.08996136992238381,
    "discharge_current": 22.569357937966256,
    "ion_velocity": [
        -1822.6762987855993,
        1230.4795596514743,
        4289.104766869842,
        9392.973557657886,
        13316.69791236592,
        16462.59330060721,
        18754.68114918553,
        20209.350230930388,
        21039.844893335783,
        21445.56788248777,
        21629.701860045658
    ],
    "z_normalized": [
        0.0,
        0.0076,
        0.0156,
        0.0236,
        0.0316,
        0.039599999999999996,
        0.0476,
        0.0556,
        0.0636,
        0.0716,
        0.0796
    ]
}