{
    "thrust": 0.07940311894969627,
    "discharge_current": 52.6055832592788,
    "ion_velocity": [
        -2590.481950676587,
        2159.500070373707,
        4385.082221639378,
        8040.593251880359,
        12179.853388107918,
        15880.995738861264,
        18647.73287643559,
        20384.811667975373,
        21337.922843928245,
        21809.55616216304,
        22053.597210628013
    ],
    "z_normalized": [
        0.0,
        0.0076,
        0.0156,
        0.0236,
        0.0316,
        0.039599999999999996,
        0.0476,
        0.0556,
        0.0636,
        0.0716,
        0.0796
    ]
}