{
    "thrust": 0.08926858326402907,
    "discharge_current": 23.882879611559844,
    "ion_velocity": [
        -1869.907091200858,
        1333.965417351652,
        4393.251577469389,
        9475.352507669691,
        13371.151086718704,
        16504.072201528397,
        18794.487786498954,
        20242.0906574605,
        21067.378748958574,
        21471.101333216888,
        21656.261452970804
    ],
    "z_normalized": [
        0.0,
        0.0076,
        0.0156,
        0.0236,
        0.0316,
        0.039599999999999996,
        0.0476,
        0.0556,
        0.0636,
        0.0716,
        0.0796
    ]
}