{
    "thrust": 0.09013945939558336,
    "discharge_current": 22.064940463991757,
    "ion_velocity": [
        -1808.909834357959,
        1213.816078387147,
        4366.288822036305,
        9620.353767140297,
        13501.798794324386,
        16572.462107045714,
        18804.330342929137,
        20230.580288095818,
        21044.969429962508,
        21442.72023265961,
        21622.60858454968
    ],
    "z_normalized": [
        0.0,
        0.0076,
        0.0156,
        0.0236,
        0.0316,
        0.039599999999999996,
        0.0476,
        0.0556,
        0.0636,
        0.0716,
        0.0796
    ]
}