{
    "thrust": 0.0905058118913334,
    "discharge_current": 21.340363677336864,
    "ion_velocity": [
        -1784.4794143752033,
        1163.9846579816567,
        4376.452019261097,
        9734.295862013456,
        13598.809712387012,
        16626.51801553966,
        18821.27965344192,
        20232.692717464302,
        21038.812835616565,
        21432.258895268205,
        21609.13034233048
    ],
    "z_normalized": [
        0.0,
        0.0076,
        0.0156,
        0.0236,
        0.0316,
        0.039599999999999996,
        0.0476,
        0.0556,
        0.0636,
        0.0716,
        0.0796
    ]
}