{
    "thrust": 0.0841533753472788,
    "discharge_current": 37.76422990259969,
    "ion_velocity": [
        -2261.504939493161,
        1861.0421496201384,
        4368.993172130708,
        8509.386666715069,
        12555.082289541358,
        16062.702008444692,
        18674.061349396507,
        20302.429595841168,
        21206.659457804075,
        21652.153819781004,
        21871.91519823464
    ],
    "z_normalized": [
        0.0,
        0.0076,
        0.0156,
        0.0236,
        0.0316,
        0.039599999999999996,
        0.0476,
        0.0556,
        0.0636,
        0.0716,
        0.0796
    ]
}