{
    "thrust": 0.08977663067892694,
    "discharge_current": 22.928432137281238,
    "ion_velocity": [
        -1835.330587272906,
        1255.5657251005202,
        4293.162110580477,
        9360.39340728662,
        13287.91591833422,
        16447.298076610827,
        18751.89945196413,
        20211.52057214836,
        21044.48600457631,
        21451.54834039567,
        21636.826212811055
    ],
    "z_normalized": [
        0.0,
        0.0076,
        0.0156,
        0.0236,
        0.0316,
        0.039599999999999996,
        0.0476,
        0.0556,
        0.0636,
        0.0716,
        0.0796
    ]
}