{
    "thrust": 0.09010102309174,
    "discharge_current": 22.237406288618896,
    "ion_velocity": [
        -1812.5743449044783,
        1214.043775400362,
        4315.703042759094,
        9489.907971370083,
        13396.704160660043,
        16509.430623410502,
        18774.256856037322,
        20216.39796742601,
        21039.946282129444,
        21442.18182853322,
        21624.277681076088
    ],
    "z_normalized": [
        0.0,
        0.0076,
        0.0156,
        0.0236,
        0.0316,
        0.039599999999999996,
        0.0476,
        0.0556,
        0.0636,
        0.0716,
        0.0796
    ]
}