{
    "thrust": 1.5468995100665305e-09,
    "discharge_current": 6.42273877314333e-08,
    "ion_velocity": [
        -1229.564918488043,
        -120.10721437645785,
        367.55623221355296,
        1079.4557266649656,
        8125.671205783141,
        13028.219047311728,
        16212.67892269489,
        17755.533385282823,
        18229.567182518324,
        18148.403819759456,
        17833.04695085043
    ],
    "z_normalized": [
        0.0,
        0.0076,
        0.0156,
        0.0236,
        0.0316,
        0.039599999999999996,
        0.0476,
        0.0556,
        0.0636,
        0.0716,
        0.0796
    ]
}