{
    "thrust": 0.10212637281898618,
    "discharge_current": 9.76401889284688,
    "ion_velocity": [
        -1236.3497560866035,
        -223.64843931499712,
        180.15899206888724,
        771.4938142285026,
        6596.134323906179,
        12564.979298192644,
        16649.79319023245,
        19112.2409656478,
        20397.96854178281,
        20973.958022449733,
        21216.211165544304
    ],
    "z_normalized": [
        0.0,
        0.0076,
        0.0156,
        0.0236,
        0.0316,
        0.039599999999999996,
        0.0476,
        0.0556,
        0.0636,
        0.0716,
        0.0796
    ]
}