{
    "thrust": 0.0803441306602395,
    "discharge_current": 5.135888094570675,
    "ion_velocity": [
        -1233.7194474251628,
        -344.6749717451612,
        87.45517539419441,
        867.1334199600325,
        5401.093554408153,
        10206.06049938006,
        13600.552481600691,
        16078.42197045596,
        16900.46689430696,
        17337.64913244461,
        17581.393478678998
    ],
    "z_normalized": [
        0.0,
        0.0076,
        0.0156,
        0.0236,
        0.0316,
        0.039599999999999996,
        0.0476,
        0.0556,
        0.0636,
        0.0716,
        0.0796
    ]
}