{
    "thrust": 0.10592569297466749,
    "discharge_current": 13.362829078491952,
    "ion_velocity": [
        -1252.945501001422,
        -199.4207648392822,
        1994.0499658316269,
        5548.590373257133,
        10514.572072104633,
        14792.183395983193,
        17769.800962326506,
        19628.218391416445,
        20623.159015296464,
        21081.321612253825,
        21281.90903629242
    ],
    "z_normalized": [
        0.0,
        0.0076,
        0.0156,
        0.0236,
        0.0316,
        0.039599999999999996,
        0.0476,
        0.0556,
        0.0636,
        0.0716,
        0.0796
    ]
}