{
    "thrust": 0.00026317175481673714,
    "discharge_current": 0.08983983488672806,
    "ion_velocity": [
        -323.6449829933075,
        1404.0506363606532,
        2932.461353765156,
        3506.388272476869,
        11241.911742477878,
        625.3896709429592,
        293.3648345468157,
        286.06941217897867,
        254.21614666161184,
        301.7721062989713,
        368.3337205652716
    ],
    "z_normalized": [
        0.0,
        0.0076,
        0.0156,
        0.0236,
        0.0316,
        0.039599999999999996,
        0.0476,
        0.0556,
        0.0636,
        0.0716,
        0.0796
    ]
}