{
    "thrust": 0.1055197021049374,
    "discharge_current": 9.696343148828824,
    "ion_velocity": [
        -1234.7899452817758,
        -212.16342894549177,
        958.1904102176484,
        3691.3637285442674,
        9116.731525492949,
        13987.218619022471,
        17385.20019311037,
        19457.322136170907,
        20538.779334994237,
        21022.884274512355,
        21223.99746664528
    ],
    "z_normalized": [
        0.0,
        0.0076,
        0.0156,
        0.0236,
        0.0316,
        0.039599999999999996,
        0.0476,
        0.0556,
        0.0636,
        0.0716,
        0.0796
    ]
}