{
    "thrust": 0.09936747007443684,
    "discharge_current": 47.56654926432647,
    "ion_velocity": [
        -2224.4528980746227,
        1532.2517803601086,
        3149.585687945436,
        5871.509268837048,
        10503.3763424411,
        14837.042540701728,
        18018.16432868408,
        19971.740493297337,
        21039.206410612955,
        21557.723479397042,
        21816.675426656715
    ],
    "z_normalized": [
        0.0,
        0.0076,
        0.0156,
        0.0236,
        0.0316,
        0.039599999999999996,
        0.0476,
        0.0556,
        0.0636,
        0.0716,
        0.0796
    ]
}