{
    "thrust": 0.00019809667537138724,
    "discharge_current": 0.054161492868819376,
    "ion_velocity": [
        -1322.5041027385457,
        -164.437049158455,
        241.04955252814355,
        1199.7071445054332,
        14552.444180530778,
        4714.681982314662,
        1137.758609137891,
        235.85547779590098,
        163.91673537010527,
        198.82284346584808,
        232.20158919636006
    ],
    "z_normalized": [
        0.0,
        0.0076,
        0.0156,
        0.0236,
        0.0316,
        0.039599999999999996,
        0.0476,
        0.0556,
        0.0636,
        0.0716,
        0.0796
    ]
}