{
    "thrust": 0.11002638081238823,
    "discharge_current": 10.980268552316689,
    "ion_velocity": [
        -1235.3148901200302,
        -246.12145438234091,
        1327.0335616396837,
        4615.947429315058,
        9804.817578428114,
        14376.079475290951,
        17573.437123682088,
        19538.172437786896,
        20571.425743907217,
        21038.109137191896,
        21234.93666328452
    ],
    "z_normalized": [
        0.0,
        0.0076,
        0.0156,
        0.0236,
        0.0316,
        0.039599999999999996,
        0.0476,
        0.0556,
        0.0636,
        0.0716,
        0.0796
    ]
}