{
    "thrust": 0.08702884538485815,
    "discharge_current": 6.82024817783612,
    "ion_velocity": [
        -633.0005440362888,
        775.0598590022371,
        1835.3834491581815,
        3042.8483117124747,
        7010.769781592959,
        11338.96953265404,
        14639.794360861963,
        16502.3526106411,
        17644.813896477932,
        18516.753560354977,
        18954.259703478776
    ],
    "z_normalized": [
        0.0,
        0.0076,
        0.0156,
        0.0236,
        0.0316,
        0.039599999999999996,
        0.0476,
        0.0556,
        0.0636,
        0.0716,
        0.0796
    ]
}