{
    "thrust": 0.10597347432719036,
    "discharge_current": 8.251908490712967,
    "ion_velocity": [
        -895.8319089356263,
        658.1001481485295,
        1937.4202910709232,
        2960.428851579024,
        7753.390476987389,
        12222.087022651807,
        15699.645678105646,
        18150.535751937914,
        19131.311863444414,
        19866.005230157247,
        19881.697544682902
    ],
    "z_normalized": [
        0.0,
        0.0076,
        0.0156,
        0.0236,
        0.0316,
        0.039599999999999996,
        0.0476,
        0.0556,
        0.0636,
        0.0716,
        0.0796
    ]
}