{
    "thrust": 0.2076951691334123,
    "discharge_current": 10.495061702536956,
    "ion_velocity": [
        -912.0627273400618,
        592.9325501092692,
        2113.037175496509,
        4145.176262392811,
        8103.162007640908,
        12655.933105917424,
        16085.086747588733,
        18168.29705585421,
        19176.58587798008,
        19610.86588706863,
        19834.007098024947
    ],
    "z_normalized": [
        0.0,
        0.0076,
        0.0156,
        0.0236,
        0.0316,
        0.039599999999999996,
        0.0476,
        0.0556,
        0.0636,
        0.0716,
        0.0796
    ]
}