{
    "thrust": 0.10565408333413921,
    "discharge_current": 25.5498726408862,
    "ion_velocity": [
        -1725.459212616392,
        660.2756110193606,
        1665.6988675381426,
        2960.0581748065515,
        8791.884897819531,
        13930.472678529508,
        17426.264374968116,
        19552.0839542401,
        20736.73480065573,
        21300.362192022832,
        21565.78826563033
    ],
    "z_normalized": [
        0.0,
        0.0076,
        0.0156,
        0.0236,
        0.0316,
        0.039599999999999996,
        0.0476,
        0.0556,
        0.0636,
        0.0716,
        0.0796
    ]
}