{
    "thrust": 0.1157281285759581,
    "discharge_current": 3.6144610745723833,
    "ion_velocity": [
        -603.2742093847178,
        629.6422470080728,
        2132.661841166574,
        3805.7867624311966,
        6506.510549335664,
        9169.642598213071,
        11676.762220673805,
        13210.577918026322,
        13973.40029988906,
        14603.783430918316,
        14552.788529869005
    ],
    "z_normalized": [
        0.0,
        0.0076,
        0.0156,
        0.0236,
        0.0316,
        0.039599999999999996,
        0.0476,
        0.0556,
        0.0636,
        0.0716,
        0.0796
    ]
}