{
    "thrust": 0.10587584664651432,
    "discharge_current": 13.321095853572139,
    "ion_velocity": [
        -1252.915450208544,
        -193.94736593283616,
        2038.0394483112414,
        5657.651936379275,
        10598.691361300094,
        14838.8489416534,
        17794.337200415863,
        19639.677101503035,
        20627.45326197213,
        21082.288462792556,
        21281.297243162666
    ],
    "z_normalized": [
        0.0,
        0.0076,
        0.0156,
        0.0236,
        0.0316,
        0.039599999999999996,
        0.0476,
        0.0556,
        0.0636,
        0.0716,
        0.0796
    ]
}