{
    "thrust": 1.5967497920156762e-08,
    "discharge_current": 1.0104251145816434e-05,
    "ion_velocity": [
        -1245.0305715216919,
        334.2180498386939,
        781.7116426642946,
        1435.3738067741479,
        11595.516932345228,
        14036.597111287552,
        3874.6409743974696,
        2369.334557027526,
        1870.5151715664256,
        1723.3469182096667,
        1652.3008046978775
    ],
    "z_normalized": [
        0.0,
        0.0076,
        0.0156,
        0.0236,
        0.0316,
        0.039599999999999996,
        0.0476,
        0.0556,
        0.0636,
        0.0716,
        0.0796
    ]
}