{
    "v1": 0.026306976173066352,
    "v2": 0.033011214383287864
}