{
    "thrust": [
        0.18952012154882905
    ],
    "time": [
        0.001
    ],
    "discharge_current": [
        10.670227374586254
    ],
    "z_normalized": [
        0.0,
        0.18999999999999997,
        0.38999999999999996,
        0.59,
        0.7899999999999999,
        0.99,
        1.19,
        1.3900000000000001,
        1.5899999999999999,
        1.7899999999999998,
        1.99
    ],
    "ion_velocity": [
        [
            -1342.3324459030857,
            -59.76199554894142,
            253.88523299272322,
            434.64470565675765,
            2244.456446927841,
            9572.891105191398,
            13303.877521688439,
            15799.515940484349,
            17912.821097214248,
            19668.34775314965,
            21379.52957671838
        ]
    ]
}