{
    "thrust": [
        0.1881742054773671
    ],
    "time": [
        0.001
    ],
    "discharge_current": [
        10.938831105752143
    ],
    "z_normalized": [
        0.0,
        0.18999999999999997,
        0.38999999999999996,
        0.59,
        0.7899999999999999,
        0.99,
        1.19,
        1.3900000000000001,
        1.5899999999999999,
        1.7899999999999998,
        1.99
    ],
    "ion_velocity": [
        [
            -1346.7220130256542,
            -46.764651085752384,
            249.24335560587673,
            436.7103778373772,
            2901.3284716602743,
            10387.27509281978,
            13860.184513431335,
            16200.271503961985,
            18169.404638768756,
            19814.005796879665,
            21406.79575821152
        ]
    ]
}