{
    "thrust": [
        0.18695981957662713
    ],
    "time": [
        0.001
    ],
    "discharge_current": [
        10.731723267780799
    ],
    "z_normalized": [
        0.0,
        0.18999999999999997,
        0.38999999999999996,
        0.59,
        0.7899999999999999,
        0.99,
        1.19,
        1.3900000000000001,
        1.5899999999999999,
        1.7899999999999998,
        1.99
    ],
    "ion_velocity": [
        [
            -1344.7343511149218,
            -48.73493371345981,
            249.11387549790214,
            421.22648284568,
            2550.0259931843498,
            10480.478487286015,
            13919.02931175289,
            16220.72312538087,
            18185.46902263453,
            19845.75880882777,
            21455.912332379034
        ]
    ]
}