{
    "thrust": [
        0.18944145043837113
    ],
    "time": [
        0.001
    ],
    "discharge_current": [
        11.422849652525908
    ],
    "z_normalized": [
        0.0,
        0.18999999999999997,
        0.38999999999999996,
        0.59,
        0.7899999999999999,
        0.99,
        1.19,
        1.3900000000000001,
        1.5899999999999999,
        1.7899999999999998,
        1.99
    ],
    "ion_velocity": [
        [
            -1339.9960716637065,
            -64.12947144193879,
            255.08728570685625,
            490.2142733934758,
            3020.842245138318,
            9246.477311509901,
            12935.238662551788,
            15539.605526652202,
            17738.25891851378,
            19588.472796030055,
            21419.144570693814
        ]
    ]
}