{
    "thrust": [
        0.19192798447041462
    ],
    "time": [
        0.001
    ],
    "discharge_current": [
        10.771137792744378
    ],
    "z_normalized": [
        0.0,
        0.18999999999999997,
        0.38999999999999996,
        0.59,
        0.7899999999999999,
        0.99,
        1.19,
        1.3900000000000001,
        1.5899999999999999,
        1.7899999999999998,
        1.99
    ],
    "ion_velocity": [
        [
            -1338.590084982771,
            -67.77449313547801,
            251.3133674082884,
            424.57248629619534,
            1565.6450671855084,
            8609.332084950773,
            12640.110106803193,
            15362.166241437099,
            17658.721082512093,
            19568.110165470087,
            21419.119456958066
        ]
    ]
}