{
    "thrust": [
        0.18784000711759039
    ],
    "time": [
        0.001
    ],
    "discharge_current": [
        10.796047614402047
    ],
    "z_normalized": [
        0.0,
        0.18999999999999997,
        0.38999999999999996,
        0.59,
        0.7899999999999999,
        0.99,
        1.19,
        1.3900000000000001,
        1.5899999999999999,
        1.7899999999999998,
        1.99
    ],
    "ion_velocity": [
        [
            -1330.1682557831941,
            -47.107482460114625,
            245.6505358800584,
            425.65289011341764,
            2620.747985729003,
            10389.97846417316,
            13869.050254196809,
            16204.800744190648,
            18186.79879788354,
            19850.968181094056,
            21459.258048738982
        ]
    ]
}