{
    "thrust": [
        0.1882634139087962
    ],
    "time": [
        0.001
    ],
    "discharge_current": [
        13.401863073676516
    ],
    "z_normalized": [
        0.0,
        0.18999999999999997,
        0.38999999999999996,
        0.59,
        0.7899999999999999,
        0.99,
        1.19,
        1.3900000000000001,
        1.5899999999999999,
        1.7899999999999998,
        1.99
    ],
    "ion_velocity": [
        [
            -1334.9607883169083,
            -60.67048402129928,
            280.2547398210061,
            760.2176573667748,
            3947.4867673541935,
            8348.120754262425,
            12091.701516033583,
            14987.467079113245,
            17390.79149945901,
            19387.750922623465,
            21402.55950060858
        ]
    ]
}