{
    "thrust": [
        0.18948984888256482
    ],
    "time": [
        0.001
    ],
    "discharge_current": [
        10.711571450197495
    ],
    "z_normalized": [
        0.0,
        0.18999999999999997,
        0.38999999999999996,
        0.59,
        0.7899999999999999,
        0.99,
        1.19,
        1.3900000000000001,
        1.5899999999999999,
        1.7899999999999998,
        1.99
    ],
    "ion_velocity": [
        [
            -1346.8108417639698,
            -58.855531031848315,
            254.6946352630508,
            431.8619153689821,
            2267.733245591695,
            9680.641571406295,
            13375.013172670015,
            15851.075262029182,
            17952.026493524994,
            19700.291280734175,
            21396.50883823584
        ]
    ]
}