{
    "thrust": [
        0.16054307612671145
    ],
    "time": [
        0.001
    ],
    "discharge_current": [
        53.9109107997374
    ],
    "z_normalized": [
        0.0,
        0.18999999999999997,
        0.38999999999999996,
        0.59,
        0.7899999999999999,
        0.99,
        1.19,
        1.3900000000000001,
        1.5899999999999999,
        1.7899999999999998,
        1.99
    ],
    "ion_velocity": [
        [
            -2095.392546959211,
            1513.2555607131417,
            3578.133412127666,
            7136.030838962524,
            12293.032429879246,
            15487.483157589826,
            17243.91840064161,
            18616.947566981413,
            19783.19853957511,
            20779.286144721686,
            21823.831610509384
        ]
    ]
}