{
    "thrust": [
        0.19183194395890402
    ],
    "time": [
        0.001
    ],
    "discharge_current": [
        11.321131822584826
    ],
    "z_normalized": [
        0.0,
        0.18999999999999997,
        0.38999999999999996,
        0.59,
        0.7899999999999999,
        0.99,
        1.19,
        1.3900000000000001,
        1.5899999999999999,
        1.7899999999999998,
        1.99
    ],
    "ion_velocity": [
        [
            -1353.6505651278649,
            -68.04040390466182,
            253.18146267738751,
            471.01697727620723,
            2260.6378984699927,
            8328.791466755469,
            12303.94401754772,
            15128.774844645883,
            17497.423265683687,
            19467.940910857404,
            21408.421055032417
        ]
    ]
}