{
    "thrust": [
        0.19009226816153382
    ],
    "time": [
        0.001
    ],
    "discharge_current": [
        10.51901800388171
    ],
    "z_normalized": [
        0.0,
        0.18999999999999997,
        0.38999999999999996,
        0.59,
        0.7899999999999999,
        0.99,
        1.19,
        1.3900000000000001,
        1.5899999999999999,
        1.7899999999999998,
        1.99
    ],
    "ion_velocity": [
        [
            -1330.2497492351097,
            -60.172478927239,
            261.43809645752157,
            434.2088736518642,
            2053.03210562108,
            9199.811268382982,
            13042.268899126753,
            15604.894994563809,
            17794.619224356677,
            19623.74925193117,
            21406.448764288514
        ]
    ]
}