{
    "thrust": [
        0.19311061458743806
    ],
    "time": [
        0.001
    ],
    "discharge_current": [
        10.605150250805329
    ],
    "z_normalized": [
        0.0,
        0.18999999999999997,
        0.38999999999999996,
        0.59,
        0.7899999999999999,
        0.99,
        1.19,
        1.3900000000000001,
        1.5899999999999999,
        1.7899999999999998,
        1.99
    ],
    "ion_velocity": [
        [
            -1352.602861217862,
            -79.29696014875589,
            263.54818798635387,
            430.8179191222518,
            1545.9470201116283,
            8311.972433500885,
            12458.129451427347,
            15198.421179091933,
            17513.863066770093,
            19443.60819103503,
            21342.18402697328
        ]
    ]
}