{
    "thrust": [
        0.19256312026690378
    ],
    "time": [
        0.001
    ],
    "discharge_current": [
        12.159158770446314
    ],
    "z_normalized": [
        0.0,
        0.18999999999999997,
        0.38999999999999996,
        0.59,
        0.7899999999999999,
        0.99,
        1.19,
        1.3900000000000001,
        1.5899999999999999,
        1.7899999999999998,
        1.99
    ],
    "ion_velocity": [
        [
            -1373.8011646028704,
            -75.66698523523024,
            259.8191071767603,
            541.012675761736,
            2434.4609238446155,
            7100.1347547407795,
            11217.812315877318,
            14410.03236979376,
            17057.64320310083,
            19232.76888272194,
            21397.164383564686
        ]
    ]
}