{
    "thrust": [
        0.18572253596500565
    ],
    "time": [
        0.001
    ],
    "discharge_current": [
        29.43160132742904
    ],
    "z_normalized": [
        0.0,
        0.18999999999999997,
        0.38999999999999996,
        0.59,
        0.7899999999999999,
        0.99,
        1.19,
        1.3900000000000001,
        1.5899999999999999,
        1.7899999999999998,
        1.99
    ],
    "ion_velocity": [
        [
            -1387.8346802685965,
            -4.2784326969775,
            1208.3682598185749,
            2565.78863764779,
            4467.963457875564,
            7092.209627875501,
            10900.773009808296,
            14145.957084117605,
            16850.373574404464,
            19074.568771678943,
            21372.055436350518
        ]
    ]
}