{
    "thrust": [
        0.11278177374165385
    ],
    "time": [
        0.001
    ],
    "discharge_current": [
        12.227307219409367
    ],
    "z_normalized": [
        0.0,
        0.18999999999999997,
        0.38999999999999996,
        0.59,
        0.7899999999999999,
        0.99,
        1.19,
        1.3900000000000001,
        1.5899999999999999,
        1.7899999999999998,
        1.99
    ],
    "ion_velocity": [
        [
            -668.6627071029462,
            322.1063978832739,
            980.0160541581638,
            1801.1224255622947,
            2969.4589144942292,
            4504.489532909622,
            6378.670305850821,
            8162.180642079109,
            9803.166853482957,
            11047.254504158167,
            12314.483501387234
        ]
    ]
}