{
    "thrust": [
        0.20567511745317635
    ],
    "time": [
        0.001
    ],
    "discharge_current": [
        15.069724383408257
    ],
    "z_normalized": [
        0.0,
        0.18999999999999997,
        0.38999999999999996,
        0.59,
        0.7899999999999999,
        0.99,
        1.19,
        1.3900000000000001,
        1.5899999999999999,
        1.7899999999999998,
        1.99
    ],
    "ion_velocity": [
        [
            -1441.5623980955897,
            3.355181402792025,
            454.9362937237106,
            1923.6878379890009,
            4423.251788173236,
            7498.901375413603,
            11161.46347860354,
            14351.697173708784,
            16973.879739124353,
            19126.165710753492,
            21323.251267187043
        ]
    ]
}