{
    "thrust": [
        0.040504541351583025
    ],
    "time": [
        0.001
    ],
    "discharge_current": [
        12.622892420260257
    ],
    "z_normalized": [
        0.0,
        0.18999999999999997,
        0.38999999999999996,
        0.59,
        0.7899999999999999,
        0.99,
        1.19,
        1.3900000000000001,
        1.5899999999999999,
        1.7899999999999998,
        1.99
    ],
    "ion_velocity": [
        [
            -750.0219184459585,
            312.204016152789,
            964.2616659241193,
            1598.4625538948496,
            2655.3487730365837,
            4268.243845315934,
            6587.7377756983515,
            8855.904192139218,
            10846.956500312785,
            12491.736670279844,
            14226.866057636074
        ]
    ]
}