{
    "iteration": 44,
    "c1_log": -2.203618373870862,
    "alpha_log": 0.39004125595092515,
    "c1": 0.11040295558758037,
    "alpha": 1.47704172938676,
    "neg_log_posterior_penalty": 1.2655121863874887
}