{
    "thrust": 0.08113931766608093,
    "discharge_current": 44.077016465845674,
    "ion_velocity": [
        -2452.7717559756966,
        2263.0086811634956,
        5423.644933027704,
        10741.178134717242,
        14175.996107422241,
        17112.324062808788,
        19289.131943993918,
        20656.140405618204,
        21419.430954790627,
        21796.779482071906,
        21987.81366675944
    ],
    "z_normalized": [
        0.0,
        0.0076,
        0.0156,
        0.0236,
        0.0316,
        0.039599999999999996,
        0.0476,
        0.0556,
        0.0636,
        0.0716,
        0.0796
    ]
}