{
    "thrust": 0.0660720542088775,
    "discharge_current": 4.463044481214915,
    "ion_velocity": [
        -1255.6251387269217,
        1033.4944971968512,
        4410.01207174512,
        10219.730387154483,
        13030.414515480037,
        14883.244589471735,
        16592.196247056967,
        17808.74396659352,
        18540.095474787096,
        18830.0360585939,
        18902.64220249062
    ],
    "z_normalized": [
        0.0,
        0.0076,
        0.0156,
        0.0236,
        0.0316,
        0.039599999999999996,
        0.0476,
        0.0556,
        0.0636,
        0.0716,
        0.0796
    ]
}