{
    "thrust": 0.08423361505392903,
    "discharge_current": 38.829476439391236,
    "ion_velocity": [
        -2276.8361512161246,
        1589.5320849100037,
        2956.0493452591436,
        5298.285706556777,
        9953.492942764145,
        14501.966438604404,
        17859.91126869465,
        19936.0374989358,
        21060.167791928892,
        21606.656048400146,
        21881.0215420296
    ],
    "z_normalized": [
        0.0,
        0.0076,
        0.0156,
        0.0236,
        0.0316,
        0.039599999999999996,
        0.0476,
        0.0556,
        0.0636,
        0.0716,
        0.0796
    ]
}