{
    "thrust": 0.08435391017568211,
    "discharge_current": 38.55668256844118,
    "ion_velocity": [
        -2269.444120827036,
        1580.225909149523,
        2948.2206983328306,
        5292.3335996369005,
        9946.890470776912,
        14497.213355365273,
        17855.807779838513,
        19931.77640647984,
        21056.157005660796,
        21602.665492157546,
        21876.842088289155
    ],
    "z_normalized": [
        0.0,
        0.0076,
        0.0156,
        0.0236,
        0.0316,
        0.039599999999999996,
        0.0476,
        0.0556,
        0.0636,
        0.0716,
        0.0796
    ]
}