{
    "thrust": 0.086410103153335,
    "discharge_current": 24.671275469629435,
    "ion_velocity": [
        -2017.792606984563,
        2004.7011086934044,
        6848.877314878115,
        14843.036200517574,
        17427.837745723715,
        19016.919182422695,
        20201.393999505868,
        20991.62212919895,
        21438.317704544177,
        21659.133026814245,
        21761.24603983547
    ],
    "z_normalized": [
        0.0,
        0.0076,
        0.0156,
        0.0236,
        0.0316,
        0.039599999999999996,
        0.0476,
        0.0556,
        0.0636,
        0.0716,
        0.0796
    ]
}