{
    "thrust": 0.06989754194253807,
    "discharge_current": 5.722247917205035,
    "ion_velocity": [
        -1270.1330608262117,
        881.543337880913,
        3500.9606878114,
        7037.736542259868,
        10383.403388022742,
        13883.03175341576,
        16396.954052071967,
        18122.08924845346,
        19059.815792755027,
        19498.284382048234,
        19610.036296126866
    ],
    "z_normalized": [
        0.0,
        0.0076,
        0.0156,
        0.0236,
        0.0316,
        0.039599999999999996,
        0.0476,
        0.0556,
        0.0636,
        0.0716,
        0.0796
    ]
}