{
    "thrust": 0.08678521682262313,
    "discharge_current": 24.201093902100066,
    "ion_velocity": [
        -1993.1901486687443,
        1931.5325633487166,
        6702.044960731941,
        14469.70532982658,
        17178.145797253484,
        18855.974357090174,
        20101.567670732737,
        20934.805058208804,
        21406.017517145483,
        21638.667783386387,
        21746.012891705162
    ],
    "z_normalized": [
        0.0,
        0.0076,
        0.0156,
        0.0236,
        0.0316,
        0.039599999999999996,
        0.0476,
        0.0556,
        0.0636,
        0.0716,
        0.0796
    ]
}