{
    "thrust": 0.08729976161126368,
    "discharge_current": 30.776842099572196,
    "ion_velocity": [
        -2065.6125652682285,
        1272.7195507312156,
        2467.7773625143545,
        4357.524433974277,
        9443.338950614154,
        14184.604794735618,
        17651.72425271761,
        19775.606019424446,
        20932.142627150075,
        21490.681932413412,
        21764.451040070853
    ],
    "z_normalized": [
        0.0,
        0.0076,
        0.0156,
        0.0236,
        0.0316,
        0.039599999999999996,
        0.0476,
        0.0556,
        0.0636,
        0.0716,
        0.0796
    ]
}