{
    "thrust": 0.08251977543805114,
    "discharge_current": 44.42938920108322,
    "ion_velocity": [
        -2384.7170117340224,
        1797.652359024595,
        3459.88382756335,
        6304.996446638886,
        10636.580688283966,
        14917.253568642309,
        18094.61865691211,
        20070.099084150243,
        21142.82234859611,
        21666.8618700811,
        21933.710817971238
    ],
    "z_normalized": [
        0.0,
        0.0076,
        0.0156,
        0.0236,
        0.0316,
        0.039599999999999996,
        0.0476,
        0.0556,
        0.0636,
        0.0716,
        0.0796
    ]
}