{
    "thrust": 0.06977798612121967,
    "discharge_current": 5.091305425156791,
    "ion_velocity": [
        -1262.9533314712385,
        955.318105394474,
        3772.534010500899,
        7831.116429891871,
        11001.712966012181,
        13890.104412053603,
        15980.069493035595,
        17498.73190297672,
        18383.819938948716,
        18788.3881074896,
        18826.156821125292
    ],
    "z_normalized": [
        0.0,
        0.0076,
        0.0156,
        0.0236,
        0.0316,
        0.039599999999999996,
        0.0476,
        0.0556,
        0.0636,
        0.0716,
        0.0796
    ]
}