{
    "thrust": 0.08212365067472624,
    "discharge_current": 45.62089786492065,
    "ion_velocity": [
        -2409.013200029289,
        1897.6012925902382,
        3834.9111138184967,
        7110.207089882336,
        11252.83163425473,
        15293.145344151364,
        18297.962379769506,
        20169.66286207801,
        21190.605558036666,
        21690.55695343825,
        21945.746629123583
    ],
    "z_normalized": [
        0.0,
        0.0076,
        0.0156,
        0.0236,
        0.0316,
        0.039599999999999996,
        0.0476,
        0.0556,
        0.0636,
        0.0716,
        0.0796
    ]
}