{
    "thrust": 0.08158169841650778,
    "discharge_current": 47.389029464064016,
    "ion_velocity": [
        -2450.9423789223547,
        1891.8543028163658,
        3631.708069587329,
        6578.421882993318,
        10874.601399815178,
        15068.957033494484,
        18187.39252027558,
        20130.921354393122,
        21187.38739037737,
        21704.66013587743,
        21969.96428447777
    ],
    "z_normalized": [
        0.0,
        0.0076,
        0.0156,
        0.0236,
        0.0316,
        0.039599999999999996,
        0.0476,
        0.0556,
        0.0636,
        0.0716,
        0.0796
    ]
}