{
    "thrust": 0.08943647615359672,
    "discharge_current": 26.178081541724104,
    "ion_velocity": [
        -1930.2075883401983,
        1392.9014458486472,
        3779.0710748998968,
        7776.561766433895,
        12074.46833019602,
        15742.542485587237,
        18419.02281444048,
        20082.83020293941,
        21012.62684090065,
        21461.204692244744,
        21676.508768024607
    ],
    "z_normalized": [
        0.0,
        0.0076,
        0.0156,
        0.0236,
        0.0316,
        0.039599999999999996,
        0.0476,
        0.0556,
        0.0636,
        0.0716,
        0.0796
    ]
}