{
    "thrust": 0.0856493213514533,
    "discharge_current": 35.00241418249435,
    "ion_velocity": [
        -2186.6293237754035,
        1435.8135633432523,
        2669.3877453310192,
        4726.5045974284085,
        9606.303001615339,
        14289.575602764087,
        17732.164913925168,
        19851.471096577203,
        21000.279473180806,
        21557.0050672309,
        21833.55050457814
    ],
    "z_normalized": [
        0.0,
        0.0076,
        0.0156,
        0.0236,
        0.0316,
        0.039599999999999996,
        0.0476,
        0.0556,
        0.0636,
        0.0716,
        0.0796
    ]
}