{
    "thrust": 0.10111868918347117,
    "discharge_current": 9.738051433058313,
    "ion_velocity": [
        -1235.6613959284564,
        -255.1821800023431,
        1583.9549627042106,
        5453.751860779007,
        10427.63614053068,
        14704.247871943286,
        17728.456764340524,
        19603.664222760144,
        20594.792242433403,
        21044.528158964593,
        21235.392443492903
    ],
    "z_normalized": [
        0.0,
        0.0076,
        0.0156,
        0.0236,
        0.0316,
        0.039599999999999996,
        0.0476,
        0.0556,
        0.0636,
        0.0716,
        0.0796
    ]
}