{
    "thrust": 0.08498068068944363,
    "discharge_current": 36.92222310925363,
    "ion_velocity": [
        -2233.506855685915,
        1520.6948853829858,
        2841.134635980861,
        5086.552830044967,
        9822.64027837384,
        14421.475814461846,
        17809.851691559383,
        19900.51152024307,
        21033.595978214966,
        21583.621981655153,
        21858.339514349645
    ],
    "z_normalized": [
        0.0,
        0.0076,
        0.0156,
        0.0236,
        0.0316,
        0.039599999999999996,
        0.0476,
        0.0556,
        0.0636,
        0.0716,
        0.0796
    ]
}