{
    "thrust": 0.10353484305075594,
    "discharge_current": 6.741358102398422,
    "ion_velocity": [
        -1234.412080824229,
        -218.67691464509718,
        1610.092103156027,
        12216.34684948114,
        15641.63130582728,
        17717.88385559727,
        19271.15888550277,
        20272.95384722841,
        20816.658358913082,
        21054.820985710507,
        21119.419471698267
    ],
    "z_normalized": [
        0.0,
        0.0076,
        0.0156,
        0.0236,
        0.0316,
        0.039599999999999996,
        0.0476,
        0.0556,
        0.0636,
        0.0716,
        0.0796
    ]
}