{
    "thrust": 0.08142408906291826,
    "discharge_current": 40.38412695977278,
    "ion_velocity": [
        -2418.203197711941,
        2337.1040033447325,
        5925.08076124969,
        12045.28217135961,
        15351.860240123018,
        17842.032684932277,
        19675.268635476423,
        20838.12992469138,
        21494.096888759606,
        21819.984945323264,
        21982.570994850663
    ],
    "z_normalized": [
        0.0,
        0.0076,
        0.0156,
        0.0236,
        0.0316,
        0.039599999999999996,
        0.0476,
        0.0556,
        0.0636,
        0.0716,
        0.0796
    ]
}