{
    "thrust": 0.08060086015714316,
    "discharge_current": 50.34157157783561,
    "ion_velocity": [
        -2514.986496671935,
        2027.2203196936387,
        4023.07488370766,
        7347.075606016919,
        11502.380617607443,
        15459.23857188801,
        18407.46258382598,
        20250.206578848894,
        21255.673369568365,
        21749.734556912998,
        22004.72235122129
    ],
    "z_normalized": [
        0.0,
        0.0076,
        0.0156,
        0.0236,
        0.0316,
        0.039599999999999996,
        0.0476,
        0.0556,
        0.0636,
        0.0716,
        0.0796
    ]
}