{
    "thrust": 0.08851676269689282,
    "discharge_current": 27.88991372789531,
    "ion_velocity": [
        -1973.8159987753936,
        1124.9526995616716,
        2244.4259164833634,
        3920.2717515265363,
        9196.17855706801,
        14037.444397622337,
        17555.04787034167,
        19701.499045971967,
        20874.65375285986,
        21439.51042456886,
        21713.668065631653
    ],
    "z_normalized": [
        0.0,
        0.0076,
        0.0156,
        0.0236,
        0.0316,
        0.039599999999999996,
        0.0476,
        0.0556,
        0.0636,
        0.0716,
        0.0796
    ]
}