{
    "thrust": 0.07866275581073373,
    "discharge_current": 55.26322461281339,
    "ion_velocity": [
        -2642.562311909377,
        2231.6706805126364,
        4516.046510654906,
        8300.991105113915,
        12356.32241755016,
        16003.85170139404,
        18727.19401385687,
        20436.929991189452,
        21375.13311593748,
        21838.969772799268,
        22080.949477579095
    ],
    "z_normalized": [
        0.0,
        0.0076,
        0.0156,
        0.0236,
        0.0316,
        0.039599999999999996,
        0.0476,
        0.0556,
        0.0636,
        0.0716,
        0.0796
    ]
}