{
    "thrust": 0.06118453409374878,
    "discharge_current": 3.9495650008156917,
    "ion_velocity": [
        -1238.6544525203108,
        1154.8938573671605,
        4811.1160523051885,
        9986.031055734866,
        12306.087721190566,
        13664.640459339498,
        13123.547033452356,
        13694.675779719159,
        14403.110882690351,
        14755.772817444746,
        14804.043820450495
    ],
    "z_normalized": [
        0.0,
        0.0076,
        0.0156,
        0.0236,
        0.0316,
        0.039599999999999996,
        0.0476,
        0.0556,
        0.0636,
        0.0716,
        0.0796
    ]
}