{
    "thrust": 0.09487188897224434,
    "discharge_current": 12.518248068270202,
    "ion_velocity": [
        -1380.4982268161775,
        -8.535545865762549,
        5235.838336100805,
        14350.793898129641,
        16954.452820438717,
        18542.25428727916,
        19776.498101014186,
        20595.033885714787,
        21053.267066940018,
        21274.0142719584,
        21363.455558211823
    ],
    "z_normalized": [
        0.0,
        0.0076,
        0.0156,
        0.0236,
        0.0316,
        0.039599999999999996,
        0.0476,
        0.0556,
        0.0636,
        0.0716,
        0.0796
    ]
}