{
    "thrust": 0.08826696405207526,
    "discharge_current": 28.534776923831135,
    "ion_velocity": [
        -1995.4773391654312,
        1179.032048070433,
        2382.2549709035757,
        4235.005696164506,
        9403.56785831834,
        14159.84226402076,
        17623.173383196765,
        19739.144228285713,
        20895.953332208424,
        21453.44116640288,
        21724.591802962295
    ],
    "z_normalized": [
        0.0,
        0.0076,
        0.0156,
        0.0236,
        0.0316,
        0.039599999999999996,
        0.0476,
        0.0556,
        0.0636,
        0.0716,
        0.0796
    ]
}