{
    "thrust": 0.09528849341435626,
    "discharge_current": 16.581719065762776,
    "ion_velocity": [
        -1535.3148001232953,
        63.155844406952774,
        1341.5243637513793,
        2708.6924684893675,
        8448.795521152346,
        13744.759748002896,
        17264.261483704697,
        19440.933147814758,
        20643.741189063483,
        21210.084021561117,
        21471.220075942478
    ],
    "z_normalized": [
        0.0,
        0.0076,
        0.0156,
        0.0236,
        0.0316,
        0.039599999999999996,
        0.0476,
        0.0556,
        0.0636,
        0.0716,
        0.0796
    ]
}