{
    "thrust": 0.08309113157369395,
    "discharge_current": 33.50712177260267,
    "ion_velocity": [
        -2280.641817194802,
        2324.0508884436886,
        6523.124516602292,
        13777.65658618735,
        16613.863947783957,
        18601.668108732345,
        20045.23961385025,
        20986.967494459044,
        21519.302268890726,
        21783.59545866718,
        21911.69336085535
    ],
    "z_normalized": [
        0.0,
        0.0076,
        0.0156,
        0.0236,
        0.0316,
        0.039599999999999996,
        0.0476,
        0.0556,
        0.0636,
        0.0716,
        0.0796
    ]
}