{
    "thrust": 0.09055960986476438,
    "discharge_current": 18.780893186528218,
    "ion_velocity": [
        -1750.291430739904,
        1305.0699167208752,
        6214.900296656529,
        13905.059641083462,
        16762.19615001217,
        18498.1973511197,
        19833.890620538332,
        20732.21091409298,
        21239.549781176487,
        21487.98851816372,
        21598.12556071146
    ],
    "z_normalized": [
        0.0,
        0.0076,
        0.0156,
        0.0236,
        0.0316,
        0.039599999999999996,
        0.0476,
        0.0556,
        0.0636,
        0.0716,
        0.0796
    ]
}