{
    "thrust": 0.09561808530372135,
    "discharge_current": 11.086000222465033,
    "ion_velocity": [
        -1238.0180418301566,
        -258.2713776369457,
        3853.8991453689964,
        12452.984375187572,
        15631.26548323997,
        17705.709168516703,
        19273.986280572994,
        20314.06457573756,
        20895.45438394234,
        21172.749681302295,
        21279.657340814407
    ],
    "z_normalized": [
        0.0,
        0.0076,
        0.0156,
        0.0236,
        0.0316,
        0.039599999999999996,
        0.0476,
        0.0556,
        0.0636,
        0.0716,
        0.0796
    ]
}