{
    "thrust": 0.06731010005860866,
    "discharge_current": 4.183535636253652,
    "ion_velocity": [
        -1242.8210279372397,
        1170.8409581302385,
        5192.3924369227825,
        11249.609167412811,
        13333.556774365343,
        14087.570926475388,
        14282.453766722792,
        15208.573986013314,
        15859.22596204632,
        16191.381911188846,
        16281.10311732464
    ],
    "z_normalized": [
        0.0,
        0.0076,
        0.0156,
        0.0236,
        0.0316,
        0.039599999999999996,
        0.0476,
        0.0556,
        0.0636,
        0.0716,
        0.0796
    ]
}