{
    "thrust": 0.06278508048137511,
    "discharge_current": 4.854355582155953,
    "ion_velocity": [
        -1260.9639065184422,
        1012.171365994644,
        4083.427363838294,
        8797.324520250457,
        11935.443331648416,
        14391.915142816486,
        16359.665828058942,
        17779.19974413261,
        18574.66147050576,
        18973.73581970182,
        19058.347967375
    ],
    "z_normalized": [
        0.0,
        0.0076,
        0.0156,
        0.0236,
        0.0316,
        0.039599999999999996,
        0.0476,
        0.0556,
        0.0636,
        0.0716,
        0.0796
    ]
}