{
    "thrust": 0.09422101651345358,
    "discharge_current": 18.351518809591102,
    "ion_velocity": [
        -1628.0165507978118,
        403.8366051446351,
        1637.3933296150472,
        3079.3240746157467,
        8723.403203001812,
        13887.000507911791,
        17366.477470742164,
        19505.994706084213,
        20695.647025084123,
        21258.957326896307,
        21521.30090808504
    ],
    "z_normalized": [
        0.0,
        0.0076,
        0.0156,
        0.0236,
        0.0316,
        0.039599999999999996,
        0.0476,
        0.0556,
        0.0636,
        0.0716,
        0.0796
    ]
}