{
    "thrust": 0.08041015011029119,
    "discharge_current": 50.72552843766951,
    "ion_velocity": [
        -2539.1944380642726,
        2118.055644530317,
        4275.293593775307,
        7862.084235274693,
        12026.86880227937,
        15784.295415517483,
        18586.652399871236,
        20340.42664589038,
        21301.33052942473,
        21774.46748836301,
        22018.81277129665
    ],
    "z_normalized": [
        0.0,
        0.0076,
        0.0156,
        0.0236,
        0.0316,
        0.039599999999999996,
        0.0476,
        0.0556,
        0.0636,
        0.0716,
        0.0796
    ]
}