{
    "thrust": 0.08099769700430484,
    "discharge_current": 41.79459174516256,
    "ion_velocity": [
        -2449.1186755330114,
        2365.0981458212204,
        5913.827061516742,
        12004.613050788263,
        15278.853196501675,
        17802.751629213,
        19662.906186191958,
        20840.807280603236,
        21504.270040281866,
        21833.84663949386,
        21999.13924883333
    ],
    "z_normalized": [
        0.0,
        0.0076,
        0.0156,
        0.0236,
        0.0316,
        0.039599999999999996,
        0.0476,
        0.0556,
        0.0636,
        0.0716,
        0.0796
    ]
}