{
    "thrust": 0.08146513434901556,
    "discharge_current": 39.78191981004578,
    "ion_velocity": [
        -2412.3468670199513,
        2366.006542148561,
        6075.305173040631,
        12465.801777566168,
        15625.598435605973,
        18013.317471238373,
        19766.22588373065,
        20882.518339880822,
        21512.36562160217,
        21825.250603708468,
        21981.0159813959
    ],
    "z_normalized": [
        0.0,
        0.0076,
        0.0156,
        0.0236,
        0.0316,
        0.039599999999999996,
        0.0476,
        0.0556,
        0.0636,
        0.0716,
        0.0796
    ]
}