{
    "thrust": 0.0817938455425359,
    "discharge_current": 46.83415067616941,
    "ion_velocity": [
        -2438.4546299304943,
        1863.5162964592814,
        3539.404413429923,
        6384.771900060033,
        10728.011945073424,
        14978.365011902633,
        18136.76175728855,
        20104.030824559777,
        21172.418502546963,
        21695.14538644382,
        21962.91754380353
    ],
    "z_normalized": [
        0.0,
        0.0076,
        0.0156,
        0.0236,
        0.0316,
        0.039599999999999996,
        0.0476,
        0.0556,
        0.0636,
        0.0716,
        0.0796
    ]
}