{
    "thrust": 0.007140114306757046,
    "discharge_current": 0.3597696807104011,
    "ion_velocity": [
        -130.14832915390798,
        791.3071578524164,
        1479.2564021270894,
        994.3069215999267,
        1371.8554240123328,
        1250.4827230588608,
        1631.9409654824515,
        1960.6345048916953,
        2219.213253068212,
        2452.9383487575265,
        2567.9800989354085
    ],
    "z_normalized": [
        0.0,
        0.0076,
        0.0156,
        0.0236,
        0.0316,
        0.039599999999999996,
        0.0476,
        0.0556,
        0.0636,
        0.0716,
        0.0796
    ]
}