{
    "thrust": 0.09050015247943735,
    "discharge_current": 23.690310560829783,
    "ion_velocity": [
        -1832.237215425732,
        870.9280840461837,
        1904.343748919983,
        3262.4041595452104,
        8845.471566335227,
        13852.945984990232,
        17426.740260599236,
        19595.703537857396,
        20791.03746171461,
        21363.413669421607,
        21636.805804461343
    ],
    "z_normalized": [
        0.0,
        0.0076,
        0.0156,
        0.0236,
        0.0316,
        0.039599999999999996,
        0.0476,
        0.0556,
        0.0636,
        0.0716,
        0.0796
    ]
}