{
    "thrust": 0.08205753228838547,
    "discharge_current": 45.8594874292224,
    "ion_velocity": [
        -2422.188675852728,
        1835.2899814544458,
        3463.3201926962656,
        6240.804087405961,
        10630.309028582567,
        14918.307246973172,
        18102.681277860993,
        20084.540256386586,
        21160.314556480167,
        21686.241831681207,
        21955.05898280593
    ],
    "z_normalized": [
        0.0,
        0.0076,
        0.0156,
        0.0236,
        0.0316,
        0.039599999999999996,
        0.0476,
        0.0556,
        0.0636,
        0.0716,
        0.0796
    ]
}