{
    "thrust": 0.09764376051866727,
    "discharge_current": 9.629962075632864,
    "ion_velocity": [
        -1236.4723207557527,
        -250.41472855551763,
        2107.4559847372416,
        8697.37178647837,
        13058.63820005688,
        16215.506256557359,
        18468.465053716205,
        19934.100921279074,
        20753.701197105827,
        21138.156268379695,
        21271.322168877858
    ],
    "z_normalized": [
        0.0,
        0.0076,
        0.0156,
        0.0236,
        0.0316,
        0.039599999999999996,
        0.0476,
        0.0556,
        0.0636,
        0.0716,
        0.0796
    ]
}