{
    "thrust": 0.0843777654111199,
    "discharge_current": 30.171955963726802,
    "ion_velocity": [
        -2191.8268209065213,
        2210.2464470783107,
        6556.4844812553865,
        13896.58674976206,
        16751.825194238154,
        18663.334336094053,
        20051.044946461203,
        20965.64343725979,
        21483.16595259706,
        21739.723471360143,
        21862.122715242345
    ],
    "z_normalized": [
        0.0,
        0.0076,
        0.0156,
        0.0236,
        0.0316,
        0.039599999999999996,
        0.0476,
        0.0556,
        0.0636,
        0.0716,
        0.0796
    ]
}