{
    "thrust": 0.08222594215078716,
    "discharge_current": 45.38270230033985,
    "ion_velocity": [
        -2403.64644528092,
        1855.472601646915,
        3656.271746230994,
        6717.249397234576,
        10950.426721570042,
        15109.088779957883,
        18199.72441288818,
        20123.560453211547,
        21170.058020462933,
        21681.99658445134,
        21943.16928716201
    ],
    "z_normalized": [
        0.0,
        0.0076,
        0.0156,
        0.0236,
        0.0316,
        0.039599999999999996,
        0.0476,
        0.0556,
        0.0636,
        0.0716,
        0.0796
    ]
}