{
    "thrust": 0.09572050309831853,
    "discharge_current": 10.943706265862973,
    "ion_velocity": [
        -1236.539259603862,
        -268.40566925896354,
        3532.171680016499,
        11745.575899514111,
        15151.819587949592,
        17420.454521628453,
        19114.91892998327,
        20237.905881708648,
        20866.061305397026,
        21165.12756361356,
        21279.21289131596
    ],
    "z_normalized": [
        0.0,
        0.0076,
        0.0156,
        0.0236,
        0.0316,
        0.039599999999999996,
        0.0476,
        0.0556,
        0.0636,
        0.0716,
        0.0796
    ]
}