{
    "thrust": 0.08239690459055103,
    "discharge_current": 44.86484420329185,
    "ion_velocity": [
        -2391.4324711527524,
        1843.0453850678473,
        3648.0737266831547,
        6719.773975010623,
        10946.001449368252,
        15104.777471935076,
        18194.893763101303,
        20117.698495042165,
        21163.91442657648,
        21675.560825797045,
        21936.256240386832
    ],
    "z_normalized": [
        0.0,
        0.0076,
        0.0156,
        0.0236,
        0.0316,
        0.039599999999999996,
        0.0476,
        0.0556,
        0.0636,
        0.0716,
        0.0796
    ]
}