{
    "thrust": 0.037860034308891274,
    "discharge_current": 2.9113093991256727,
    "ion_velocity": [
        -1189.1412114849236,
        1327.442530951364,
        4310.512037095338,
        8938.781475808426,
        9865.20393639149,
        9468.863662658878,
        10050.747453464257,
        11249.224747629401,
        12144.837081143829,
        12491.966725794695,
        12481.511940575367
    ],
    "z_normalized": [
        0.0,
        0.0076,
        0.0156,
        0.0236,
        0.0316,
        0.039599999999999996,
        0.0476,
        0.0556,
        0.0636,
        0.0716,
        0.0796
    ]
}