{
    "thrust": 0.08727317372389926,
    "discharge_current": 30.780351688224712,
    "ion_velocity": [
        -2063.6082432757185,
        1250.1544694568026,
        2382.746021131805,
        4154.211422944575,
        9294.168322455398,
        14094.895872282728,
        17604.479538968826,
        19753.88963866302,
        20922.92896193345,
        21487.386263602526,
        21764.102043050847
    ],
    "z_normalized": [
        0.0,
        0.0076,
        0.0156,
        0.0236,
        0.0316,
        0.039599999999999996,
        0.0476,
        0.0556,
        0.0636,
        0.0716,
        0.0796
    ]
}