{
    "thrust": 0.09477776749044468,
    "discharge_current": 12.53021179627932,
    "ion_velocity": [
        -1389.8412301192602,
        20.561699062003076,
        5578.938116365893,
        15053.825271796897,
        17444.919885100226,
        18855.68757470356,
        19956.33661983127,
        20683.91440080047,
        21091.065627970012,
        21287.33358329214,
        21367.004330693857
    ],
    "z_normalized": [
        0.0,
        0.0076,
        0.0156,
        0.0236,
        0.0316,
        0.039599999999999996,
        0.0476,
        0.0556,
        0.0636,
        0.0716,
        0.0796
    ]
}