{
    "thrust": 0.0898646243731074,
    "discharge_current": 18.85716534211168,
    "ion_velocity": [
        -1778.0749318064218,
        1459.9629707702359,
        6826.52010935431,
        15211.548849466959,
        17662.96470339999,
        19073.570498343677,
        20175.5379596249,
        20909.778744855354,
        21323.864390297807,
        21527.158046820932,
        21617.231875855527
    ],
    "z_normalized": [
        0.0,
        0.0076,
        0.0156,
        0.0236,
        0.0316,
        0.039599999999999996,
        0.0476,
        0.0556,
        0.0636,
        0.0716,
        0.0796
    ]
}