{
    "thrust": 0.08266770590306399,
    "discharge_current": 35.29816638453955,
    "ion_velocity": [
        -2318.4166211930865,
        2319.738149451238,
        6317.78552748556,
        13172.995545545347,
        16195.925572790353,
        18350.432464849462,
        19920.265784441683,
        20934.452353924764,
        21507.964442403598,
        21792.763774019484,
        21931.936774996877
    ],
    "z_normalized": [
        0.0,
        0.0076,
        0.0156,
        0.0236,
        0.0316,
        0.039599999999999996,
        0.0476,
        0.0556,
        0.0636,
        0.0716,
        0.0796
    ]
}