{
    "thrust": 0.08307441851717842,
    "discharge_current": 42.59371613799374,
    "ion_velocity": [
        -2344.3259790253114,
        1740.5650842678003,
        3365.026887777202,
        6160.143696467728,
        10517.704941235392,
        14841.665514478162,
        18047.582385220845,
        20037.72313562844,
        21117.91119011604,
        21644.8920741385,
        21911.97220654439
    ],
    "z_normalized": [
        0.0,
        0.0076,
        0.0156,
        0.0236,
        0.0316,
        0.039599999999999996,
        0.0476,
        0.0556,
        0.0636,
        0.0716,
        0.0796
    ]
}