{
    "thrust": 0.08250059958937582,
    "discharge_current": 35.752638584445954,
    "ion_velocity": [
        -2330.515432587289,
        2357.206414585723,
        6409.696311662303,
        13445.977145154999,
        16314.261208966676,
        18427.103008035887,
        19965.43277026905,
        20960.600327744367,
        21522.437435550135,
        21801.287218811784,
        21937.870910418755
    ],
    "z_normalized": [
        0.0,
        0.0076,
        0.0156,
        0.0236,
        0.0316,
        0.039599999999999996,
        0.0476,
        0.0556,
        0.0636,
        0.0716,
        0.0796
    ]
}