{
    "thrust": 0.08429795329519245,
    "discharge_current": 38.68489343945655,
    "ion_velocity": [
        -2272.746320131955,
        1584.7727198098505,
        2954.013310690192,
        5300.977904112044,
        9953.21090373433,
        14501.332870143835,
        17858.663715329283,
        19934.1221017173,
        21058.112297509102,
        21604.482522111066,
        21878.683738160005
    ],
    "z_normalized": [
        0.0,
        0.0076,
        0.0156,
        0.0236,
        0.0316,
        0.039599999999999996,
        0.0476,
        0.0556,
        0.0636,
        0.0716,
        0.0796
    ]
}