{
    "thrust": 0.08106524650142682,
    "discharge_current": 5.126608575594039,
    "ion_velocity": [
        -1263.3617859855115,
        949.6716153179844,
        3761.3525789872833,
        7768.5153410305,
        10925.97789285898,
        13880.43245518023,
        16019.28261033436,
        17572.204701618488,
        18462.299104398142,
        18737.955475536855,
        18863.742348950593
    ],
    "z_normalized": [
        0.0,
        0.0076,
        0.0156,
        0.0236,
        0.0316,
        0.039599999999999996,
        0.0476,
        0.0556,
        0.0636,
        0.0716,
        0.0796
    ]
}