{
    "thrust": 0.09945652953323322,
    "discharge_current": 8.1519273719606,
    "ion_velocity": [
        -1233.7646587777385,
        -175.62707324705588,
        1034.0245169249758,
        4194.684548592823,
        9452.853468089234,
        14128.563731887216,
        17433.636605423737,
        19456.900228085404,
        20511.580664948626,
        20982.35671321953,
        21176.246514252773
    ],
    "z_normalized": [
        0.0,
        0.0076,
        0.0156,
        0.0236,
        0.0316,
        0.039599999999999996,
        0.0476,
        0.0556,
        0.0636,
        0.0716,
        0.0796
    ]
}