{
    "thrust": 0.07913097765120235,
    "discharge_current": 53.09537474499388,
    "ion_velocity": [
        -2605.9011576458365,
        2246.8595554222247,
        4727.785143068288,
        8845.841311004975,
        12773.64120929119,
        16257.966186458985,
        18857.834150409362,
        20489.489350822863,
        21387.826732252044,
        21832.157137553204,
        22062.736422625763
    ],
    "z_normalized": [
        0.0,
        0.0076,
        0.0156,
        0.0236,
        0.0316,
        0.039599999999999996,
        0.0476,
        0.0556,
        0.0636,
        0.0716,
        0.0796
    ]
}