{
    "thrust": 0.0944980893428714,
    "discharge_current": 13.453593195957367,
    "ion_velocity": [
        -1459.4993195208874,
        220.84915990230246,
        5711.71275386546,
        14728.35473364492,
        17234.642836054507,
        18733.536950482252,
        19904.048463821553,
        20680.688049199733,
        21116.124127622275,
        21326.782009638886,
        21413.80246734694
    ],
    "z_normalized": [
        0.0,
        0.0076,
        0.0156,
        0.0236,
        0.0316,
        0.039599999999999996,
        0.0476,
        0.0556,
        0.0636,
        0.0716,
        0.0796
    ]
}