{
    "thrust": 0.0884664444232048,
    "discharge_current": 26.009744673483738,
    "ion_velocity": [
        -1931.4582320965844,
        1406.7684537682537,
        4203.714212620026,
        8867.45214312751,
        12868.385596671706,
        16206.475770774588,
        18662.961984935097,
        20196.054544102695,
        21065.52737365682,
        21491.3078328596,
        21689.27235789486
    ],
    "z_normalized": [
        0.0,
        0.0076,
        0.0156,
        0.0236,
        0.0316,
        0.039599999999999996,
        0.0476,
        0.0556,
        0.0636,
        0.0716,
        0.0796
    ]
}