{
    "thrust": 0.09763019150054339,
    "discharge_current": 9.265385977608892,
    "ion_velocity": [
        -1236.5322813836176,
        -251.85988954641198,
        2607.6105128463964,
        10784.125703721204,
        14538.493445063961,
        17068.61134852969,
        18931.331722779818,
        20153.81827191226,
        20833.93550556592,
        21152.41976882624,
        21263.173492684513
    ],
    "z_normalized": [
        0.0,
        0.0076,
        0.0156,
        0.0236,
        0.0316,
        0.039599999999999996,
        0.0476,
        0.0556,
        0.0636,
        0.0716,
        0.0796
    ]
}