{
    "thrust": 0.08542801300236917,
    "discharge_current": 26.506283529545136,
    "ion_velocity": [
        -2092.217352103758,
        2140.370894192625,
        6910.096900792264,
        14966.614345648093,
        17492.292128137684,
        19083.70261553166,
        20260.364733093524,
        21043.026293758558,
        21485.356660660298,
        21704.425149753682,
        21806.82185010905
    ],
    "z_normalized": [
        0.0,
        0.0076,
        0.0156,
        0.0236,
        0.0316,
        0.039599999999999996,
        0.0476,
        0.0556,
        0.0636,
        0.0716,
        0.0796
    ]
}