{
    "thrust": 0.08330283459151658,
    "discharge_current": 41.61373405875669,
    "ion_velocity": [
        -2329.2498283616583,
        1689.287238350262,
        3187.819176181829,
        5772.035502920272,
        10250.168156328844,
        14680.631087856325,
        17960.83662763994,
        19994.711361114172,
        21097.064842143183,
        21634.21072533485,
        21905.883757051455
    ],
    "z_normalized": [
        0.0,
        0.0076,
        0.0156,
        0.0236,
        0.0316,
        0.039599999999999996,
        0.0476,
        0.0556,
        0.0636,
        0.0716,
        0.0796
    ]
}