{
    "thrust": 0.07977734711280188,
    "discharge_current": 52.05554589967193,
    "ion_velocity": [
        -2565.940531922992,
        2157.5769311726403,
        4451.919951031381,
        8246.871973804014,
        12253.848614923807,
        15929.069061422026,
        18670.437473248527,
        20388.002080035272,
        21330.462688165593,
        21795.29806638173,
        22036.072366755252
    ],
    "z_normalized": [
        0.0,
        0.0076,
        0.0156,
        0.0236,
        0.0316,
        0.039599999999999996,
        0.0476,
        0.0556,
        0.0636,
        0.0716,
        0.0796
    ]
}