{
    "thrust": 0.08782532938464942,
    "discharge_current": 30.238506358664143,
    "ion_velocity": [
        -2043.1048330184674,
        1492.5533486405147,
        3568.094144643697,
        7064.593844714539,
        11448.179463476868,
        15374.894413499218,
        18262.040744402842,
        20043.088834699476,
        21029.65698297058,
        21507.378479218267,
        21740.37859090058
    ],
    "z_normalized": [
        0.0,
        0.0076,
        0.0156,
        0.0236,
        0.0316,
        0.039599999999999996,
        0.0476,
        0.0556,
        0.0636,
        0.0716,
        0.0796
    ]
}