{
    "thrust": 0.10174949598950393,
    "discharge_current": 7.496774571861107,
    "ion_velocity": [
        -1233.9350193958296,
        -210.63666721918574,
        885.1376381952142,
        5659.689290416881,
        10854.74726940034,
        14958.467998072489,
        17817.41914257281,
        19619.208484321985,
        20613.501005439583,
        21059.85719014543,
        21181.287792806233
    ],
    "z_normalized": [
        0.0,
        0.0076,
        0.0156,
        0.0236,
        0.0316,
        0.039599999999999996,
        0.0476,
        0.0556,
        0.0636,
        0.0716,
        0.0796
    ]
}