{
    "thrust": 0.009901983604848771,
    "discharge_current": 0.819625599435941,
    "ion_velocity": [
        -35.07085635718882,
        899.9315926759643,
        1579.2904442318986,
        1907.5932439914131,
        1700.1734609013631,
        1632.9616302869665,
        1730.8525218106035,
        1951.7947183043307,
        2032.1665585742078,
        1913.3285757722192,
        1901.1882062432014
    ],
    "z_normalized": [
        0.0,
        0.0076,
        0.0156,
        0.0236,
        0.0316,
        0.039599999999999996,
        0.0476,
        0.0556,
        0.0636,
        0.0716,
        0.0796
    ]
}