{
    "thrust": 0.06640891862678855,
    "discharge_current": 4.14655471893509,
    "ion_velocity": [
        -1248.9358567336146,
        1132.502307234847,
        3931.843607284953,
        7610.1677543976575,
        10735.977023484715,
        13430.889408166142,
        14081.365938946714,
        14687.53009310722,
        15477.000969414354,
        15817.00104288199,
        15848.075422398622
    ],
    "z_normalized": [
        0.0,
        0.0076,
        0.0156,
        0.0236,
        0.0316,
        0.039599999999999996,
        0.0476,
        0.0556,
        0.0636,
        0.0716,
        0.0796
    ]
}