{
    "thrust": 0.07809562352341518,
    "discharge_current": 57.408300225426025,
    "ion_velocity": [
        -2685.0839389761413,
        2251.5867944830457,
        4444.426067937935,
        8074.287033037688,
        12203.436927127825,
        15914.450140038343,
        18686.80952509751,
        20428.872105983133,
        21383.79998666394,
        21856.220091543124,
        22103.84423124722
    ],
    "z_normalized": [
        0.0,
        0.0076,
        0.0156,
        0.0236,
        0.0316,
        0.039599999999999996,
        0.0476,
        0.0556,
        0.0636,
        0.0716,
        0.0796
    ]
}