{
    "thrust": 0.09483127712685219,
    "discharge_current": 12.510404514883332,
    "ion_velocity": [
        -1384.1240552027248,
        2.188345505357665,
        5403.135814043516,
        14706.697093491246,
        17202.953778159233,
        18700.166088941438,
        19866.87413302937,
        20639.37637061278,
        21071.72509895395,
        21280.06774666237,
        21364.55062144101
    ],
    "z_normalized": [
        0.0,
        0.0076,
        0.0156,
        0.0236,
        0.0316,
        0.039599999999999996,
        0.0476,
        0.0556,
        0.0636,
        0.0716,
        0.0796
    ]
}