{
    "thrust": 0.0831074752619429,
    "discharge_current": 42.55020030100206,
    "ion_velocity": [
        -2341.619849476398,
        1745.9126515807968,
        3401.69579932712,
        6248.36328954009,
        10579.044914195581,
        14877.961575394167,
        18065.910293756446,
        20045.02226198175,
        21119.80423588287,
        21644.215453809873,
        21909.94060444557
    ],
    "z_normalized": [
        0.0,
        0.0076,
        0.0156,
        0.0236,
        0.0316,
        0.039599999999999996,
        0.0476,
        0.0556,
        0.0636,
        0.0716,
        0.0796
    ]
}