{
    "thrust": 0.08255423441928444,
    "discharge_current": 44.34413965651311,
    "ion_velocity": [
        -2381.311249461488,
        1807.342044867565,
        3521.305505274989,
        6451.06689592018,
        10741.593393275032,
        14980.192425168767,
        18127.24441200377,
        20084.08482283992,
        21147.362260584363,
        21666.90836430353,
        21931.347982927407
    ],
    "z_normalized": [
        0.0,
        0.0076,
        0.0156,
        0.0236,
        0.0316,
        0.039599999999999996,
        0.0476,
        0.0556,
        0.0636,
        0.0716,
        0.0796
    ]
}