{
    "thrust": 0.08643674794116528,
    "discharge_current": 24.929229728464456,
    "ion_velocity": [
        -2019.8922622926466,
        1987.8886681645936,
        6743.555651718889,
        14552.115173184295,
        17231.75976775127,
        18899.03484757604,
        20133.313848263704,
        20957.89905236056,
        21424.20330557151,
        21654.637536936127,
        21761.40514645668
    ],
    "z_normalized": [
        0.0,
        0.0076,
        0.0156,
        0.0236,
        0.0316,
        0.039599999999999996,
        0.0476,
        0.0556,
        0.0636,
        0.0716,
        0.0796
    ]
}