{
    "thrust": 0.08859207656884893,
    "discharge_current": 28.31517691123198,
    "ion_velocity": [
        -1986.4383795698268,
        1362.8416279313888,
        3289.1559196691737,
        6477.248869053571,
        11048.860317420027,
        15132.316549176927,
        18121.932534321408,
        19960.959018511177,
        20979.801486327542,
        21471.79548132112,
        21710.328656266578
    ],
    "z_normalized": [
        0.0,
        0.0076,
        0.0156,
        0.0236,
        0.0316,
        0.039599999999999996,
        0.0476,
        0.0556,
        0.0636,
        0.0716,
        0.0796
    ]
}