{
    "thrust": 0.06213748067028455,
    "discharge_current": 5.312123266690541,
    "ion_velocity": [
        -1264.683296393196,
        915.0536200634691,
        3682.605526749703,
        7597.9495410230975,
        10840.54209153981,
        13955.201168251759,
        16223.857582246519,
        17828.500608133403,
        18711.728062087765,
        19113.56275654044,
        19180.7626974548
    ],
    "z_normalized": [
        0.0,
        0.0076,
        0.0156,
        0.0236,
        0.0316,
        0.039599999999999996,
        0.0476,
        0.0556,
        0.0636,
        0.0716,
        0.0796
    ]
}