{
    "thrust": 0.08553770431182885,
    "discharge_current": 35.44115180252256,
    "ion_velocity": [
        -2198.9202197093346,
        1455.6886881737646,
        2690.7419149200587,
        4752.617223326941,
        9625.948996576279,
        14301.657571911363,
        17740.66900312915,
        19858.83534145637,
        21006.693318258687,
        21563.137683966495,
        21839.900892436694
    ],
    "z_normalized": [
        0.0,
        0.0076,
        0.0156,
        0.0236,
        0.0316,
        0.039599999999999996,
        0.0476,
        0.0556,
        0.0636,
        0.0716,
        0.0796
    ]
}