{
    "thrust": 0.085237052125305,
    "discharge_current": 37.4039186597881,
    "ion_velocity": [
        -2234.3343780992063,
        1639.7779046854257,
        3290.9995970030523,
        6114.97155511405,
        10614.873642576174,
        14890.953433349818,
        18052.850369278774,
        20007.31342168094,
        21073.053567961713,
        21591.375754792338,
        21850.274622720648
    ],
    "z_normalized": [
        0.0,
        0.0076,
        0.0156,
        0.0236,
        0.0316,
        0.039599999999999996,
        0.0476,
        0.0556,
        0.0636,
        0.0716,
        0.0796
    ]
}