{
    "thrust": 0.08299566380332478,
    "discharge_current": 42.8785697805495,
    "ion_velocity": [
        -2358.9592289340853,
        1746.2776986826939,
        3291.2494156904736,
        5944.23633179015,
        10413.740252480777,
        14781.324706236452,
        18019.01087858784,
        20029.022865921637,
        21119.243262262517,
        21651.06362359637,
        21920.887788698077
    ],
    "z_normalized": [
        0.0,
        0.0076,
        0.0156,
        0.0236,
        0.0316,
        0.039599999999999996,
        0.0476,
        0.0556,
        0.0636,
        0.0716,
        0.0796
    ]
}