{
    "thrust": 0.08084512642748116,
    "discharge_current": 43.312597931531016,
    "ion_velocity": [
        -2465.1840038276346,
        2344.933692071293,
        5748.059625464643,
        11560.916711612535,
        14876.956595683114,
        17553.715488564765,
        19531.902271939147,
        20779.680409435674,
        21480.1300131994,
        21827.512285801804,
        22002.744543219353
    ],
    "z_normalized": [
        0.0,
        0.0076,
        0.0156,
        0.0236,
        0.0316,
        0.039599999999999996,
        0.0476,
        0.0556,
        0.0636,
        0.0716,
        0.0796
    ]
}