{
    "thrust": 0.09440494024036471,
    "discharge_current": 17.773167420362686,
    "ion_velocity": [
        -1598.3920769634692,
        222.15219177975172,
        1222.7447454353323,
        2205.536928312542,
        8133.115597931357,
        13581.504144783183,
        17207.044168890432,
        19427.886529374315,
        20660.87923166239,
        21243.5159339476,
        21514.112873619037
    ],
    "z_normalized": [
        0.0,
        0.0076,
        0.0156,
        0.0236,
        0.0316,
        0.039599999999999996,
        0.0476,
        0.0556,
        0.0636,
        0.0716,
        0.0796
    ]
}