{
    "thrust": 0.09697689696867175,
    "discharge_current": 9.820671991891642,
    "ion_velocity": [
        -1236.5453862224026,
        -253.5411886469124,
        2845.085117977128,
        10865.665968066194,
        14576.860527912473,
        17088.111040292344,
        18937.987080642673,
        20155.73812667093,
        20834.96212538581,
        21155.019232687682,
        21270.086742241594
    ],
    "z_normalized": [
        0.0,
        0.0076,
        0.0156,
        0.0236,
        0.0316,
        0.039599999999999996,
        0.0476,
        0.0556,
        0.0636,
        0.0716,
        0.0796
    ]
}