{
    "thrust": 0.08053800824514022,
    "discharge_current": 46.99931805004118,
    "ion_velocity": [
        -2499.9351341079096,
        2254.3880074823464,
        5180.269890669272,
        10076.386558210957,
        13682.026654451165,
        16809.597841111932,
        19134.890024470125,
        20593.57953088499,
        21404.20801775409,
        21805.03290772816,
        22009.77603455583
    ],
    "z_normalized": [
        0.0,
        0.0076,
        0.0156,
        0.0236,
        0.0316,
        0.039599999999999996,
        0.0476,
        0.0556,
        0.0636,
        0.0716,
        0.0796
    ]
}