{
    "thrust": 0.08094685504409098,
    "discharge_current": 44.02963347932887,
    "ion_velocity": [
        -2463.175972470516,
        2297.482828718627,
        5540.678254971019,
        11030.137402819844,
        14423.687517191876,
        17269.29746463676,
        19376.93763861133,
        20702.460103888694,
        21443.961208936355,
        21810.989398890943,
        21996.70766183842
    ],
    "z_normalized": [
        0.0,
        0.0076,
        0.0156,
        0.0236,
        0.0316,
        0.039599999999999996,
        0.0476,
        0.0556,
        0.0636,
        0.0716,
        0.0796
    ]
}