{
    "thrust": 0.08247367133157049,
    "discharge_current": 44.65789348885297,
    "ion_velocity": [
        -2387.1551519254635,
        1818.405600069287,
        3547.7762502988176,
        6498.48901440785,
        10778.528322227205,
        15002.891219496167,
        18140.122282742417,
        20091.4081294938,
        21151.870420874176,
        21670.182427587308,
        21934.188563166812
    ],
    "z_normalized": [
        0.0,
        0.0076,
        0.0156,
        0.0236,
        0.0316,
        0.039599999999999996,
        0.0476,
        0.0556,
        0.0636,
        0.0716,
        0.0796
    ]
}