{
    "thrust": 0.0992791538295753,
    "discharge_current": 8.396515160480588,
    "ion_velocity": [
        -1236.3425217450742,
        -258.2215845594323,
        1814.1549899426964,
        9272.054496952307,
        13516.768244310162,
        16480.06167708925,
        18619.893953862058,
        20008.56910161915,
        20778.48266996307,
        21133.4968510159,
        21246.465869251537
    ],
    "z_normalized": [
        0.0,
        0.0076,
        0.0156,
        0.0236,
        0.0316,
        0.039599999999999996,
        0.0476,
        0.0556,
        0.0636,
        0.0716,
        0.0796
    ]
}