{
    "thrust": 0.052710127594247945,
    "discharge_current": 3.8024403449639315,
    "ion_velocity": [
        -1240.2574973166024,
        1187.76128733684,
        5348.177702266805,
        11834.681586553375,
        13780.784661815427,
        14121.531014002068,
        14000.02368549363,
        14724.56863915023,
        15367.842437996274,
        15760.8670966995,
        15827.631513939356
    ],
    "z_normalized": [
        0.0,
        0.0076,
        0.0156,
        0.0236,
        0.0316,
        0.039599999999999996,
        0.0476,
        0.0556,
        0.0636,
        0.0716,
        0.0796
    ]
}