{
    "thrust": 0.09547144212023036,
    "discharge_current": 16.152814434878145,
    "ion_velocity": [
        -1508.5901211390797,
        5.066082453379025,
        1345.4240216017224,
        2837.431807090553,
        8522.49503793333,
        13773.621003299653,
        17272.9998807735,
        19439.5326364747,
        20634.33914397864,
        21196.134771744873,
        21454.467460059434
    ],
    "z_normalized": [
        0.0,
        0.0076,
        0.0156,
        0.0236,
        0.0316,
        0.039599999999999996,
        0.0476,
        0.0556,
        0.0636,
        0.0716,
        0.0796
    ]
}