{
    "thrust": 0.08175474893427463,
    "discharge_current": 45.96444103567993,
    "ion_velocity": [
        -2428.710645958985,
        2033.180209225699,
        4404.839297174931,
        8356.34651917769,
        12243.513711742033,
        15903.468154878765,
        18628.29700012275,
        20329.436708874935,
        21264.55593975281,
        21724.00120128498,
        21958.45505925412
    ],
    "z_normalized": [
        0.0,
        0.0076,
        0.0156,
        0.0236,
        0.0316,
        0.039599999999999996,
        0.0476,
        0.0556,
        0.0636,
        0.0716,
        0.0796
    ]
}