{
    "thrust": 0.08306148502798298,
    "discharge_current": 42.79936075409722,
    "ion_velocity": [
        -2343.767153842299,
        1783.2166099666817,
        3568.2313816918545,
        6623.476524529895,
        10853.127848431965,
        15042.688778927699,
        18152.32037278149,
        20084.053838676708,
        21135.77399848793,
        21649.374467933663,
        21909.758140837705
    ],
    "z_normalized": [
        0.0,
        0.0076,
        0.0156,
        0.0236,
        0.0316,
        0.039599999999999996,
        0.0476,
        0.0556,
        0.0636,
        0.0716,
        0.0796
    ]
}