{
    "thrust": 0.06925439818784097,
    "discharge_current": 4.397094215956502,
    "ion_velocity": [
        -1254.013548420789,
        1067.4924191819557,
        4438.814666895005,
        10436.61976276578,
        13159.821865672047,
        14937.048963696738,
        16588.67571634737,
        17758.45092800508,
        18471.093419835463,
        18756.037556125946,
        18821.417188517782
    ],
    "z_normalized": [
        0.0,
        0.0076,
        0.0156,
        0.0236,
        0.0316,
        0.039599999999999996,
        0.0476,
        0.0556,
        0.0636,
        0.0716,
        0.0796
    ]
}