{
    "thrust": 0.09489483536703956,
    "discharge_current": 13.10047166632489,
    "ion_velocity": [
        -1399.9682986678333,
        15.478664026460885,
        4391.029126846072,
        12143.797485271667,
        15407.521871289173,
        17600.436735938136,
        19246.024316308605,
        20345.030259971772,
        20962.927139457588,
        21260.39789991185,
        21381.179382133145
    ],
    "z_normalized": [
        0.0,
        0.0076,
        0.0156,
        0.0236,
        0.0316,
        0.039599999999999996,
        0.0476,
        0.0556,
        0.0636,
        0.0716,
        0.0796
    ]
}