{
    "thrust": 0.08306890114064074,
    "discharge_current": 33.66105394442962,
    "ion_velocity": [
        -2283.2145458411305,
        2313.0650529731206,
        6467.155338355312,
        13612.008793754467,
        16510.000680017503,
        18537.40323041442,
        20010.68383586192,
        20970.36658840686,
        21513.023895046394,
        21782.45805473407,
        21913.178204625805
    ],
    "z_normalized": [
        0.0,
        0.0076,
        0.0156,
        0.0236,
        0.0316,
        0.039599999999999996,
        0.0476,
        0.0556,
        0.0636,
        0.0716,
        0.0796
    ]
}