{
    "thrust": 0.09972421525628575,
    "discharge_current": 7.730307497328205,
    "ion_velocity": [
        -1236.3047255583167,
        -264.3814998971746,
        2168.8633754401103,
        12087.068314608236,
        15497.405700671674,
        17642.0373020963,
        19248.998089529374,
        20295.662226560198,
        20871.05278668356,
        21133.659930721788,
        21215.9328773391
    ],
    "z_normalized": [
        0.0,
        0.0076,
        0.0156,
        0.0236,
        0.0316,
        0.039599999999999996,
        0.0476,
        0.0556,
        0.0636,
        0.0716,
        0.0796
    ]
}