{
    "thrust": 0.0958945902277041,
    "discharge_current": 12.307846592011886,
    "ion_velocity": [
        -1248.6828217165476,
        -250.99145844008663,
        2110.3170398758393,
        6794.1221732234335,
        11601.130305567967,
        15399.32833898459,
        18023.23711670136,
        19710.986419322508,
        20668.350820896405,
        21125.36932300771,
        21300.004029958265
    ],
    "z_normalized": [
        0.0,
        0.0076,
        0.0156,
        0.0236,
        0.0316,
        0.039599999999999996,
        0.0476,
        0.0556,
        0.0636,
        0.0716,
        0.0796
    ]
}