{
    "thrust": 0.08125975060238495,
    "discharge_current": 45.1353515646826,
    "ion_velocity": [
        -2452.5827930074893,
        2120.933751688514,
        4763.365757705318,
        9111.14707383344,
        13074.421163347874,
        16417.2850614829,
        18909.746912432318,
        20471.73355035263,
        21337.624098122094,
        21766.117573296076,
        21983.26241155121
    ],
    "z_normalized": [
        0.0,
        0.0076,
        0.0156,
        0.0236,
        0.0316,
        0.039599999999999996,
        0.0476,
        0.0556,
        0.0636,
        0.0716,
        0.0796
    ]
}