{
    "thrust": 0.09605970821707518,
    "discharge_current": 14.02671624442489,
    "ion_velocity": [
        -1361.9994140273889,
        -190.01095123466854,
        989.9360056963584,
        2583.806031706655,
        8313.552469307284,
        13613.286260212952,
        17166.006374226614,
        19363.453124156786,
        20562.230168043287,
        21121.129094760337,
        21374.194310218696
    ],
    "z_normalized": [
        0.0,
        0.0076,
        0.0156,
        0.0236,
        0.0316,
        0.039599999999999996,
        0.0476,
        0.0556,
        0.0636,
        0.0716,
        0.0796
    ]
}