{
    "thrust": 0.060680144832005775,
    "discharge_current": 3.944347842966336,
    "ion_velocity": [
        -1239.803230310999,
        1177.3803028766617,
        4747.516906800648,
        10275.370814290372,
        12724.36541887775,
        13745.252931617275,
        13976.611798274307,
        14838.746648033275,
        15528.250918850235,
        15947.717777838305,
        16041.48738710166
    ],
    "z_normalized": [
        0.0,
        0.0076,
        0.0156,
        0.0236,
        0.0316,
        0.039599999999999996,
        0.0476,
        0.0556,
        0.0636,
        0.0716,
        0.0796
    ]
}