{
    "thrust": 0.09725021687211184,
    "discharge_current": 9.523027793685412,
    "ion_velocity": [
        -1236.5509895387347,
        -252.9061211512944,
        2856.678922845956,
        11245.016072262148,
        14847.328516949054,
        17248.130115759377,
        19027.699634765715,
        20198.550876039186,
        20850.33626790715,
        21156.653009013127,
        21265.475387893803
    ],
    "z_normalized": [
        0.0,
        0.0076,
        0.0156,
        0.0236,
        0.0316,
        0.039599999999999996,
        0.0476,
        0.0556,
        0.0636,
        0.0716,
        0.0796
    ]
}