{
    "thrust": 0.09563881913747471,
    "discharge_current": 10.854032511137751,
    "ion_velocity": [
        -1236.5581418110496,
        -264.6977665482185,
        3975.034517081415,
        12954.557639690502,
        15976.797904726722,
        17914.842820462407,
        19391.380298579876,
        20369.285599002927,
        20915.18725888724,
        21175.33798161574,
        21275.27700392855
    ],
    "z_normalized": [
        0.0,
        0.0076,
        0.0156,
        0.0236,
        0.0316,
        0.039599999999999996,
        0.0476,
        0.0556,
        0.0636,
        0.0716,
        0.0796
    ]
}