{
    "thrust": 0.08221852862059079,
    "discharge_current": 44.31398892419743,
    "ion_velocity": [
        -2394.874427857213,
        2019.7354184432847,
        4486.335884157665,
        8600.7007245311,
        12415.526938925124,
        16005.376242082411,
        18676.33504473829,
        20342.827835662876,
        21260.590391671136,
        21711.25502045862,
        21940.141069819314
    ],
    "z_normalized": [
        0.0,
        0.0076,
        0.0156,
        0.0236,
        0.0316,
        0.039599999999999996,
        0.0476,
        0.0556,
        0.0636,
        0.0716,
        0.0796
    ]
}