{
    "thrust": 0.09842949933716676,
    "discharge_current": 8.27599158348608,
    "ion_velocity": [
        -1236.5180316640303,
        -260.44503677562216,
        2973.4204568485447,
        13616.069883652592,
        16502.200905926326,
        18249.87683950723,
        19581.9425975398,
        20452.429291223863,
        20932.360788846127,
        21154.504877831616,
        21229.613297911492
    ],
    "z_normalized": [
        0.0,
        0.0076,
        0.0156,
        0.0236,
        0.0316,
        0.039599999999999996,
        0.0476,
        0.0556,
        0.0636,
        0.0716,
        0.0796
    ]
}