{
    "thrust": 0.05871813219556878,
    "discharge_current": 3.6037120232121636,
    "ion_velocity": [
        -1218.017553609552,
        1200.3908550101319,
        4074.4612549530634,
        8315.345281993079,
        11239.018115083893,
        11947.94548519271,
        10914.277006614404,
        11574.789586591149,
        12676.86316553934,
        13115.030409418263,
        13098.932978552122
    ],
    "z_normalized": [
        0.0,
        0.0076,
        0.0156,
        0.0236,
        0.0316,
        0.039599999999999996,
        0.0476,
        0.0556,
        0.0636,
        0.0716,
        0.0796
    ]
}