{
    "thrust": 0.0892966415725252,
    "discharge_current": 26.23426132147771,
    "ion_velocity": [
        -1917.9368482498528,
        1031.8184811639658,
        2116.014241910207,
        3672.3789223573394,
        9063.420881824944,
        13962.045152322124,
        17503.71420385013,
        19659.611164086902,
        20841.133805078676,
        21408.910686671148,
        21682.771534495034
    ],
    "z_normalized": [
        0.0,
        0.0076,
        0.0156,
        0.0236,
        0.0316,
        0.039599999999999996,
        0.0476,
        0.0556,
        0.0636,
        0.0716,
        0.0796
    ]
}