{
    "thrust": 0.09461936211821757,
    "discharge_current": 14.20481406218697,
    "ion_velocity": [
        -1477.9647709294518,
        230.85876850012994,
        4552.68735761201,
        11915.218721463138,
        15249.78194207329,
        17522.38095260007,
        19217.208923193408,
        20352.475503166144,
        20992.482018059,
        21301.619231334866,
        21429.720071354383
    ],
    "z_normalized": [
        0.0,
        0.0076,
        0.0156,
        0.0236,
        0.0316,
        0.039599999999999996,
        0.0476,
        0.0556,
        0.0636,
        0.0716,
        0.0796
    ]
}