{
    "thrust": 0.09343428614859411,
    "discharge_current": 19.202605386045136,
    "ion_velocity": [
        -1662.5547847650219,
        489.2495760764461,
        1625.4824224122035,
        2927.830548642359,
        8639.415881852514,
        13820.042696043647,
        17351.58071289834,
        19507.117554619657,
        20706.681646801226,
        21275.97373598082,
        21542.356880906464
    ],
    "z_normalized": [
        0.0,
        0.0076,
        0.0156,
        0.0236,
        0.0316,
        0.039599999999999996,
        0.0476,
        0.0556,
        0.0636,
        0.0716,
        0.0796
    ]
}