{
    "thrust": 0.09122558636197715,
    "discharge_current": 17.968964167223934,
    "ion_velocity": [
        -1713.9959209722683,
        1183.2909547325944,
        6128.888693970154,
        13885.703406974764,
        16736.824840259058,
        18468.90265260037,
        19809.275955380257,
        20710.039699974983,
        21218.441837339604,
        21467.043075824105,
        21576.37091557799
    ],
    "z_normalized": [
        0.0,
        0.0076,
        0.0156,
        0.0236,
        0.0316,
        0.039599999999999996,
        0.0476,
        0.0556,
        0.0636,
        0.0716,
        0.0796
    ]
}