{
    "thrust": 0.08301627775091822,
    "discharge_current": 42.7303544792276,
    "ion_velocity": [
        -2350.359749469039,
        1728.4612597154376,
        3277.776032847518,
        5944.691209014482,
        10369.72212573173,
        14753.466384727748,
        18002.27071532123,
        20018.793652565902,
        21112.315257978877,
        21645.643571261156,
        21916.133449293768
    ],
    "z_normalized": [
        0.0,
        0.0076,
        0.0156,
        0.0236,
        0.0316,
        0.039599999999999996,
        0.0476,
        0.0556,
        0.0636,
        0.0716,
        0.0796
    ]
}