{
    "thrust": 0.0533274987851925,
    "discharge_current": 3.828817128436621,
    "ion_velocity": [
        -1234.0355051497172,
        1203.2886085367486,
        5003.098761961981,
        11033.244950569517,
        13222.884646077913,
        13984.637135834664,
        13634.353237876876,
        14360.297347477202,
        15091.47273522198,
        15477.792042528761,
        15558.75558024234
    ],
    "z_normalized": [
        0.0,
        0.0076,
        0.0156,
        0.0236,
        0.0316,
        0.039599999999999996,
        0.0476,
        0.0556,
        0.0636,
        0.0716,
        0.0796
    ]
}