{
    "thrust": 0.1007654882196712,
    "discharge_current": 8.401149071370028,
    "ion_velocity": [
        -1236.0189387763828,
        -261.5838476374818,
        1175.376749919795,
        6603.14684180697,
        11557.773956553312,
        15369.069032941392,
        18035.423008549962,
        19733.459654031067,
        20677.437131237803,
        21110.748725239817,
        21242.13889060999
    ],
    "z_normalized": [
        0.0,
        0.0076,
        0.0156,
        0.0236,
        0.0316,
        0.039599999999999996,
        0.0476,
        0.0556,
        0.0636,
        0.0716,
        0.0796
    ]
}