{
    "thrust": 0.08919089320857676,
    "discharge_current": 26.713760249588912,
    "ion_velocity": [
        -1946.7682180832485,
        1420.759084192916,
        3804.0756181090856,
        7805.94886863081,
        12085.116542838037,
        15750.559004277116,
        18428.79855827835,
        20092.196193649095,
        21021.40160081097,
        21470.025831648,
        21685.78302066913
    ],
    "z_normalized": [
        0.0,
        0.0076,
        0.0156,
        0.0236,
        0.0316,
        0.039599999999999996,
        0.0476,
        0.0556,
        0.0636,
        0.0716,
        0.0796
    ]
}