{
    "thrust": 0.07962334836099115,
    "discharge_current": 52.06067319733402,
    "ion_velocity": [
        -2574.399719641896,
        2183.4305540172754,
        4548.034184789101,
        8469.84867812523,
        12438.851608359564,
        16045.615095529853,
        18736.038909842966,
        20422.332801154786,
        21348.79684617392,
        21806.083072426973,
        22042.92316414884
    ],
    "z_normalized": [
        0.0,
        0.0076,
        0.0156,
        0.0236,
        0.0316,
        0.039599999999999996,
        0.0476,
        0.0556,
        0.0636,
        0.0716,
        0.0796
    ]
}