{
    "thrust": 0.09486007210898277,
    "discharge_current": 14.842410545386366,
    "ion_velocity": [
        -1470.3586255422326,
        136.0799180610906,
        3272.4884361835593,
        8543.282380094848,
        12881.870926346435,
        16159.76328622202,
        18465.23005764337,
        19978.795475069757,
        20840.40148575407,
        21255.793723512674,
        21426.52534321895
    ],
    "z_normalized": [
        0.0,
        0.0076,
        0.0156,
        0.0236,
        0.0316,
        0.039599999999999996,
        0.0476,
        0.0556,
        0.0636,
        0.0716,
        0.0796
    ]
}