{
    "thrust": 0.08273198534404523,
    "discharge_current": 34.92379183573356,
    "ion_velocity": [
        -2311.7989702998584,
        2337.295235312965,
        6417.662309766496,
        13465.144285593413,
        16385.898563607163,
        18467.141336482266,
        19981.33458060245,
        20963.25358094573,
        21518.274010986635,
        21793.905156200046,
        21928.370649048124
    ],
    "z_normalized": [
        0.0,
        0.0076,
        0.0156,
        0.0236,
        0.0316,
        0.039599999999999996,
        0.0476,
        0.0556,
        0.0636,
        0.0716,
        0.0796
    ]
}