{
    "thrust": 0.08798270104098493,
    "discharge_current": 29.8311009961072,
    "ion_velocity": [
        -2030.58611063642,
        1433.1597643934922,
        3364.1546436939766,
        6591.069047688199,
        11099.827178563137,
        15165.52368225881,
        18150.998393279657,
        19988.38725018665,
        21003.98784394211,
        21495.257520110554,
        21734.64243035059
    ],
    "z_normalized": [
        0.0,
        0.0076,
        0.0156,
        0.0236,
        0.0316,
        0.039599999999999996,
        0.0476,
        0.0556,
        0.0636,
        0.0716,
        0.0796
    ]
}