{
    "thrust": 0.08633337127465653,
    "discharge_current": 33.28489039312533,
    "ion_velocity": [
        -2137.5502802797255,
        1364.2089847558007,
        2551.39476851969,
        4480.608625237387,
        9474.370644686687,
        14206.017543842365,
        17678.260654964808,
        19811.43453951829,
        20968.570894154433,
        21528.531795252802,
        21805.184145661904
    ],
    "z_normalized": [
        0.0,
        0.0076,
        0.0156,
        0.0236,
        0.0316,
        0.039599999999999996,
        0.0476,
        0.0556,
        0.0636,
        0.0716,
        0.0796
    ]
}