{
    "thrust": 0.09260433584033943,
    "discharge_current": 20.067506888839937,
    "ion_velocity": [
        -1696.3771517823318,
        549.0316698090048,
        1536.3210121528552,
        2632.428587240895,
        8458.020540220354,
        13699.089562506084,
        17307.093223738197,
        19497.313924606802,
        20714.196551317433,
        21292.868611420752,
        21564.904966181268
    ],
    "z_normalized": [
        0.0,
        0.0076,
        0.0156,
        0.0236,
        0.0316,
        0.039599999999999996,
        0.0476,
        0.0556,
        0.0636,
        0.0716,
        0.0796
    ]
}