{
    "thrust": 0.08868800780297317,
    "discharge_current": 27.487334653503606,
    "ion_velocity": [
        -1961.6682821401212,
        1107.5536400163833,
        2227.4707778042543,
        3893.9761384208764,
        9187.880668706677,
        14033.928227232365,
        17550.62553718653,
        19695.426790631216,
        20868.68363284228,
        21433.347627844723,
        21707.01621089606
    ],
    "z_normalized": [
        0.0,
        0.0076,
        0.0156,
        0.0236,
        0.0316,
        0.039599999999999996,
        0.0476,
        0.0556,
        0.0636,
        0.0716,
        0.0796
    ]
}