{
    "thrust": 0.08650583081839304,
    "discharge_current": 29.535533493208707,
    "ion_velocity": [
        -2069.2676101388765,
        1732.0544501254374,
        4921.454265358836,
        10134.217796232286,
        13899.416605481385,
        16866.297137951908,
        19050.965918064674,
        20426.15157606274,
        21205.45908168524,
        21588.743037177886,
        21771.027286453904
    ],
    "z_normalized": [
        0.0,
        0.0076,
        0.0156,
        0.0236,
        0.0316,
        0.039599999999999996,
        0.0476,
        0.0556,
        0.0636,
        0.0716,
        0.0796
    ]
}