{
    "thrust": 0.08635226227456116,
    "discharge_current": 33.737541359921565,
    "ion_velocity": [
        -2146.689314714725,
        1439.3582274756936,
        2818.675367781526,
        5107.439229385657,
        9925.006151046111,
        14473.390516805594,
        17818.12243910385,
        19875.60454921739,
        20995.551712296157,
        21538.094774624755,
        21806.402541498945
    ],
    "z_normalized": [
        0.0,
        0.0076,
        0.0156,
        0.0236,
        0.0316,
        0.039599999999999996,
        0.0476,
        0.0556,
        0.0636,
        0.0716,
        0.0796
    ]
}