{
    "thrust": 0.08012267994827317,
    "discharge_current": 48.45196775459295,
    "ion_velocity": [
        -2529.559752650246,
        2272.544877025748,
        5143.5803882122655,
        9947.43659497659,
        13607.779387969047,
        16767.589235739753,
        19118.939518701696,
        20594.25880790288,
        21412.98712685138,
        21818.13089884156,
        22025.826945733308
    ],
    "z_normalized": [
        0.0,
        0.0076,
        0.0156,
        0.0236,
        0.0316,
        0.039599999999999996,
        0.0476,
        0.0556,
        0.0636,
        0.0716,
        0.0796
    ]
}