{
    "thrust": 0.0955602522447487,
    "discharge_current": 11.053619639551268,
    "ion_velocity": [
        -1242.4315592874514,
        -253.37897937272712,
        4100.634271411249,
        13076.999743088541,
        16055.95594427541,
        17963.349652642926,
        19419.511573860444,
        20384.43748085678,
        20923.331312521917,
        21180.510637156458,
        21280.042531753585
    ],
    "z_normalized": [
        0.0,
        0.0076,
        0.0156,
        0.0236,
        0.0316,
        0.039599999999999996,
        0.0476,
        0.0556,
        0.0636,
        0.0716,
        0.0796
    ]
}