{
    "thrust": 0.09150252519581707,
    "discharge_current": 17.611442410859688,
    "ion_velocity": [
        -1698.881236831129,
        1134.2534909669146,
        6140.67583963839,
        13984.615352936064,
        16799.751344174416,
        18503.58693493925,
        19826.307913766912,
        20714.25736801332,
        21215.190446828346,
        21460.02050872589,
        21567.284268667092
    ],
    "z_normalized": [
        0.0,
        0.0076,
        0.0156,
        0.0236,
        0.0316,
        0.039599999999999996,
        0.0476,
        0.0556,
        0.0636,
        0.0716,
        0.0796
    ]
}