{
    "thrust": 0.08813499596181402,
    "discharge_current": 28.618714797315448,
    "ion_velocity": [
        -1996.7928459529767,
        1142.2520451324162,
        2212.5561439560333,
        3814.4108952313322,
        9107.132014804263,
        13984.507770889873,
        17533.73939767149,
        19700.603511247285,
        20881.70392961309,
        21450.76002986332,
        21727.64459436724
    ],
    "z_normalized": [
        0.0,
        0.0076,
        0.0156,
        0.0236,
        0.0316,
        0.039599999999999996,
        0.0476,
        0.0556,
        0.0636,
        0.0716,
        0.0796
    ]
}