{
    "thrust": 0.08185837495528182,
    "discharge_current": 38.28044659811408,
    "ion_velocity": [
        -2381.8502350400177,
        2366.2728152827744,
        6208.496739941263,
        12856.972883948269,
        15883.829286769138,
        18169.328207438728,
        19841.456073805857,
        20912.08254069715,
        21516.2576588615,
        21816.204746344563,
        21964.677218347475
    ],
    "z_normalized": [
        0.0,
        0.0076,
        0.0156,
        0.0236,
        0.0316,
        0.039599999999999996,
        0.0476,
        0.0556,
        0.0636,
        0.0716,
        0.0796
    ]
}