{
    "thrust": 0.08302459186043894,
    "discharge_current": 33.990766504684224,
    "ion_velocity": [
        -2288.363853362617,
        2297.159388167548,
        6377.093375946946,
        13350.50314575316,
        16335.522547294875,
        18430.445428215404,
        19954.19000603094,
        20943.37669333994,
        21502.921108897335,
        21780.694272460994,
        21915.665456985836
    ],
    "z_normalized": [
        0.0,
        0.0076,
        0.0156,
        0.0236,
        0.0316,
        0.039599999999999996,
        0.0476,
        0.0556,
        0.0636,
        0.0716,
        0.0796
    ]
}