{
    "thrust": 0.08620081936883918,
    "discharge_current": 33.58498720556699,
    "ion_velocity": [
        -2147.6597812557543,
        1378.4004385467706,
        2570.6536832314578,
        4516.452907595894,
        9496.457678234594,
        14220.522749274543,
        17688.10146723468,
        19819.193495330335,
        20975.041644170138,
        21534.521538159894,
        21811.212710531996
    ],
    "z_normalized": [
        0.0,
        0.0076,
        0.0156,
        0.0236,
        0.0316,
        0.039599999999999996,
        0.0476,
        0.0556,
        0.0636,
        0.0716,
        0.0796
    ]
}