{
    "thrust": 0.09319558444756279,
    "discharge_current": 19.196602566354755,
    "ion_velocity": [
        -1660.4626097298333,
        441.58232455152756,
        1424.705516210669,
        2467.2081924448985,
        8337.425610806937,
        13656.38110759167,
        17271.975853848566,
        19471.315962598605,
        20694.330794365902,
        21274.66613647399,
        21546.303403668753
    ],
    "z_normalized": [
        0.0,
        0.0076,
        0.0156,
        0.0236,
        0.0316,
        0.039599999999999996,
        0.0476,
        0.0556,
        0.0636,
        0.0716,
        0.0796
    ]
}