{
    "thrust": 0.08150206739255136,
    "discharge_current": 42.49797836834624,
    "ion_velocity": [
        -2424.8086949521717,
        2260.6984139095584,
        5536.725386279829,
        11060.110841364502,
        14406.76978066593,
        17252.510812682645,
        19358.17960377727,
        20682.2837945622,
        21423.305845601943,
        21789.528711666444,
        21974.020233637104
    ],
    "z_normalized": [
        0.0,
        0.0076,
        0.0156,
        0.0236,
        0.0316,
        0.039599999999999996,
        0.0476,
        0.0556,
        0.0636,
        0.0716,
        0.0796
    ]
}