{
    "thrust": [
        0.19822028127754127
    ],
    "time": [
        0.001
    ],
    "discharge_current": [
        17.176630861812516
    ],
    "z_normalized": [
        0.0,
        0.18999999999999997,
        0.38999999999999996,
        0.59,
        0.7899999999999999,
        0.99,
        1.19,
        1.3900000000000001,
        1.5899999999999999,
        1.7899999999999998,
        1.99
    ],
    "ion_velocity": [
        [
            -1460.4293109690607,
            -24.288960346838003,
            750.9709959609515,
            2590.3927640927996,
            5132.649905292588,
            8250.77909830827,
            11793.93799950829,
            14798.533790826048,
            17264.58562204518,
            19302.843027650324,
            21406.777723660663
        ]
    ]
}