{
    "thrust": [
        0.20584612252710702
    ],
    "time": [
        0.001
    ],
    "discharge_current": [
        15.562060827965881
    ],
    "z_normalized": [
        0.0,
        0.18999999999999997,
        0.38999999999999996,
        0.59,
        0.7899999999999999,
        0.99,
        1.19,
        1.3900000000000001,
        1.5899999999999999,
        1.7899999999999998,
        1.99
    ],
    "ion_velocity": [
        [
            -1411.0106711382643,
            -5.812158136355876,
            532.9411430506669,
            2206.723178051354,
            4811.3668302175865,
            7968.013545123429,
            11549.76629856171,
            14611.135645988588,
            17132.147577565556,
            19212.227303599735,
            21340.410953650913
        ]
    ]
}