{
    "thrust": [
        0.18337660645647536
    ],
    "time": [
        0.001
    ],
    "discharge_current": [
        35.37256683022127
    ],
    "z_normalized": [
        0.0,
        0.18999999999999997,
        0.38999999999999996,
        0.59,
        0.7899999999999999,
        0.99,
        1.19,
        1.3900000000000001,
        1.5899999999999999,
        1.7899999999999998,
        1.99
    ],
    "ion_velocity": [
        [
            -1601.9737004210883,
            585.5492461812837,
            1698.0092652379797,
            3163.6686755622113,
            5383.972471853192,
            8234.971089149087,
            11688.758460108185,
            14660.391598205697,
            17210.362801300987,
            19327.181471288146,
            21490.652805816087
        ]
    ]
}