{
    "thrust": [
        0.1957482833116769
    ],
    "time": [
        0.001
    ],
    "discharge_current": [
        17.983970173609595
    ],
    "z_normalized": [
        0.0,
        0.18999999999999997,
        0.38999999999999996,
        0.59,
        0.7899999999999999,
        0.99,
        1.19,
        1.3900000000000001,
        1.5899999999999999,
        1.7899999999999998,
        1.99
    ],
    "ion_velocity": [
        [
            -1486.0144102208662,
            -35.03818357761793,
            711.3903212958503,
            2405.5001610819972,
            4693.315844342367,
            7611.062035618514,
            11280.587767621575,
            14478.030024730566,
            17083.805933907763,
            19217.45391242585,
            21427.26000213124
        ]
    ]
}