{
    "thrust": [
        0.18660974425239024
    ],
    "time": [
        0.001
    ],
    "discharge_current": [
        22.30078067142284
    ],
    "z_normalized": [
        0.0,
        0.18999999999999997,
        0.38999999999999996,
        0.59,
        0.7899999999999999,
        0.99,
        1.19,
        1.3900000000000001,
        1.5899999999999999,
        1.7899999999999998,
        1.99
    ],
    "ion_velocity": [
        [
            -1370.1516278144454,
            -53.15082750396798,
            995.3249750176453,
            2630.700059997783,
            4826.324582356028,
            7681.874653614569,
            11358.353442629954,
            14523.474358125066,
            17085.62403044982,
            19183.720206650298,
            21386.718089555427
        ]
    ]
}