{
    "thrust": [
        0.20476674395374247
    ],
    "time": [
        0.001
    ],
    "discharge_current": [
        15.776507160221339
    ],
    "z_normalized": [
        0.0,
        0.18999999999999997,
        0.38999999999999996,
        0.59,
        0.7899999999999999,
        0.99,
        1.19,
        1.3900000000000001,
        1.5899999999999999,
        1.7899999999999998,
        1.99
    ],
    "ion_velocity": [
        [
            -1403.8505461534476,
            -11.341795908694376,
            557.7066436468297,
            2267.591029795943,
            4854.760282591192,
            7997.681504541537,
            11574.35337161563,
            14630.722794686328,
            17145.91900975068,
            19221.337053908162,
            21347.336240813816
        ]
    ]
}