{
    "thrust": [
        0.19872413903571132
    ],
    "time": [
        0.001
    ],
    "discharge_current": [
        17.132814286558727
    ],
    "z_normalized": [
        0.0,
        0.18999999999999997,
        0.38999999999999996,
        0.59,
        0.7899999999999999,
        0.99,
        1.19,
        1.3900000000000001,
        1.5899999999999999,
        1.7899999999999998,
        1.99
    ],
    "ion_velocity": [
        [
            -1452.1936639446224,
            -23.628449539646788,
            726.7052152816542,
            2538.6897165591326,
            5046.944104150579,
            8136.94504399453,
            11699.091085942495,
            14735.262119086061,
            17225.467086742407,
            19280.74130664711,
            21401.592235275828
        ]
    ]
}