{
    "thrust": [
        0.2069174231256062
    ],
    "time": [
        0.001
    ],
    "discharge_current": [
        15.237860472901977
    ],
    "z_normalized": [
        0.0,
        0.18999999999999997,
        0.38999999999999996,
        0.59,
        0.7899999999999999,
        0.99,
        1.19,
        1.3900000000000001,
        1.5899999999999999,
        1.7899999999999998,
        1.99
    ],
    "ion_velocity": [
        [
            -1437.4756956969024,
            5.74418646785603,
            498.54115933529636,
            2097.2754106595444,
            4715.231730477125,
            7884.948844054447,
            11481.551142984514,
            14560.729990591799,
            17098.04641136834,
            19190.33428757685,
            21327.245525154358
        ]
    ]
}