{
    "thrust": [
        0.19958588834491459
    ],
    "time": [
        0.001
    ],
    "discharge_current": [
        17.029412389252872
    ],
    "z_normalized": [
        0.0,
        0.18999999999999997,
        0.38999999999999996,
        0.59,
        0.7899999999999999,
        0.99,
        1.19,
        1.3900000000000001,
        1.5899999999999999,
        1.7899999999999998,
        1.99
    ],
    "ion_velocity": [
        [
            -1430.7030743266632,
            -22.791851145209492,
            694.0338685646587,
            2469.4663746108117,
            4936.495985953298,
            7992.124383738418,
            11578.447995645585,
            14654.812481754303,
            17175.899185541006,
            19252.909200327027,
            21394.867658953834
        ]
    ]
}