{
    "thrust": [
        0.19773126140406413
    ],
    "time": [
        0.001
    ],
    "discharge_current": [
        17.37938755691302
    ],
    "z_normalized": [
        0.0,
        0.18999999999999997,
        0.38999999999999996,
        0.59,
        0.7899999999999999,
        0.99,
        1.19,
        1.3900000000000001,
        1.5899999999999999,
        1.7899999999999998,
        1.99
    ],
    "ion_velocity": [
        [
            -1471.1919153360368,
            -27.51477737197488,
            726.5754933461766,
            2509.9914118903407,
            4960.386847079895,
            8005.710371219476,
            11594.876173223882,
            14672.324389161098,
            17192.064149981325,
            19267.425510365876,
            21411.52289112184
        ]
    ]
}