{
    "thrust": [
        0.20292761412951701
    ],
    "time": [
        0.001
    ],
    "discharge_current": [
        16.268691778955205
    ],
    "z_normalized": [
        0.0,
        0.18999999999999997,
        0.38999999999999996,
        0.59,
        0.7899999999999999,
        0.99,
        1.19,
        1.3900000000000001,
        1.5899999999999999,
        1.7899999999999998,
        1.99
    ],
    "ion_velocity": [
        [
            -1403.7469509287043,
            -13.330238921307691,
            620.3696292616887,
            2388.1761111037235,
            4947.593340814248,
            8070.72574112093,
            11634.855638489444,
            14675.885033482724,
            17175.83774724435,
            19239.725842350723,
            21359.389284768185
        ]
    ]
}