{
    "thrust": [
        0.18013532617899664
    ],
    "time": [
        0.001
    ],
    "discharge_current": [
        38.08543003618024
    ],
    "z_normalized": [
        0.0,
        0.18999999999999997,
        0.38999999999999996,
        0.59,
        0.7899999999999999,
        0.99,
        1.19,
        1.3900000000000001,
        1.5899999999999999,
        1.7899999999999998,
        1.99
    ],
    "ion_velocity": [
        [
            -1663.4784579997865,
            752.8034690336035,
            1812.1468694730902,
            3326.835121457048,
            5635.651678506801,
            8531.714884569177,
            11878.893892175305,
            14793.416418879293,
            17306.226527095627,
            19397.909764508495,
            21525.066088403364
        ]
    ]
}