{
    "thrust": [
        0.19705951478783115
    ],
    "time": [
        0.001
    ],
    "discharge_current": [
        17.508781967881966
    ],
    "z_normalized": [
        0.0,
        0.18999999999999997,
        0.38999999999999996,
        0.59,
        0.7899999999999999,
        0.99,
        1.19,
        1.3900000000000001,
        1.5899999999999999,
        1.7899999999999998,
        1.99
    ],
    "ion_velocity": [
        [
            -1479.0821068555392,
            -29.364328814735387,
            739.8833291116939,
            2527.0167970776884,
            4973.902508587937,
            8017.509115331043,
            11606.355933847995,
            14681.94340217778,
            17199.54608788359,
            19273.208038435063,
            21416.98960574293
        ]
    ]
}