{
    "thrust": [
        0.20598479798183372
    ],
    "time": [
        0.001
    ],
    "discharge_current": [
        15.493876845223035
    ],
    "z_normalized": [
        0.0,
        0.18999999999999997,
        0.38999999999999996,
        0.59,
        0.7899999999999999,
        0.99,
        1.19,
        1.3900000000000001,
        1.5899999999999999,
        1.7899999999999998,
        1.99
    ],
    "ion_velocity": [
        [
            -1423.4385379880614,
            -5.379482778452393,
            523.6033279914348,
            2179.2353703265926,
            4781.171893739753,
            7935.94279031175,
            11523.669915793176,
            14593.498135462876,
            17121.279809169424,
            19206.131977847763,
            21338.406124425765
        ]
    ]
}