{
    "thrust": [
        0.1947523860652695
    ],
    "time": [
        0.001
    ],
    "discharge_current": [
        19.076567832205466
    ],
    "z_normalized": [
        0.0,
        0.18999999999999997,
        0.38999999999999996,
        0.59,
        0.7899999999999999,
        0.99,
        1.19,
        1.3900000000000001,
        1.5899999999999999,
        1.7899999999999998,
        1.99
    ],
    "ion_velocity": [
        [
            -1372.2595677762095,
            -32.04755554259155,
            714.5863162045879,
            2271.44669635113,
            4321.8905608602145,
            7049.78773943355,
            10826.129083604923,
            14177.998620111977,
            16891.130784824327,
            19096.599845147386,
            21387.424039419024
        ]
    ]
}