{
    "thrust": [
        0.20680841754557405
    ],
    "time": [
        0.001
    ],
    "discharge_current": [
        15.332031298234217
    ],
    "z_normalized": [
        0.0,
        0.18999999999999997,
        0.38999999999999996,
        0.59,
        0.7899999999999999,
        0.99,
        1.19,
        1.3900000000000001,
        1.5899999999999999,
        1.7899999999999998,
        1.99
    ],
    "ion_velocity": [
        [
            -1424.2811481722135,
            1.8693492966738108,
            508.6839061952229,
            2131.744202083155,
            4747.5357679506915,
            7914.315929141893,
            11505.828370192145,
            14578.663702181282,
            17110.19137318325,
            19198.074885798425,
            21331.50427927148
        ]
    ]
}