{
    "thrust": [
        0.19757199847226511
    ],
    "time": [
        0.001
    ],
    "discharge_current": [
        17.381947123556852
    ],
    "z_normalized": [
        0.0,
        0.18999999999999997,
        0.38999999999999996,
        0.59,
        0.7899999999999999,
        0.99,
        1.19,
        1.3900000000000001,
        1.5899999999999999,
        1.7899999999999998,
        1.99
    ],
    "ion_velocity": [
        [
            -1476.3361599260463,
            -27.445957403442797,
            736.8022267775702,
            2533.750493916967,
            5002.877780277479,
            8063.441919587378,
            11642.329236599602,
            14703.244935408058,
            17210.590869076357,
            19277.35417837447,
            21412.642551774356
        ]
    ]
}