{
    "thrust": [
        0.18748386019973903
    ],
    "time": [
        0.001
    ],
    "discharge_current": [
        21.266847742536726
    ],
    "z_normalized": [
        0.0,
        0.18999999999999997,
        0.38999999999999996,
        0.59,
        0.7899999999999999,
        0.99,
        1.19,
        1.3900000000000001,
        1.5899999999999999,
        1.7899999999999998,
        1.99
    ],
    "ion_velocity": [
        [
            -1359.2197545899708,
            -51.54666428146243,
            965.9653282751592,
            2655.327325168782,
            4921.963323356063,
            7832.319875658561,
            11474.958911900127,
            14598.724683509923,
            17133.91239851433,
            19214.69898294752,
            21394.610309943808
        ]
    ]
}