{
    "thrust": 0.09003176508390341,
    "discharge_current": 22.367364958341028,
    "ion_velocity": [
        -1817.1934818256361,
        1223.9437965622656,
        4319.345443049433,
        9482.319918878644,
        13389.69628453977,
        16506.176607232926,
        18774.70369645135,
        20217.837833874324,
        21041.914694040875,
        21444.45847659601,
        21626.88228392049
    ],
    "z_normalized": [
        0.0,
        0.0076,
        0.0156,
        0.0236,
        0.0316,
        0.039599999999999996,
        0.0476,
        0.0556,
        0.0636,
        0.0716,
        0.0796
    ]
}