{
    "thrust": 0.08999310556978558,
    "discharge_current": 22.453166758119842,
    "ion_velocity": [
        -1819.9256643829629,
        1228.8081726750731,
        4315.068908285124,
        9462.943105685878,
        13373.609474949599,
        16496.96707612278,
        18771.26070056035,
        20216.8346540564,
        21042.27913298647,
        21445.517239116743,
        21628.372178631682
    ],
    "z_normalized": [
        0.0,
        0.0076,
        0.0156,
        0.0236,
        0.0316,
        0.039599999999999996,
        0.0476,
        0.0556,
        0.0636,
        0.0716,
        0.0796
    ]
}