{
    "thrust": 0.07811518294889326,
    "discharge_current": 56.913193257546205,
    "ion_velocity": [
        -2680.9830982728113,
        2265.9615511766697,
        4534.007482284501,
        8277.987083015934,
        12391.133991065595,
        16027.612216186704,
        18746.223931374498,
        20455.904207388976,
        21394.690542035845,
        21859.91716215367,
        22103.336396607097
    ],
    "z_normalized": [
        0.0,
        0.0076,
        0.0156,
        0.0236,
        0.0316,
        0.039599999999999996,
        0.0476,
        0.0556,
        0.0636,
        0.0716,
        0.0796
    ]
}