{
    "thrust": 0.07809246864427291,
    "discharge_current": 57.5374291524574,
    "ion_velocity": [
        -2686.3645855852083,
        2246.554951268778,
        4412.871034767954,
        7997.601099903065,
        12141.64404717033,
        15876.319105973447,
        18666.332786396448,
        20419.377734910773,
        21379.91964641585,
        21855.011991518786,
        22104.114333218473
    ],
    "z_normalized": [
        0.0,
        0.0076,
        0.0156,
        0.0236,
        0.0316,
        0.039599999999999996,
        0.0476,
        0.0556,
        0.0636,
        0.0716,
        0.0796
    ]
}