{
    "thrust": 0.07796501336814585,
    "discharge_current": 57.82079937473642,
    "ion_velocity": [
        -2694.3534114987897,
        2262.6090784719086,
        4460.49603960405,
        8098.539034129888,
        12230.385574527336,
        15932.079432054199,
        18698.00782791628,
        20436.587879703857,
        21389.83562125955,
        21861.628886977378,
        22109.12825505915
    ],
    "z_normalized": [
        0.0,
        0.0076,
        0.0156,
        0.0236,
        0.0316,
        0.039599999999999996,
        0.0476,
        0.0556,
        0.0636,
        0.0716,
        0.0796
    ]
}