{
    "thrust": 0.0956430864533726,
    "discharge_current": 11.965568690214166,
    "ion_velocity": [
        -1274.389410126735,
        -229.21456426781654,
        3078.013616056555,
        9671.45061868491,
        13699.363312629222,
        16582.8927806034,
        18657.56367306505,
        20026.877559806104,
        20798.303928694822,
        21166.770385889988,
        21309.467684307874
    ],
    "z_normalized": [
        0.0,
        0.0076,
        0.0156,
        0.0236,
        0.0316,
        0.039599999999999996,
        0.0476,
        0.0556,
        0.0636,
        0.0716,
        0.0796
    ]
}