{
    "thrust": 0.08998242538370241,
    "discharge_current": 22.49190752952,
    "ion_velocity": [
        -1820.8463854916267,
        1229.3810757601257,
        4306.414152537371,
        9439.613199422129,
        13354.633728507837,
        16485.49835645068,
        18765.714871944598,
        20214.332393443357,
        21041.46561397883,
        21445.534778654648,
        21628.81805413362
    ],
    "z_normalized": [
        0.0,
        0.0076,
        0.0156,
        0.0236,
        0.0316,
        0.039599999999999996,
        0.0476,
        0.0556,
        0.0636,
        0.0716,
        0.0796
    ]
}