{
    "thrust": 0.08993876918718664,
    "discharge_current": 22.52407527928686,
    "ion_velocity": [
        -1823.251192874918,
        1238.3620685439707,
        4335.102498983581,
        9497.985297030547,
        13401.048028940775,
        16514.346222033742,
        18781.477535453305,
        20222.849902608985,
        21045.83465561534,
        21447.916212563083,
        21630.371934915078
    ],
    "z_normalized": [
        0.0,
        0.0076,
        0.0156,
        0.0236,
        0.0316,
        0.039599999999999996,
        0.0476,
        0.0556,
        0.0636,
        0.0716,
        0.0796
    ]
}