{
    "thrust": [
        0.20477061802201182
    ],
    "time": [
        0.001
    ],
    "discharge_current": [
        15.781083366489327
    ],
    "z_normalized": [
        0.0,
        0.18999999999999997,
        0.38999999999999996,
        0.59,
        0.7899999999999999,
        0.99,
        1.19,
        1.3900000000000001,
        1.5899999999999999,
        1.7899999999999998,
        1.99
    ],
    "ion_velocity": [
        [
            -1391.3001037566698,
            -11.344282424118932,
            563.3589847029234,
            2283.7588819549655,
            4878.490760508579,
            8027.8554283928615,
            11599.539523935353,
            14647.598993837262,
            17156.336586631398,
            19227.13133428794,
            21348.545804351124
        ]
    ]
}