{
    "thrust": [
        0.19345352961715806
    ],
    "time": [
        0.001
    ],
    "discharge_current": [
        18.623191821686927
    ],
    "z_normalized": [
        0.0,
        0.18999999999999997,
        0.38999999999999996,
        0.59,
        0.7899999999999999,
        0.99,
        1.19,
        1.3900000000000001,
        1.5899999999999999,
        1.7899999999999998,
        1.99
    ],
    "ion_velocity": [
        [
            -1400.5020778279718,
            -25.129326443602377,
            925.5250942400446,
            2766.3656880083104,
            5273.515969197803,
            8366.87773443723,
            11887.963225431376,
            14856.490015251962,
            17287.797538129893,
            19300.597394903474,
            21390.75663340523
        ]
    ]
}