{
    "thrust": [
        0.19190825365327654
    ],
    "time": [
        0.001
    ],
    "discharge_current": [
        19.05018727681487
    ],
    "z_normalized": [
        0.0,
        0.18999999999999997,
        0.38999999999999996,
        0.59,
        0.7899999999999999,
        0.99,
        1.19,
        1.3900000000000001,
        1.5899999999999999,
        1.7899999999999998,
        1.99
    ],
    "ion_velocity": [
        [
            -1405.5650853301913,
            -30.605660223093786,
            957.5663666206469,
            2796.601673924287,
            5300.179072443714,
            8391.80368051071,
            11911.926814513086,
            14874.796997890926,
            17299.9716539632,
            19308.03333003429,
            21396.816419929757
        ]
    ]
}