{
    "thrust": [
        0.2048119759863538
    ],
    "time": [
        0.001
    ],
    "discharge_current": [
        15.757431997429888
    ],
    "z_normalized": [
        0.0,
        0.18999999999999997,
        0.38999999999999996,
        0.59,
        0.7899999999999999,
        0.99,
        1.19,
        1.3900000000000001,
        1.5899999999999999,
        1.7899999999999998,
        1.99
    ],
    "ion_velocity": [
        [
            -1409.0245285772585,
            -10.842330574820314,
            559.5343235990763,
            2274.8207650039517,
            4871.287646757005,
            8021.774460419691,
            11594.322907365366,
            14643.51970664372,
            17153.375582464385,
            19225.04720115868,
            21347.051182854775
        ]
    ]
}