{
    "thrust": [
        0.1843437152439606
    ],
    "time": [
        0.001
    ],
    "discharge_current": [
        34.16913289694998
    ],
    "z_normalized": [
        0.0,
        0.18999999999999997,
        0.38999999999999996,
        0.59,
        0.7899999999999999,
        0.99,
        1.19,
        1.3900000000000001,
        1.5899999999999999,
        1.7899999999999998,
        1.99
    ],
    "ion_velocity": [
        [
            -1583.568753361371,
            569.4976440833864,
            1776.4854263840712,
            3386.6675101856927,
            5831.463619309059,
            8850.147001609419,
            12190.21945717218,
            15004.605176868154,
            17416.28366755425,
            19417.951801351395,
            21483.067241123328
        ]
    ]
}