{
    "thrust": [
        0.2050066677083088
    ],
    "time": [
        0.001
    ],
    "discharge_current": [
        15.72169453462089
    ],
    "z_normalized": [
        0.0,
        0.18999999999999997,
        0.38999999999999996,
        0.59,
        0.7899999999999999,
        0.99,
        1.19,
        1.3900000000000001,
        1.5899999999999999,
        1.7899999999999998,
        1.99
    ],
    "ion_velocity": [
        [
            -1390.1169094623667,
            -10.490527674989801,
            555.6617933848407,
            2265.402399307338,
            4863.38468071997,
            8015.012432814551,
            11588.72979851697,
            14639.3968289375,
            17150.62373837509,
            19223.308274983938,
            21345.952020358982
        ]
    ]
}