{
    "thrust": [
        0.2063898003852102
    ],
    "time": [
        0.001
    ],
    "discharge_current": [
        15.408869618236519
    ],
    "z_normalized": [
        0.0,
        0.18999999999999997,
        0.38999999999999996,
        0.59,
        0.7899999999999999,
        0.99,
        1.19,
        1.3900000000000001,
        1.5899999999999999,
        1.7899999999999998,
        1.99
    ],
    "ion_velocity": [
        [
            -1406.3332055379465,
            -1.3891193401706767,
            518.7481706475271,
            2165.087452771927,
            4778.9888290021145,
            7943.690826707362,
            11529.977262216753,
            14595.994002942925,
            17121.632877442375,
            19205.20523045587,
            21335.29633787033
        ]
    ]
}