{
    "thrust": [
        0.20236983435955117
    ],
    "time": [
        0.001
    ],
    "discharge_current": [
        16.390064971239994
    ],
    "z_normalized": [
        0.0,
        0.18999999999999997,
        0.38999999999999996,
        0.59,
        0.7899999999999999,
        0.99,
        1.19,
        1.3900000000000001,
        1.5899999999999999,
        1.7899999999999998,
        1.99
    ],
    "ion_velocity": [
        [
            -1419.6476442950122,
            -14.255988324476009,
            643.0992431563159,
            2432.635963609984,
            5000.259515689478,
            8131.314689551235,
            11685.61490030801,
            14710.89111156117,
            17198.097985231223,
            19252.794401680916,
            21364.248840014996
        ]
    ]
}