{
    "thrust": [
        0.20178741472494724
    ],
    "time": [
        0.001
    ],
    "discharge_current": [
        16.591080121548533
    ],
    "z_normalized": [
        0.0,
        0.18999999999999997,
        0.38999999999999996,
        0.59,
        0.7899999999999999,
        0.99,
        1.19,
        1.3900000000000001,
        1.5899999999999999,
        1.7899999999999998,
        1.99
    ],
    "ion_velocity": [
        [
            -1430.4337951609814,
            -16.02785420485091,
            667.9740200772379,
            2472.219929665607,
            5033.0385935339955,
            8160.175540203901,
            11710.801998766223,
            14730.492342390879,
            17212.260246963207,
            19262.831324218932,
            21372.131236810637
        ]
    ]
}