{
    "thrust": [
        0.19867988947215182
    ],
    "time": [
        0.001
    ],
    "discharge_current": [
        17.09886220941465
    ],
    "z_normalized": [
        0.0,
        0.18999999999999997,
        0.38999999999999996,
        0.59,
        0.7899999999999999,
        0.99,
        1.19,
        1.3900000000000001,
        1.5899999999999999,
        1.7899999999999998,
        1.99
    ],
    "ion_velocity": [
        [
            -1452.3021312139153,
            -22.964758891380473,
            742.1050379177636,
            2579.275316894181,
            5124.485171363788,
            8244.196341129475,
            11787.182627836435,
            14792.280915475463,
            17259.252143949157,
            19298.332942532965,
            21402.226531301814
        ]
    ]
}