{
    "thrust": [
        0.19035598897417555
    ],
    "time": [
        0.001
    ],
    "discharge_current": [
        19.631697086453965
    ],
    "z_normalized": [
        0.0,
        0.18999999999999997,
        0.38999999999999996,
        0.59,
        0.7899999999999999,
        0.99,
        1.19,
        1.3900000000000001,
        1.5899999999999999,
        1.7899999999999998,
        1.99
    ],
    "ion_velocity": [
        [
            -1398.7694590232234,
            -36.3308808381214,
            997.6394251553729,
            2829.8201683533007,
            5326.975615533917,
            8413.45849169249,
            11930.057124671242,
            14884.276115095578,
            17300.74540570697,
            19302.48211311824,
            21388.808445712188
        ]
    ]
}