{
    "thrust": [
        0.14971039909347256
    ],
    "time": [
        0.001
    ],
    "discharge_current": [
        95.55840820754358
    ],
    "z_normalized": [
        0.0,
        0.18999999999999997,
        0.38999999999999996,
        0.59,
        0.7899999999999999,
        0.99,
        1.19,
        1.3900000000000001,
        1.5899999999999999,
        1.7899999999999998,
        1.99
    ],
    "ion_velocity": [
        [
            -2512.5420654826885,
            1717.0148876898547,
            2488.386089602594,
            3907.3052563549445,
            5939.768142490732,
            8322.98481957174,
            12042.261135572793,
            15058.581226961143,
            17622.86464218592,
            19775.667344890015,
            21988.857940959828
        ]
    ]
}