{
    "thrust": [
        0.19250794599323703
    ],
    "time": [
        0.001
    ],
    "discharge_current": [
        18.92644542682991
    ],
    "z_normalized": [
        0.0,
        0.18999999999999997,
        0.38999999999999996,
        0.59,
        0.7899999999999999,
        0.99,
        1.19,
        1.3900000000000001,
        1.5899999999999999,
        1.7899999999999998,
        1.99
    ],
    "ion_velocity": [
        [
            -1378.2409161832534,
            -29.28851363370541,
            951.9166461853309,
            2791.316823367879,
            5295.5147124041705,
            8387.375251482004,
            11907.49279419012,
            14871.283298137922,
            17297.48658613927,
            19306.363378167756,
            21395.31979367874
        ]
    ]
}