{
    "thrust": [
        0.18448743892720454
    ],
    "time": [
        0.001
    ],
    "discharge_current": [
        33.77911258505013
    ],
    "z_normalized": [
        0.0,
        0.18999999999999997,
        0.38999999999999996,
        0.59,
        0.7899999999999999,
        0.99,
        1.19,
        1.3900000000000001,
        1.5899999999999999,
        1.7899999999999998,
        1.99
    ],
    "ion_velocity": [
        [
            -1572.7025866533918,
            537.828301195878,
            1762.2681911503796,
            3375.271049935058,
            5821.349288460137,
            8843.102016188515,
            12191.336197640376,
            15005.072467183943,
            17414.171571917726,
            19413.01354672079,
            21477.356269038126
        ]
    ]
}