{
    "thrust": [
        0.15621009843755643
    ],
    "time": [
        0.001
    ],
    "discharge_current": [
        81.28745760311067
    ],
    "z_normalized": [
        0.0,
        0.18999999999999997,
        0.38999999999999996,
        0.59,
        0.7899999999999999,
        0.99,
        1.19,
        1.3900000000000001,
        1.5899999999999999,
        1.7899999999999998,
        1.99
    ],
    "ion_velocity": [
        [
            -2339.6798792657305,
            1574.2409213384012,
            2371.1475933559004,
            3828.4374941079373,
            5972.69153261659,
            8396.67397428573,
            12001.762745213806,
            14997.190610887079,
            17555.922118505554,
            19703.965271928882,
            21893.67173544597
        ]
    ]
}