{
    "thrust": [
        0.20699786128947173
    ],
    "time": [
        0.001
    ],
    "discharge_current": [
        15.308146330906451
    ],
    "z_normalized": [
        0.0,
        0.18999999999999997,
        0.38999999999999996,
        0.59,
        0.7899999999999999,
        0.99,
        1.19,
        1.3900000000000001,
        1.5899999999999999,
        1.7899999999999998,
        1.99
    ],
    "ion_velocity": [
        [
            -1394.2727556919988,
            3.7020559982388783,
            507.725215396932,
            2128.9183658624456,
            4747.684975259118,
            7916.929484298177,
            11507.740621970124,
            14579.25614270537,
            17110.097452374106,
            19197.66628452495,
            21330.68380670792
        ]
    ]
}