{
    "thrust": [
        0.1948347576177817
    ],
    "time": [
        0.001
    ],
    "discharge_current": [
        17.865522891847675
    ],
    "z_normalized": [
        0.0,
        0.18999999999999997,
        0.38999999999999996,
        0.59,
        0.7899999999999999,
        0.99,
        1.19,
        1.3900000000000001,
        1.5899999999999999,
        1.7899999999999998,
        1.99
    ],
    "ion_velocity": [
        [
            -1491.417964735053,
            -29.674786269756584,
            835.0108518802481,
            2687.445544435621,
            5216.440093504885,
            8327.880145255636,
            11863.295557598489,
            14851.835143433382,
            17301.92805091948,
            19328.055457824445,
            21426.512517577103
        ]
    ]
}