{
    "thrust": [
        0.19138180291576437
    ],
    "time": [
        0.001
    ],
    "discharge_current": [
        19.239936752344935
    ],
    "z_normalized": [
        0.0,
        0.18999999999999997,
        0.38999999999999996,
        0.59,
        0.7899999999999999,
        0.99,
        1.19,
        1.3900000000000001,
        1.5899999999999999,
        1.7899999999999998,
        1.99
    ],
    "ion_velocity": [
        [
            -1400.5983823195147,
            -32.87225085507466,
            972.3177664569572,
            2809.4961357947177,
            5311.081680936623,
            8401.146046306767,
            11919.951010219449,
            14879.491032518416,
            17301.22734480044,
            19306.690225209462,
            21394.317386342656
        ]
    ]
}