{
    "thrust": [
        0.1850765254172548
    ],
    "time": [
        0.001
    ],
    "discharge_current": [
        30.085046999530515
    ],
    "z_normalized": [
        0.0,
        0.18999999999999997,
        0.38999999999999996,
        0.59,
        0.7899999999999999,
        0.99,
        1.19,
        1.3900000000000001,
        1.5899999999999999,
        1.7899999999999998,
        1.99
    ],
    "ion_velocity": [
        [
            -1434.29138372956,
            134.39850826644462,
            1489.3383955193838,
            3063.209839142674,
            5374.7567921489945,
            8311.622758769356,
            11838.321924120919,
            14765.65153903531,
            17234.608382919327,
            19275.03076177419,
            21400.327373929576
        ]
    ]
}