{
    "thrust": [
        0.19744847672017335
    ],
    "time": [
        0.001
    ],
    "discharge_current": [
        17.41089582769577
    ],
    "z_normalized": [
        0.0,
        0.18999999999999997,
        0.38999999999999996,
        0.59,
        0.7899999999999999,
        0.99,
        1.19,
        1.3900000000000001,
        1.5899999999999999,
        1.7899999999999998,
        1.99
    ],
    "ion_velocity": [
        [
            -1470.6592113863828,
            -27.78496664038641,
            740.644528535413,
            2539.175931313501,
            5008.358322470332,
            8069.174766215437,
            11647.343756390226,
            14706.87355662454,
            17213.024058358664,
            19278.937390035433,
            21413.781681659784
        ]
    ]
}