{
    "thrust": [
        0.19623550339453727
    ],
    "time": [
        0.001
    ],
    "discharge_current": [
        17.548923600388566
    ],
    "z_normalized": [
        0.0,
        0.18999999999999997,
        0.38999999999999996,
        0.59,
        0.7899999999999999,
        0.99,
        1.19,
        1.3900000000000001,
        1.5899999999999999,
        1.7899999999999998,
        1.99
    ],
    "ion_velocity": [
        [
            -1475.5444116289445,
            -29.454673569993517,
            793.4980525916428,
            2643.041644012551,
            5177.462784823976,
            8291.991441081473,
            11832.74733612386,
            14830.346027483813,
            17288.93253082006,
            19321.364226109043,
            21423.45402600892
        ]
    ]
}