{
    "thrust": [
        0.1886019354815955
    ],
    "time": [
        0.001
    ],
    "discharge_current": [
        20.827319492398217
    ],
    "z_normalized": [
        0.0,
        0.18999999999999997,
        0.38999999999999996,
        0.59,
        0.7899999999999999,
        0.99,
        1.19,
        1.3900000000000001,
        1.5899999999999999,
        1.7899999999999998,
        1.99
    ],
    "ion_velocity": [
        [
            -1354.0684643401567,
            -46.12441519514688,
            975.2714881073912,
            2693.9401353912476,
            5009.0314730184855,
            7956.062828471819,
            11569.06356494545,
            14655.746878734892,
            17165.553007630053,
            19229.762984457186,
            21389.432931200023
        ]
    ]
}