{
    "thrust": [
        0.1972983195275373
    ],
    "time": [
        0.001
    ],
    "discharge_current": [
        17.35010383953187
    ],
    "z_normalized": [
        0.0,
        0.18999999999999997,
        0.38999999999999996,
        0.59,
        0.7899999999999999,
        0.99,
        1.19,
        1.3900000000000001,
        1.5899999999999999,
        1.7899999999999998,
        1.99
    ],
    "ion_velocity": [
        [
            -1486.401394195475,
            -26.430398677045506,
            763.2934619114817,
            2599.498324041323,
            5126.332098241975,
            8233.191699574008,
            11781.36611529465,
            14793.027376169524,
            17263.482367433273,
            19304.569312682463,
            21413.206059410306
        ]
    ]
}