{
    "thrust": [
        0.19651785576330266
    ],
    "time": [
        0.001
    ],
    "discharge_current": [
        17.532019785311313
    ],
    "z_normalized": [
        0.0,
        0.18999999999999997,
        0.38999999999999996,
        0.59,
        0.7899999999999999,
        0.99,
        1.19,
        1.3900000000000001,
        1.5899999999999999,
        1.7899999999999998,
        1.99
    ],
    "ion_velocity": [
        [
            -1491.2729403634326,
            -29.460571999131563,
            773.4627561322441,
            2601.926898103324,
            5107.241649098575,
            8198.287909521421,
            11755.35146340503,
            14779.474624548198,
            17258.175326636556,
            19304.638473489525,
            21420.690413959146
        ]
    ]
}