{
    "thrust": [
        0.19480120592922498
    ],
    "time": [
        0.001
    ],
    "discharge_current": [
        18.301717118483424
    ],
    "z_normalized": [
        0.0,
        0.18999999999999997,
        0.38999999999999996,
        0.59,
        0.7899999999999999,
        0.99,
        1.19,
        1.3900000000000001,
        1.5899999999999999,
        1.7899999999999998,
        1.99
    ],
    "ion_velocity": [
        [
            -1413.4665308121714,
            -28.705745210798288,
            818.5274016282959,
            2587.4647913080953,
            4979.064608036478,
            7981.132691100645,
            11575.690952104072,
            14658.310483846777,
            17176.301324935503,
            19249.165502360836,
            21398.990922373992
        ]
    ]
}