{
    "thrust": [
        0.1971177245214593
    ],
    "time": [
        0.001
    ],
    "discharge_current": [
        17.65824039772898
    ],
    "z_normalized": [
        0.0,
        0.18999999999999997,
        0.38999999999999996,
        0.59,
        0.7899999999999999,
        0.99,
        1.19,
        1.3900000000000001,
        1.5899999999999999,
        1.7899999999999998,
        1.99
    ],
    "ion_velocity": [
        [
            -1468.4121383153374,
            -32.59943587660482,
            689.9892933545104,
            2389.8595392808124,
            4704.458651591667,
            7641.357340653672,
            11301.019659879437,
            14487.162077690708,
            17086.505677373334,
            19216.413882757322,
            21419.183188320123
        ]
    ]
}