{
    "timestamp": "2024-12-11T12:30:29.630934",
    "initial_guess": {
        "v1": 2.0124301397620146,
        "v2": 2.0028894367014445
    },
    "initial_cov": [
        [
            9.87,
            0.0
        ],
        [
            0.0,
            0.987
        ]
    ],
    "v_log_initial": [
        0.3037208130436473,
        -0.002063836968121456
    ],
    "iterations": 200,
    "acceptance_rate": 0.05
}