{
    "thrust": [
        0.1909093614636201
    ],
    "time": [
        0.001
    ],
    "discharge_current": [
        11.000113292903373
    ],
    "z_normalized": [
        0.0,
        0.18999999999999997,
        0.38999999999999996,
        0.59,
        0.7899999999999999,
        0.99,
        1.19,
        1.3900000000000001,
        1.5899999999999999,
        1.7899999999999998,
        1.99
    ],
    "ion_velocity": [
        [
            -1351.3233546984168,
            -65.11732408653549,
            252.362663045947,
            443.5514089791665,
            2040.4242210685518,
            8813.783539417453,
            12712.250623450185,
            15399.870817595003,
            17671.81651015356,
            19574.31070299407,
            21434.92599886816
        ]
    ]
}