{
    "thrust": [
        0.18902085280415573
    ],
    "time": [
        0.001
    ],
    "discharge_current": [
        10.672519506031943
    ],
    "z_normalized": [
        0.0,
        0.18999999999999997,
        0.38999999999999996,
        0.59,
        0.7899999999999999,
        0.99,
        1.19,
        1.3900000000000001,
        1.5899999999999999,
        1.7899999999999998,
        1.99
    ],
    "ion_velocity": [
        [
            -1354.3590520133864,
            -56.18945828142532,
            256.49538914217993,
            431.1613918037076,
            2332.2374308311655,
            9715.78396241956,
            13405.308428283643,
            15864.073543468763,
            17950.620896855304,
            19692.588419525047,
            21392.41792366527
        ]
    ]
}