{
    "thrust": [
        0.1849282175475729
    ],
    "time": [
        0.001
    ],
    "discharge_current": [
        14.58654568456822
    ],
    "z_normalized": [
        0.0,
        0.18999999999999997,
        0.38999999999999996,
        0.59,
        0.7899999999999999,
        0.99,
        1.19,
        1.3900000000000001,
        1.5899999999999999,
        1.7899999999999998,
        1.99
    ],
    "ion_velocity": [
        [
            -1324.171312540641,
            -39.87052795927043,
            295.029055247938,
            1355.7473734483979,
            6868.885844099681,
            11663.971909089958,
            14536.200873120157,
            16600.570952374805,
            18358.248538173422,
            19874.498244148275,
            21405.646243439216
        ]
    ]
}