{
    "thrust": [
        0.18560459189884185
    ],
    "time": [
        0.001
    ],
    "discharge_current": [
        16.634540018382058
    ],
    "z_normalized": [
        0.0,
        0.18999999999999997,
        0.38999999999999996,
        0.59,
        0.7899999999999999,
        0.99,
        1.19,
        1.3900000000000001,
        1.5899999999999999,
        1.7899999999999998,
        1.99
    ],
    "ion_velocity": [
        [
            -1339.6421978995538,
            -33.30751541190034,
            324.5706729761805,
            1690.9075031353548,
            5910.664734661724,
            10171.492159081,
            13414.406744272614,
            15853.839099305716,
            17892.299421906246,
            19626.373227191725,
            21404.945714976995
        ]
    ]
}