{
    "thrust": [
        0.144482008431794
    ],
    "time": [
        0.001
    ],
    "discharge_current": [
        107.99066722873467
    ],
    "z_normalized": [
        0.0,
        0.18999999999999997,
        0.38999999999999996,
        0.59,
        0.7899999999999999,
        0.99,
        1.19,
        1.3900000000000001,
        1.5899999999999999,
        1.7899999999999998,
        1.99
    ],
    "ion_velocity": [
        [
            -2656.1369722609115,
            1843.1889282925563,
            2632.850772080553,
            4085.3843123369215,
            6112.024506109198,
            8544.298082534528,
            12290.511792666843,
            15261.73639448264,
            17775.169073282028,
            19884.079728814446,
            22069.677294046887
        ]
    ]
}