{
    "thrust": [
        0.18899264749613678
    ],
    "time": [
        0.001
    ],
    "discharge_current": [
        12.244044047370561
    ],
    "z_normalized": [
        0.0,
        0.18999999999999997,
        0.38999999999999996,
        0.59,
        0.7899999999999999,
        0.99,
        1.19,
        1.3900000000000001,
        1.5899999999999999,
        1.7899999999999998,
        1.99
    ],
    "ion_velocity": [
        [
            -1342.2475466608032,
            -59.83625781671654,
            262.28803232457125,
            589.8751694769326,
            3702.1397000340485,
            8915.44095964931,
            12620.368177782364,
            15351.127748546502,
            17628.79422988082,
            19525.545787530355,
            21411.8732283081
        ]
    ]
}