{
    "thrust": [
        0.18710841959667074
    ],
    "time": [
        0.001
    ],
    "discharge_current": [
        10.639491651356717
    ],
    "z_normalized": [
        0.0,
        0.18999999999999997,
        0.38999999999999996,
        0.59,
        0.7899999999999999,
        0.99,
        1.19,
        1.3900000000000001,
        1.5899999999999999,
        1.7899999999999998,
        1.99
    ],
    "ion_velocity": [
        [
            -1325.1784860165621,
            -50.64631017947834,
            255.93396178473193,
            433.6343111862758,
            2715.835266907913,
            10380.003357286849,
            13839.777118783722,
            16150.549177405072,
            18129.734533645606,
            19799.363248976988,
            21431.222625873477
        ]
    ]
}