{
    "thrust": [
        0.18877363952753348
    ],
    "time": [
        0.001
    ],
    "discharge_current": [
        12.662313404747598
    ],
    "z_normalized": [
        0.0,
        0.18999999999999997,
        0.38999999999999996,
        0.59,
        0.7899999999999999,
        0.99,
        1.19,
        1.3900000000000001,
        1.5899999999999999,
        1.7899999999999998,
        1.99
    ],
    "ion_velocity": [
        [
            -1336.8904233293617,
            -64.72647573667666,
            265.24432693365145,
            630.2168086662704,
            3701.6342400228086,
            8545.494313156825,
            12292.554008252151,
            15117.48466154789,
            17472.387285368477,
            19434.001208659534,
            21399.393495663204
        ]
    ]
}