{
    "thrust": [
        0.18960896317147952
    ],
    "time": [
        0.001
    ],
    "discharge_current": [
        13.282557650574152
    ],
    "z_normalized": [
        0.0,
        0.18999999999999997,
        0.38999999999999996,
        0.59,
        0.7899999999999999,
        0.99,
        1.19,
        1.3900000000000001,
        1.5899999999999999,
        1.7899999999999998,
        1.99
    ],
    "ion_velocity": [
        [
            -1350.1084686964791,
            -54.80047639289292,
            274.7805431520748,
            696.9446490414412,
            3653.85649939297,
            8048.666227355279,
            11869.762696284872,
            14842.481522847183,
            17306.76764806649,
            19347.731972765636,
            21403.607441777334
        ]
    ]
}