{
    "thrust": [
        0.161482656003304
    ],
    "time": [
        0.001
    ],
    "discharge_current": [
        68.51571819285262
    ],
    "z_normalized": [
        0.0,
        0.18999999999999997,
        0.38999999999999996,
        0.59,
        0.7899999999999999,
        0.99,
        1.19,
        1.3900000000000001,
        1.5899999999999999,
        1.7899999999999998,
        1.99
    ],
    "ion_velocity": [
        [
            -2169.7841319020126,
            1387.9762723683712,
            2259.3625674597524,
            3831.7284326899517,
            6180.719263426195,
            8738.692661047435,
            12193.15960864437,
            15101.319965654613,
            17594.70219933654,
            19686.509568032394,
            21804.678476909212
        ]
    ]
}