{
    "thrust": [
        0.18829529765516298
    ],
    "time": [
        0.001
    ],
    "discharge_current": [
        12.56818521400924
    ],
    "z_normalized": [
        0.0,
        0.18999999999999997,
        0.38999999999999996,
        0.59,
        0.7899999999999999,
        0.99,
        1.19,
        1.3900000000000001,
        1.5899999999999999,
        1.7899999999999998,
        1.99
    ],
    "ion_velocity": [
        [
            -1353.861401135266,
            -54.10262287028676,
            266.29893923370145,
            630.099535208243,
            4136.51395069949,
            9277.469408785426,
            12858.17424468519,
            15493.802298853236,
            17702.77103752159,
            19556.559028219202,
            21410.472555995733
        ]
    ]
}