{
    "thrust": [
        0.18851506804858892
    ],
    "time": [
        0.001
    ],
    "discharge_current": [
        12.297099946415328
    ],
    "z_normalized": [
        0.0,
        0.18999999999999997,
        0.38999999999999996,
        0.59,
        0.7899999999999999,
        0.99,
        1.19,
        1.3900000000000001,
        1.5899999999999999,
        1.7899999999999998,
        1.99
    ],
    "ion_velocity": [
        [
            -1338.7950874595522,
            -62.6034909720353,
            262.40286611039636,
            591.4342237179264,
            3790.9625108308283,
            9022.409425281707,
            12687.93958863191,
            15381.784222927501,
            17634.44291943559,
            19518.62264560603,
            21398.994025129916
        ]
    ]
}