{
    "thrust": 0.0011988346611008492,
    "discharge_current": 0.09857499546689726,
    "ion_velocity": [
        -1272.2761735496185,
        -410.5966021149663,
        64.90047878663339,
        1049.5947081817014,
        2837.629484109857,
        303.14067774154773,
        291.281386561052,
        303.1290676430319,
        348.37179104972006,
        373.83073351201745,
        409.8275378531708
    ],
    "z_normalized": [
        0.0,
        0.0076,
        0.0156,
        0.0236,
        0.0316,
        0.039599999999999996,
        0.0476,
        0.0556,
        0.0636,
        0.0716,
        0.0796
    ]
}