{
    "thrust": 0.10612914951704054,
    "discharge_current": 23.121719297177798,
    "ion_velocity": [
        -1646.9442912905724,
        397.9561169873849,
        1247.5189828061605,
        2243.2599659956645,
        8245.38629087891,
        13679.845728015316,
        17272.3352076814,
        19467.272446878433,
        20686.967923234613,
        21264.4435984705,
        21533.976272012856
    ],
    "z_normalized": [
        0.0,
        0.0076,
        0.0156,
        0.0236,
        0.0316,
        0.039599999999999996,
        0.0476,
        0.0556,
        0.0636,
        0.0716,
        0.0796
    ]
}