{
    "thrust": 0.09226999346536484,
    "discharge_current": 71.31264718268822,
    "ion_velocity": [
        -2625.7465900268303,
        2104.05500478764,
        4411.249336280227,
        8093.112081634492,
        12232.97470601402,
        15922.125193123049,
        18666.431726587307,
        20380.874662341997,
        21321.1489579203,
        21784.94545991181,
        22027.249893097163
    ],
    "z_normalized": [
        0.0,
        0.0076,
        0.0156,
        0.0236,
        0.0316,
        0.039599999999999996,
        0.0476,
        0.0556,
        0.0636,
        0.0716,
        0.0796
    ]
}