{
    "thrust": 0.0004479050036245449,
    "discharge_current": 0.09507733904882007,
    "ion_velocity": [
        -1354.4971752873555,
        -172.59243175847132,
        239.3748554325521,
        1208.3681397463602,
        16453.032098585776,
        1604.2497891864552,
        559.1094053028193,
        171.26624027924538,
        228.635053251739,
        233.0739097594153,
        289.6230489717341
    ],
    "z_normalized": [
        0.0,
        0.0076,
        0.0156,
        0.0236,
        0.0316,
        0.039599999999999996,
        0.0476,
        0.0556,
        0.0636,
        0.0716,
        0.0796
    ]
}