{
    "thrust": 0.10285599699944105,
    "discharge_current": 8.76979918767085,
    "ion_velocity": [
        -1236.0799386660822,
        -253.41735142473843,
        155.10028204340716,
        750.8841475399712,
        6326.444595311419,
        12354.640276538792,
        16527.939780332097,
        19033.841642815463,
        20329.013184321422,
        20902.605599748,
        21138.182165015445
    ],
    "z_normalized": [
        0.0,
        0.0076,
        0.0156,
        0.0236,
        0.0316,
        0.039599999999999996,
        0.0476,
        0.0556,
        0.0636,
        0.0716,
        0.0796
    ]
}