{
    "thrust": 1.1972629177058115e-09,
    "discharge_current": 8.839988158193761e-07,
    "ion_velocity": [
        -1299.5957207899467,
        -174.95648260261925,
        349.065923128826,
        1208.8278479698145,
        13057.04730836093,
        8140.74042157203,
        3714.4525407706255,
        1913.7360346892945,
        1641.973417225128,
        1483.942921926103,
        1286.467726668434
    ],
    "z_normalized": [
        0.0,
        0.0076,
        0.0156,
        0.0236,
        0.0316,
        0.039599999999999996,
        0.0476,
        0.0556,
        0.0636,
        0.0716,
        0.0796
    ]
}