iteration,lambda1,lambda2,accepted,delayed_rejection
10,1.6374133271008326,0.03328264099075584,T,No DR
20,1.5667118443381516,0.005535296748903894,T,No DR
