iteration,lambda1,lambda2,accepted,delayed_rejection,acceptance_rate
10,-1.1734320697318128,-0.10266288387759666,T,No DR,1.0000
20,-2.18413806124765,0.3930940397265396,T,No DR,1.0000
30,-2.18413806124765,0.3930940397265396,T,No DR,1.0000
