iteration,lambda1,lambda2,accepted
10,-1.9851129036385682,0.2975118727703747,T
20,-2.3720598874545886,0.4610345153947512,T
30,-6.771943244042337,1.1041096013834708,T
40,-11.218893297532361,1.8237904867614851,T
50,-9.715057557909583,1.5943661337315915,T
