{
    "thrust": 0.0792129637343359,
    "discharge_current": 52.86853546876396,
    "ion_velocity": [
        -2602.05026109061,
        2184.8276236987567,
        4465.007769411908,
        8220.371317715593,
        12336.061055113545,
        15980.579314534589,
        18704.765157952854,
        20415.626727880455,
        21355.356486426936,
        21820.60848601409,
        22061.569381268153
    ],
    "z_normalized": [
        0.0,
        0.0076,
        0.0156,
        0.0236,
        0.0316,
        0.039599999999999996,
        0.0476,
        0.0556,
        0.0636,
        0.0716,
        0.0796
    ]
}