iteration,lambda1,lambda2,accepted,delayed_rejection,acceptance_rate
10,1.7311280727143865,-0.14672764247463932,T,No DR,1.0000
20,1.7311280727143865,-0.14672764247463932,T,No DR,1.0000
30,1.7311280727143865,-0.14672764247463932,T,No DR,1.0000
40,1.7311280727143865,-0.14672764247463932,T,No DR,1.0000
50,1.7311280727143865,-0.14672764247463932,T,No DR,1.0000
