{
    "timestamp": "2024-12-11T00:28:55.275525",
    "initial_guess": {
        "v1": 2.0124301397620146,
        "v2": 2.0028894367014445
    },
    "initial_cov": [
        [
            3.56995,
            0.0
        ],
        [
            0.0,
            0.356995
        ]
    ],
    "v_log_initial": [
        0.3037208130436473,
        -0.002063836968121456
    ],
    "iterations": 2,
    "acceptance_rate": 0.5
}