{
    "thrust": [
        0.19463690674219847
    ],
    "time": [
        0.001
    ],
    "discharge_current": [
        12.74306667923924
    ],
    "z_normalized": [
        0.0,
        0.18999999999999997,
        0.38999999999999996,
        0.59,
        0.7899999999999999,
        0.99,
        1.19,
        1.3900000000000001,
        1.5899999999999999,
        1.7899999999999998,
        1.99
    ],
    "ion_velocity": [
        [
            -1359.1067834422895,
            -80.33946154948784,
            264.7923866473201,
            562.7734019914024,
            2017.6964838713504,
            5619.876421611066,
            9883.574887178798,
            13540.38897458872,
            16541.62409414393,
            18967.219160870012,
            21388.335624946143
        ]
    ]
}