{
    "thrust": [
        0.19661630790241927
    ],
    "time": [
        0.001
    ],
    "discharge_current": [
        12.34140746898792
    ],
    "z_normalized": [
        0.0,
        0.18999999999999997,
        0.38999999999999996,
        0.59,
        0.7899999999999999,
        0.99,
        1.19,
        1.3900000000000001,
        1.5899999999999999,
        1.7899999999999998,
        1.99
    ],
    "ion_velocity": [
        [
            -1338.898128785605,
            -93.34018543231132,
            252.80142626932658,
            511.9526462970282,
            1570.239400462577,
            5086.215288622119,
            9488.613338648967,
            13275.167433882249,
            16385.947783629937,
            18891.805343759588,
            21378.870596486304
        ]
    ]
}