{
    "thrust": [
        0.19073732896738765
    ],
    "time": [
        0.001
    ],
    "discharge_current": [
        13.743572300277936
    ],
    "z_normalized": [
        0.0,
        0.18999999999999997,
        0.38999999999999996,
        0.59,
        0.7899999999999999,
        0.99,
        1.19,
        1.3900000000000001,
        1.5899999999999999,
        1.7899999999999998,
        1.99
    ],
    "ion_velocity": [
        [
            -1329.9737651042483,
            -71.87062072168733,
            274.1689502746802,
            685.696450133688,
            2829.089421233035,
            6371.764016167531,
            10444.448607484162,
            13913.695740289415,
            16753.456373289748,
            19059.74853004108,
            21387.880619397038
        ]
    ]
}