{
    "thrust": [
        0.19733331048379255
    ],
    "time": [
        0.001
    ],
    "discharge_current": [
        12.235922805878916
    ],
    "z_normalized": [
        0.0,
        0.18999999999999997,
        0.38999999999999996,
        0.59,
        0.7899999999999999,
        0.99,
        1.19,
        1.3900000000000001,
        1.5899999999999999,
        1.7899999999999998,
        1.99
    ],
    "ion_velocity": [
        [
            -1370.976351516768,
            -92.54508677031119,
            255.21892084073576,
            505.65180452308545,
            1442.5348291223104,
            4898.904989952957,
            9350.589967576085,
            13184.30856517455,
            16334.72826631078,
            18869.697484210665,
            21380.951029143143
        ]
    ]
}