{
    "thrust": [
        0.19181362858973236
    ],
    "time": [
        0.001
    ],
    "discharge_current": [
        13.384815153824421
    ],
    "z_normalized": [
        0.0,
        0.18999999999999997,
        0.38999999999999996,
        0.59,
        0.7899999999999999,
        0.99,
        1.19,
        1.3900000000000001,
        1.5899999999999999,
        1.7899999999999998,
        1.99
    ],
    "ion_velocity": [
        [
            -1356.3577732700553,
            -69.22441042513348,
            276.9601271992947,
            650.6552693447203,
            2623.2444630029386,
            6194.974975617824,
            10311.03626267881,
            13826.910902969274,
            16708.48637562646,
            19046.371949654593,
            21398.635552434756
        ]
    ]
}