{
    "thrust": [
        0.1930147687969246
    ],
    "time": [
        0.001
    ],
    "discharge_current": [
        13.07708615792091
    ],
    "z_normalized": [
        0.0,
        0.18999999999999997,
        0.38999999999999996,
        0.59,
        0.7899999999999999,
        0.99,
        1.19,
        1.3900000000000001,
        1.5899999999999999,
        1.7899999999999998,
        1.99
    ],
    "ion_velocity": [
        [
            -1321.3059923078838,
            -76.58644133541524,
            269.4702889580393,
            609.1642248346957,
            2373.324421226828,
            5969.873415270083,
            10142.224752960177,
            13711.838414957889,
            16639.119000551917,
            19010.546723481602,
            21388.92312224723
        ]
    ]
}