{
    "thrust": [
        0.1927697522320258
    ],
    "time": [
        0.001
    ],
    "discharge_current": [
        13.203115171185273
    ],
    "z_normalized": [
        0.0,
        0.18999999999999997,
        0.38999999999999996,
        0.59,
        0.7899999999999999,
        0.99,
        1.19,
        1.3900000000000001,
        1.5899999999999999,
        1.7899999999999998,
        1.99
    ],
    "ion_velocity": [
        [
            -1339.138040222485,
            -69.99513453789703,
            274.30391815661915,
            623.454411318257,
            2465.5202939961464,
            6054.375205288384,
            10205.921777197473,
            13756.047818522544,
            16666.60041797325,
            19025.349256523437,
            21393.38466541228
        ]
    ]
}