{
    "thrust": [
        0.19222244911532838
    ],
    "time": [
        0.001
    ],
    "discharge_current": [
        13.295480984217278
    ],
    "z_normalized": [
        0.0,
        0.18999999999999997,
        0.38999999999999996,
        0.59,
        0.7899999999999999,
        0.99,
        1.19,
        1.3900000000000001,
        1.5899999999999999,
        1.7899999999999998,
        1.99
    ],
    "ion_velocity": [
        [
            -1367.7983932179725,
            -70.6319115571485,
            274.8465423045081,
            635.0156412249823,
            2533.405682690306,
            6114.422261477338,
            10250.738824819917,
            13787.071898711689,
            16686.156861014802,
            19036.45211507043,
            21397.637490200326
        ]
    ]
}