{
    "thrust": [
        0.1969007636317202
    ],
    "time": [
        0.001
    ],
    "discharge_current": [
        12.313177883352585
    ],
    "z_normalized": [
        0.0,
        0.18999999999999997,
        0.38999999999999996,
        0.59,
        0.7899999999999999,
        0.99,
        1.19,
        1.3900000000000001,
        1.5899999999999999,
        1.7899999999999998,
        1.99
    ],
    "ion_velocity": [
        [
            -1345.9676195182421,
            -92.99409085736161,
            254.10100201360876,
            511.02216681526704,
            1540.9137094705036,
            5045.167892407752,
            9459.397019647402,
            13257.282663406804,
            16377.46453709795,
            18890.039694406863,
            21382.501703914742
        ]
    ]
}