{
    "thrust": [
        0.1653073327967358
    ],
    "time": [
        0.001
    ],
    "discharge_current": [
        60.346417046040145
    ],
    "z_normalized": [
        0.0,
        0.18999999999999997,
        0.38999999999999996,
        0.59,
        0.7899999999999999,
        0.99,
        1.19,
        1.3900000000000001,
        1.5899999999999999,
        1.7899999999999998,
        1.99
    ],
    "ion_velocity": [
        [
            -2044.7635533482012,
            1235.8357373575786,
            2101.376515858225,
            3625.978845140775,
            5940.970953658135,
            8528.389581968913,
            11944.147780780368,
            14900.22439747817,
            17446.522187054175,
            19582.904359827073,
            21735.327149766836
        ]
    ]
}