{
    "thrust": [
        0.1895953355145901
    ],
    "time": [
        0.001
    ],
    "discharge_current": [
        14.134372500616648
    ],
    "z_normalized": [
        0.0,
        0.18999999999999997,
        0.38999999999999996,
        0.59,
        0.7899999999999999,
        0.99,
        1.19,
        1.3900000000000001,
        1.5899999999999999,
        1.7899999999999998,
        1.99
    ],
    "ion_velocity": [
        [
            -1341.2372237703705,
            -63.55389681998874,
            286.70876997214543,
            769.0654002460584,
            3091.455613590745,
            6591.0618897937375,
            10609.112262830948,
            14025.970130283573,
            16821.370951247234,
            19095.117238356575,
            21398.411366789544
        ]
    ]
}