{
    "thrust": [
        0.19793530397603462
    ],
    "time": [
        0.001
    ],
    "discharge_current": [
        12.15409879150558
    ],
    "z_normalized": [
        0.0,
        0.18999999999999997,
        0.38999999999999996,
        0.59,
        0.7899999999999999,
        0.99,
        1.19,
        1.3900000000000001,
        1.5899999999999999,
        1.7899999999999998,
        1.99
    ],
    "ion_velocity": [
        [
            -1343.07995127462,
            -100.47353324315463,
            258.36745563745654,
            501.566906495661,
            1370.2476271504727,
            4782.789912964331,
            9263.386983352748,
            13124.537577150277,
            16298.183054308627,
            18850.705507815015,
            21377.256803614146
        ]
    ]
}