{
    "thrust": [
        0.19533241578896626
    ],
    "time": [
        0.001
    ],
    "discharge_current": [
        12.621507156712294
    ],
    "z_normalized": [
        0.0,
        0.18999999999999997,
        0.38999999999999996,
        0.59,
        0.7899999999999999,
        0.99,
        1.19,
        1.3900000000000001,
        1.5899999999999999,
        1.7899999999999998,
        1.99
    ],
    "ion_velocity": [
        [
            -1350.707959568531,
            -81.46555825643149,
            262.62277857923806,
            549.6078423241532,
            1898.2211394171309,
            5488.915107235376,
            9786.658859038589,
            13476.208031915905,
            16505.22812109722,
            18951.074002774225,
            21388.264525432132
        ]
    ]
}