{
    "thrust": [
        0.19393607729691903
    ],
    "time": [
        0.001
    ],
    "discharge_current": [
        12.898707012059823
    ],
    "z_normalized": [
        0.0,
        0.18999999999999997,
        0.38999999999999996,
        0.59,
        0.7899999999999999,
        0.99,
        1.19,
        1.3900000000000001,
        1.5899999999999999,
        1.7899999999999998,
        1.99
    ],
    "ion_velocity": [
        [
            -1340.9152005297308,
            -75.81701044713054,
            268.1587712458894,
            584.7686212566364,
            2196.158611171864,
            5801.506060276249,
            10019.149751429353,
            13632.313413632952,
            16595.95476490291,
            18993.22582255257,
            21390.961225556144
        ]
    ]
}