{
    "thrust": [
        0.19767304105699873
    ],
    "time": [
        0.001
    ],
    "discharge_current": [
        12.202340515324721
    ],
    "z_normalized": [
        0.0,
        0.18999999999999997,
        0.38999999999999996,
        0.59,
        0.7899999999999999,
        0.99,
        1.19,
        1.3900000000000001,
        1.5899999999999999,
        1.7899999999999998,
        1.99
    ],
    "ion_velocity": [
        [
            -1342.4310500915567,
            -96.61456513510693,
            255.82354820718888,
            502.3510230031193,
            1419.125053713559,
            4860.915452289284,
            9319.75311537277,
            13161.41614405259,
            16319.82464382211,
            18861.42536327619,
            21378.67506075701
        ]
    ]
}