{
    "thrust": [
        0.19210986893251725
    ],
    "time": [
        0.001
    ],
    "discharge_current": [
        13.35127500018582
    ],
    "z_normalized": [
        0.0,
        0.18999999999999997,
        0.38999999999999996,
        0.59,
        0.7899999999999999,
        0.99,
        1.19,
        1.3900000000000001,
        1.5899999999999999,
        1.7899999999999998,
        1.99
    ],
    "ion_velocity": [
        [
            -1339.509154938765,
            -69.9168172870275,
            279.262872298027,
            645.2006609735057,
            2603.250338827389,
            6178.874511526811,
            10299.948239179286,
            13819.488612374053,
            16703.345485124337,
            19042.45999417165,
            21395.524122909468
        ]
    ]
}