{
    "thrust": [
        0.19460376821609188
    ],
    "time": [
        0.001
    ],
    "discharge_current": [
        12.745549102785207
    ],
    "z_normalized": [
        0.0,
        0.18999999999999997,
        0.38999999999999996,
        0.59,
        0.7899999999999999,
        0.99,
        1.19,
        1.3900000000000001,
        1.5899999999999999,
        1.7899999999999998,
        1.99
    ],
    "ion_velocity": [
        [
            -1352.142200497025,
            -83.26298385681876,
            264.7268936389705,
            566.0440253486368,
            2029.7615768097025,
            5630.377803256419,
            9889.45326735279,
            13543.776227544715,
            16543.901499300646,
            18968.851752507242,
            21389.19016595609
        ]
    ]
}