{
    "thrust": [
        0.1947548492301409
    ],
    "time": [
        0.001
    ],
    "discharge_current": [
        12.735381974923413
    ],
    "z_normalized": [
        0.0,
        0.18999999999999997,
        0.38999999999999996,
        0.59,
        0.7899999999999999,
        0.99,
        1.19,
        1.3900000000000001,
        1.5899999999999999,
        1.7899999999999998,
        1.99
    ],
    "ion_velocity": [
        [
            -1348.8292858686862,
            -81.09484844196179,
            264.51856599440885,
            562.4090866468362,
            2011.66003286772,
            5612.49570317425,
            9877.300950679657,
            13535.933525194061,
            16539.163615584785,
            18966.257289929872,
            21388.610532603532
        ]
    ]
}