{
    "thrust": [
        0.19112332588924325
    ],
    "time": [
        0.001
    ],
    "discharge_current": [
        13.527696967444966
    ],
    "z_normalized": [
        0.0,
        0.18999999999999997,
        0.38999999999999996,
        0.59,
        0.7899999999999999,
        0.99,
        1.19,
        1.3900000000000001,
        1.5899999999999999,
        1.7899999999999998,
        1.99
    ],
    "ion_velocity": [
        [
            -1362.0527862594272,
            -70.94694136944922,
            272.6039991849905,
            663.7080775289356,
            2702.4535826606616,
            6261.918381982611,
            10360.685906547806,
            13859.291634412502,
            16725.846516210335,
            19052.35360736645,
            21395.52679892742
        ]
    ]
}