{
    "thrust": [
        0.19036932064556697
    ],
    "time": [
        0.001
    ],
    "discharge_current": [
        13.855617758860275
    ],
    "z_normalized": [
        0.0,
        0.18999999999999997,
        0.38999999999999996,
        0.59,
        0.7899999999999999,
        0.99,
        1.19,
        1.3900000000000001,
        1.5899999999999999,
        1.7899999999999998,
        1.99
    ],
    "ion_velocity": [
        [
            -1342.2806011693508,
            -70.84633226034234,
            275.773718536107,
            698.329409253245,
            2884.099502967795,
            6417.25294883685,
            10477.281158973661,
            13934.29379684449,
            16764.086032820687,
            19063.45019584012,
            21386.654367771403
        ]
    ]
}