{
    "thrust": [
        0.1777710332845137
    ],
    "time": [
        0.001
    ],
    "discharge_current": [
        39.92286447744892
    ],
    "z_normalized": [
        0.0,
        0.18999999999999997,
        0.38999999999999996,
        0.59,
        0.7899999999999999,
        0.99,
        1.19,
        1.3900000000000001,
        1.5899999999999999,
        1.7899999999999998,
        1.99
    ],
    "ion_velocity": [
        [
            -1688.7565433123889,
            625.8013757483934,
            1648.6469100644956,
            3250.902136679227,
            5702.046097072495,
            8684.50178110895,
            11994.171583005955,
            14877.137653939148,
            17366.277510749416,
            19441.095425376592,
            21546.418470173317
        ]
    ]
}