{
    "thrust": [
        0.19115028537948686
    ],
    "time": [
        0.001
    ],
    "discharge_current": [
        13.617827794532838
    ],
    "z_normalized": [
        0.0,
        0.18999999999999997,
        0.38999999999999996,
        0.59,
        0.7899999999999999,
        0.99,
        1.19,
        1.3900000000000001,
        1.5899999999999999,
        1.7899999999999998,
        1.99
    ],
    "ion_velocity": [
        [
            -1342.6823047214443,
            -72.45726018866239,
            275.33928069159447,
            671.5696441984899,
            2761.466459943837,
            6313.6272015622,
            10398.73321873131,
            13882.808222322326,
            16736.918513900197,
            19054.534815871943,
            21391.54284198608
        ]
    ]
}