{
    "thrust": [
        0.14814060267508009
    ],
    "time": [
        0.001
    ],
    "discharge_current": [
        99.36316332657343
    ],
    "z_normalized": [
        0.0,
        0.18999999999999997,
        0.38999999999999996,
        0.59,
        0.7899999999999999,
        0.99,
        1.19,
        1.3900000000000001,
        1.5899999999999999,
        1.7899999999999998,
        1.99
    ],
    "ion_velocity": [
        [
            -2554.318370436702,
            1742.2074293482615,
            2508.2956361668666,
            3919.1925736323124,
            5922.200195891454,
            8294.113838384921,
            12041.474171022031,
            15065.807637966605,
            17634.243559970644,
            19790.55005715844,
            22012.190543204906
        ]
    ]
}