{
    "thrust": [
        0.1878789757654258
    ],
    "time": [
        0.001
    ],
    "discharge_current": [
        17.070651372018627
    ],
    "z_normalized": [
        0.0,
        0.18999999999999997,
        0.38999999999999996,
        0.59,
        0.7899999999999999,
        0.99,
        1.19,
        1.3900000000000001,
        1.5899999999999999,
        1.7899999999999998,
        1.99
    ],
    "ion_velocity": [
        [
            -1328.0777171242605,
            -45.166719504614214,
            319.73647054968524,
            1255.4348105017268,
            3918.1448264276196,
            7264.300878294623,
            11121.687585025322,
            14361.469247274912,
            17000.764449771457,
            19159.51622299008,
            21382.83839290818
        ]
    ]
}