{
    "thrust": [
        0.19649410549263843
    ],
    "time": [
        0.001
    ],
    "discharge_current": [
        12.354348651909143
    ],
    "z_normalized": [
        0.0,
        0.18999999999999997,
        0.38999999999999996,
        0.59,
        0.7899999999999999,
        0.99,
        1.19,
        1.3900000000000001,
        1.5899999999999999,
        1.7899999999999998,
        1.99
    ],
    "ion_velocity": [
        [
            -1353.1272132990482,
            -92.06659072555546,
            252.7256822610337,
            512.5082970345608,
            1572.5985408389922,
            5090.528911006296,
            9491.95134943482,
            13276.840907862768,
            16386.110593180052,
            18891.115669533712,
            21377.81371091754
        ]
    ]
}