iteration,lambda1,lambda2,accepted
10,1.3877846081625411,0.048903331347966955,T
