{
    "v1": 0.0008726467823775384,
    "v2": 0.011452183564484394
}