{
    "v1": 0.017373519124787386,
    "v2": 0.011118099285503311
}