{
    "v1": 2.012330253103284,
    "v2": 2.0028049866582034
}