{
    "v1": 2.0123428816124087,
    "v2": 2.002815683757659
}