{
    "v1": 0.0007696109647188676,
    "v2": 0.011718794464939983
}