{
    "v1": 0.0008726467823776516,
    "v2": 0.011452183564485376
}