{
    "thrust": [
        0.1667207846824512
    ],
    "time": [
        0.001
    ],
    "discharge_current": [
        53.83017867378332
    ],
    "z_normalized": [
        0.0,
        0.18999999999999997,
        0.38999999999999996,
        0.59,
        0.7899999999999999,
        0.99,
        1.19,
        1.3900000000000001,
        1.5899999999999999,
        1.7899999999999998,
        1.99
    ],
    "ion_velocity": [
        [
            -1964.7357123863978,
            1182.2708202287154,
            2325.0790303604876,
            4366.992360016711,
            7394.727384166212,
            10387.245320760108,
            13459.683066064857,
            15954.495998148428,
            18095.14021481683,
            19884.662139030683,
            21705.328537030895
        ]
    ]
}