{
    "thrust": [
        0.18156349182807746
    ],
    "time": [
        0.001
    ],
    "discharge_current": [
        29.470901088144245
    ],
    "z_normalized": [
        0.0,
        0.18999999999999997,
        0.38999999999999996,
        0.59,
        0.7899999999999999,
        0.99,
        1.19,
        1.3900000000000001,
        1.5899999999999999,
        1.7899999999999998,
        1.99
    ],
    "ion_velocity": [
        [
            -1432.9953834111914,
            -6.317054065331103,
            1037.011231149523,
            3461.92006764045,
            7089.477827638746,
            10794.287016186221,
            13795.76403036043,
            16089.553850578435,
            18022.192838365707,
            19676.224361920547,
            21419.10069508582
        ]
    ]
}