{
    "thrust": [
        0.16672078448328753
    ],
    "time": [
        0.001
    ],
    "discharge_current": [
        53.83017862610808
    ],
    "z_normalized": [
        0.0,
        0.18999999999999997,
        0.38999999999999996,
        0.59,
        0.7899999999999999,
        0.99,
        1.19,
        1.3900000000000001,
        1.5899999999999999,
        1.7899999999999998,
        1.99
    ],
    "ion_velocity": [
        [
            -1964.7357121065209,
            1182.2708199651288,
            2325.0790301172296,
            4366.992359186382,
            7394.727383018983,
            10387.245319431833,
            13459.683064797558,
            15954.495997047969,
            18095.14021397851,
            19884.662138509277,
            21705.328536885816
        ]
    ]
}