{
    "thrust": [
        0.1497266038484361
    ],
    "time": [
        0.001
    ],
    "discharge_current": [
        95.48121008867926
    ],
    "z_normalized": [
        0.0,
        0.18999999999999997,
        0.38999999999999996,
        0.59,
        0.7899999999999999,
        0.99,
        1.19,
        1.3900000000000001,
        1.5899999999999999,
        1.7899999999999998,
        1.99
    ],
    "ion_velocity": [
        [
            -2511.919046356441,
            1716.960375832542,
            2489.7533494340582,
            3911.2962397635106,
            5947.193768280651,
            8333.584054392857,
            12050.859446088925,
            15064.63893861935,
            17626.649336568644,
            19777.497723054632,
            21988.639703397785
        ]
    ]
}