{
    "thrust": [
        0.14972669639617703
    ],
    "time": [
        0.001
    ],
    "discharge_current": [
        95.4809880566339
    ],
    "z_normalized": [
        0.0,
        0.18999999999999997,
        0.38999999999999996,
        0.59,
        0.7899999999999999,
        0.99,
        1.19,
        1.3900000000000001,
        1.5899999999999999,
        1.7899999999999998,
        1.99
    ],
    "ion_velocity": [
        [
            -2511.9164768023193,
            1716.9583676456398,
            2489.7519479498824,
            3911.295915534117,
            5947.1955949372405,
            8333.586882323569,
            12050.860425722518,
            15064.639173265188,
            17626.64908334409,
            19777.49705497411,
            21988.63831375007
        ]
    ]
}