{
    "thrust": [
        0.18856892247237128
    ],
    "time": [
        0.001
    ],
    "discharge_current": [
        10.414215310285098
    ],
    "z_normalized": [
        0.0,
        0.18999999999999997,
        0.38999999999999996,
        0.59,
        0.7899999999999999,
        0.99,
        1.19,
        1.3900000000000001,
        1.5899999999999999,
        1.7899999999999998,
        1.99
    ],
    "ion_velocity": [
        [
            -1340.209071653139,
            -57.823035976200124,
            258.65481218650564,
            437.31722305452666,
            2258.3941161209705,
            9581.106763621005,
            13334.780341986278,
            15843.142055392489,
            17977.32397290618,
            19729.005480433432,
            21409.144925985256
        ]
    ]
}