{
    "thrust": [
        0.19032353821868692
    ],
    "time": [
        0.001
    ],
    "discharge_current": [
        10.47927272749538
    ],
    "z_normalized": [
        0.0,
        0.18999999999999997,
        0.38999999999999996,
        0.59,
        0.7899999999999999,
        0.99,
        1.19,
        1.3900000000000001,
        1.5899999999999999,
        1.7899999999999998,
        1.99
    ],
    "ion_velocity": [
        [
            -1332.6833492534538,
            -60.613892346022794,
            256.62634397447727,
            436.19949993976593,
            2143.424420693862,
            9381.814665431733,
            13197.976635450626,
            15739.296080465188,
            17897.17550421728,
            19676.132820222316,
            21385.480730465115
        ]
    ]
}