{
    "thrust": [
        0.19032353821866618
    ],
    "time": [
        0.001
    ],
    "discharge_current": [
        10.479272727495099
    ],
    "z_normalized": [
        0.0,
        0.18999999999999997,
        0.38999999999999996,
        0.59,
        0.7899999999999999,
        0.99,
        1.19,
        1.3900000000000001,
        1.5899999999999999,
        1.7899999999999998,
        1.99
    ],
    "ion_velocity": [
        [
            -1332.6833492534643,
            -60.61389234602185,
            256.6263439744614,
            436.1994999397121,
            2143.4244206923477,
            9381.814665431717,
            13197.976635450357,
            15739.296080464796,
            17897.175504217033,
            19676.13282022243,
            21385.48073046577
        ]
    ]
}