{
    "thrust": [
        0.19032353821829529
    ],
    "time": [
        0.001
    ],
    "discharge_current": [
        10.479272727490901
    ],
    "z_normalized": [
        0.0,
        0.18999999999999997,
        0.38999999999999996,
        0.59,
        0.7899999999999999,
        0.99,
        1.19,
        1.3900000000000001,
        1.5899999999999999,
        1.7899999999999998,
        1.99
    ],
    "ion_velocity": [
        [
            -1332.6833492536528,
            -60.613892346013564,
            256.62634397418316,
            436.1994999387828,
            2143.424420666148,
            9381.814665431337,
            13197.976635445566,
            15739.296080457318,
            17897.175504211238,
            19676.132820223156,
            21385.48073047581
        ]
    ]
}