{
    "thrust": [
        0.18721101212894156
    ],
    "time": [
        0.001
    ],
    "discharge_current": [
        16.522469283727162
    ],
    "z_normalized": [
        0.0,
        0.18999999999999997,
        0.38999999999999996,
        0.59,
        0.7899999999999999,
        0.99,
        1.19,
        1.3900000000000001,
        1.5899999999999999,
        1.7899999999999998,
        1.99
    ],
    "ion_velocity": [
        [
            -1310.4014841674132,
            -40.43648430881646,
            318.2646741839502,
            1400.7936261024947,
            4799.5900474335685,
            8693.587887915199,
            12286.29988400602,
            15113.611919891242,
            17446.199685387517,
            19391.71655124821,
            21391.23961269945
        ]
    ]
}