{
    "thrust": [
        0.15219868112898782
    ],
    "time": [
        0.001
    ],
    "discharge_current": [
        89.89732596908215
    ],
    "z_normalized": [
        0.0,
        0.18999999999999997,
        0.38999999999999996,
        0.59,
        0.7899999999999999,
        0.99,
        1.19,
        1.3900000000000001,
        1.5899999999999999,
        1.7899999999999998,
        1.99
    ],
    "ion_velocity": [
        [
            -2445.4895962304827,
            1661.0775671904744,
            2439.4557483882922,
            3869.4157760816834,
            5940.048144979352,
            8331.462577368302,
            12011.15490352792,
            15024.062124474023,
            17590.403971592175,
            19745.10228316949,
            21952.064092050627
        ]
    ]
}