{
    "z_normalized": [
        0.0,
        1.99
    ],
    "posterior_prediction": [
        -2450.2192555148113,
        -1146.3546430975505,
        1.4029695520283718,
        586.1744302589245,
        1000.3429919757328,
        1238.9189184024747,
        1381.5204254202833,
        1477.2034871850249,
        1548.8123716246673,
        1609.0997083037255,
        1665.7529566857431,
        1723.1850952975783,
        1783.485520468294,
        1847.43326895023,
        1915.9932348048333,
        1989.769352371807,
        2068.8764016701825,
        2153.754771195104,
        2244.5962345808266,
        2341.806252394002,
        2445.5016679264313,
        2555.984300834344,
        2673.4046666143704,
        2797.8974000500457,
        2929.621379274907,
        3068.7351629135283,
        3215.395634195501,
        3369.66123257827,
        3531.565747713334,
        3701.1015257137833,
        3878.20578863687,
        4062.767649939823,
        4254.574468649312,
        4453.235460894254,
        4658.143599300065,
        4868.081745323943,
        5081.292042422625,
        5295.971569621951,
        5511.813388168611,
        5729.645425214329,
        5950.0229747077465,
        6173.7503754756135,
        6400.969581202913,
        6631.627548216999,
        6866.124423806626,
        7103.844460113593,
        7344.8749148434035,
        7588.056601970526,
        7833.26092838456,
        8076.811991694129,
        8344.789344704453,
        8677.76264157,
        9068.209716891084,
        9476.699763590519,
        9879.120160991184,
        10267.588021418253,
        10641.499643684187,
        11002.461633277368,
        11352.482018668581,
        11692.976697542608,
        12025.275628661413,
        12350.548957286632,
        12669.42258797666,
        12982.327389389513,
        13289.764432036596,
        13592.227174893898,
        13889.90122300915,
        14182.849567316798,
        14471.296916268679,
        14755.361997153275,
        15035.04626142073,
        15310.466140291472,
        15581.581150935444,
        15848.471368314089,
        16111.056380070839,
        16369.39051606347,
        16623.57695499039,
        16873.525149000357,
        17119.286509278587,
        17360.81528832106,
        17598.13912208758,
        17831.32737309183,
        18060.349644504302,
        18285.25324994769,
        18506.10257352516,
        18722.93204137404,
        18935.815131562766,
        19144.848165319112,
        19350.143267473763,
        19551.823536041007,
        19750.035901176987,
        19944.97362718022,
        20136.959963042827,
        20326.236467296123,
        20513.46978606237,
        20699.412077955218,
        20885.991587327626,
        21072.220339433017,
        21269.215576359773,
        21452.63987922387,
        21954.76407237833,
        21954.76407237833
    ]
}