{
    "thrust": [
        0.1437119656668319
    ],
    "time": [
        0.001
    ],
    "discharge_current": [
        111.32052813633973
    ],
    "z_normalized": [
        0.0,
        0.18999999999999997,
        0.38999999999999996,
        0.59,
        0.7899999999999999,
        0.99,
        1.19,
        1.3900000000000001,
        1.5899999999999999,
        1.7899999999999998,
        1.99
    ],
    "ion_velocity": [
        [
            -2684.9208157360044,
            1859.9072963776127,
            2610.6436045045834,
            3991.013801719013,
            5921.969990818742,
            8284.66675992658,
            12100.568834770223,
            15130.640462078894,
            17695.4666495309,
            19848.60338616158,
            22081.547831189724
        ]
    ]
}