{
    "last_iteration": 2,
    "last_c1_log": -0.2300000000000001,
    "last_alpha_log": 0.4624999999999999,
    "last_c1": 0.7945336025033339,
    "last_alpha": 1.588039124315943
}