{
    "timestamp": "2025-01-06T01:11:17.401648",
    "initial_cov": [
        [
            1.0,
            -0.5
        ],
        [
            -0.5,
            1.0
        ]
    ],
    "initial sample": [
        0.02000351122351038,
        1.0034883812015256
    ],
    "iterations": 200,
    "acceptance_rate": 0.065
}