{
    "thrust": [
        0.18683237450273218
    ],
    "time": [
        0.001
    ],
    "discharge_current": [
        12.499037507207758
    ],
    "z_normalized": [
        0.0,
        0.18999999999999997,
        0.38999999999999996,
        0.59,
        0.7899999999999999,
        0.99,
        1.19,
        1.3900000000000001,
        1.5899999999999999,
        1.7899999999999998,
        1.99
    ],
    "ion_velocity": [
        [
            -1332.5623942760856,
            -51.48412319086614,
            272.43667031516765,
            671.190760677766,
            4877.50155777855,
            10203.932260818083,
            13541.64242941656,
            15949.335766167522,
            17980.55017276829,
            19700.581992473657,
            21418.265310019186
        ]
    ]
}