{
    "thrust": [
        0.18588659230876386
    ],
    "time": [
        0.001
    ],
    "discharge_current": [
        12.232918474687736
    ],
    "z_normalized": [
        0.0,
        0.18999999999999997,
        0.38999999999999996,
        0.59,
        0.7899999999999999,
        0.99,
        1.19,
        1.3900000000000001,
        1.5899999999999999,
        1.7899999999999998,
        1.99
    ],
    "ion_velocity": [
        [
            -1341.7431059620926,
            -46.833835517471485,
            269.077847897063,
            638.9560314753232,
            5394.85039688545,
            11031.442962042884,
            14156.043398049,
            16362.70936231906,
            18238.365402395375,
            19837.53303605454,
            21426.656255967282
        ]
    ]
}