{
    "thrust": [
        0.15983768031140203
    ],
    "time": [
        0.001
    ],
    "discharge_current": [
        76.50651700424507
    ],
    "z_normalized": [
        0.0,
        0.18999999999999997,
        0.38999999999999996,
        0.59,
        0.7899999999999999,
        0.99,
        1.19,
        1.3900000000000001,
        1.5899999999999999,
        1.7899999999999998,
        1.99
    ],
    "ion_velocity": [
        [
            -2276.9847549974093,
            1380.7768500783911,
            1860.9572913952288,
            2716.6778672113674,
            4012.8490408962766,
            5762.8125601320735,
            9662.624375943655,
            13307.385256023363,
            16476.904088868196,
            19148.26461328089,
            21847.691498974502
        ]
    ]
}