{
    "thrust": [
        0.1858824147828807
    ],
    "time": [
        0.001
    ],
    "discharge_current": [
        19.555911058765997
    ],
    "z_normalized": [
        0.0,
        0.18999999999999997,
        0.38999999999999996,
        0.59,
        0.7899999999999999,
        0.99,
        1.19,
        1.3900000000000001,
        1.5899999999999999,
        1.7899999999999998,
        1.99
    ],
    "ion_velocity": [
        [
            -1319.5478249705393,
            -36.218756898540335,
            359.3772330135813,
            1833.3741707030208,
            4988.055821059957,
            8619.004493544942,
            12200.531957826573,
            15055.784528344688,
            17397.94942922371,
            19348.937827739275,
            21377.123924135318
        ]
    ]
}