{
    "thrust": [
        0.1871718646424437
    ],
    "time": [
        0.001
    ],
    "discharge_current": [
        10.926355901692142
    ],
    "z_normalized": [
        0.0,
        0.18999999999999997,
        0.38999999999999996,
        0.59,
        0.7899999999999999,
        0.99,
        1.19,
        1.3900000000000001,
        1.5899999999999999,
        1.7899999999999998,
        1.99
    ],
    "ion_velocity": [
        [
            -1359.7275843102282,
            -54.153176974965696,
            248.98540239356225,
            438.54966879412706,
            2896.3002322288075,
            10338.486930973804,
            13775.90448328651,
            16115.929963684752,
            18121.896950888346,
            19821.859190176714,
            21469.53984298615
        ]
    ]
}