{
    "thrust": [
        0.18890729789514862
    ],
    "time": [
        0.001
    ],
    "discharge_current": [
        10.586969887482377
    ],
    "z_normalized": [
        0.0,
        0.18999999999999997,
        0.38999999999999996,
        0.59,
        0.7899999999999999,
        0.99,
        1.19,
        1.3900000000000001,
        1.5899999999999999,
        1.7899999999999998,
        1.99
    ],
    "ion_velocity": [
        [
            -1362.80769536402,
            -56.233245703604915,
            257.00255563575206,
            433.85438521050537,
            2488.468284887995,
            9918.59268993218,
            13538.229361199004,
            15950.795169717392,
            18006.54655403496,
            19718.311010446057,
            21384.963030224706
        ]
    ]
}