{
    "thrust": [
        0.1886349720150339
    ],
    "time": [
        0.001
    ],
    "discharge_current": [
        10.589762032996163
    ],
    "z_normalized": [
        0.0,
        0.18999999999999997,
        0.38999999999999996,
        0.59,
        0.7899999999999999,
        0.99,
        1.19,
        1.3900000000000001,
        1.5899999999999999,
        1.7899999999999998,
        1.99
    ],
    "ion_velocity": [
        [
            -1369.8096510566302,
            -62.873238774409245,
            255.97810045233854,
            431.9615252768127,
            2069.745932538178,
            9265.450186411173,
            13083.419956398737,
            15636.660726000986,
            17807.986137135424,
            19624.148845258347,
            21406.363631337812
        ]
    ]
}