{
    "thrust": [
        0.18543018177697415
    ],
    "time": [
        0.001
    ],
    "discharge_current": [
        19.199065669383007
    ],
    "z_normalized": [
        0.0,
        0.18999999999999997,
        0.38999999999999996,
        0.59,
        0.7899999999999999,
        0.99,
        1.19,
        1.3900000000000001,
        1.5899999999999999,
        1.7899999999999998,
        1.99
    ],
    "ion_velocity": [
        [
            -1338.418902914923,
            -34.081908593848446,
            356.4611589585989,
            1828.5262352711752,
            5063.335538787876,
            8751.028842314317,
            12309.658113541522,
            15132.576755413298,
            17451.730972999965,
            19386.718516841072,
            21396.416830278355
        ]
    ]
}