{
    "thrust": [
        0.18862165750204551
    ],
    "time": [
        0.001
    ],
    "discharge_current": [
        10.970309362920164
    ],
    "z_normalized": [
        0.0,
        0.18999999999999997,
        0.38999999999999996,
        0.59,
        0.7899999999999999,
        0.99,
        1.19,
        1.3900000000000001,
        1.5899999999999999,
        1.7899999999999998,
        1.99
    ],
    "ion_velocity": [
        [
            -1329.0964029837953,
            -53.38619266349073,
            249.64124336540436,
            440.35608937526126,
            2597.993014777478,
            9825.496941152722,
            13428.586682954325,
            15878.611741660046,
            17958.723980458577,
            19715.58563305642,
            21435.87889164221
        ]
    ]
}