{
    "thrust": [
        0.1537076307867991
    ],
    "time": [
        0.001
    ],
    "discharge_current": [
        72.81704370564496
    ],
    "z_normalized": [
        0.0,
        0.18999999999999997,
        0.38999999999999996,
        0.59,
        0.7899999999999999,
        0.99,
        1.19,
        1.3900000000000001,
        1.5899999999999999,
        1.7899999999999998,
        1.99
    ],
    "ion_velocity": [
        [
            -2338.674581616126,
            1748.2031158066115,
            3324.2909696556535,
            6112.6195651583785,
            10107.105197616522,
            13206.503551013118,
            15592.046381002901,
            17515.991641104127,
            19151.30219741182,
            20519.556464982925,
            21943.793750868674
        ]
    ]
}