{
    "thrust": [
        0.1825071104965985
    ],
    "time": [
        0.001
    ],
    "discharge_current": [
        27.2304609953137
    ],
    "z_normalized": [
        0.0,
        0.18999999999999997,
        0.38999999999999996,
        0.59,
        0.7899999999999999,
        0.99,
        1.19,
        1.3900000000000001,
        1.5899999999999999,
        1.7899999999999998,
        1.99
    ],
    "ion_velocity": [
        [
            -1327.143482749031,
            -42.46311032669801,
            627.2873708506528,
            2585.0110678254896,
            5477.941614936967,
            8883.422761089347,
            12369.29606844376,
            15145.173179955043,
            17435.38656852563,
            19343.94915258212,
            21356.866076389386
        ]
    ]
}