{
    "thrust": [
        0.18875923427908775
    ],
    "time": [
        0.001
    ],
    "discharge_current": [
        10.72855646751253
    ],
    "z_normalized": [
        0.0,
        0.18999999999999997,
        0.38999999999999996,
        0.59,
        0.7899999999999999,
        0.99,
        1.19,
        1.3900000000000001,
        1.5899999999999999,
        1.7899999999999998,
        1.99
    ],
    "ion_velocity": [
        [
            -1334.0031590654842,
            -55.734609028947936,
            252.88394182482438,
            430.75998649686613,
            2504.9275848718894,
            10040.357357730998,
            13604.1552342684,
            16001.272438423957,
            18044.57633870196,
            19756.206729194684,
            21419.78762436907
        ]
    ]
}