{
    "thrust": [
        0.16960842632770973
    ],
    "time": [
        0.001
    ],
    "discharge_current": [
        49.771645955888495
    ],
    "z_normalized": [
        0.0,
        0.18999999999999997,
        0.38999999999999996,
        0.59,
        0.7899999999999999,
        0.99,
        1.19,
        1.3900000000000001,
        1.5899999999999999,
        1.7899999999999998,
        1.99
    ],
    "ion_velocity": [
        [
            -1886.3045934496156,
            1052.6469732122912,
            2136.6785424242785,
            4033.8375239514135,
            6918.177024780271,
            9874.353373750364,
            13009.605587277554,
            15621.345538702764,
            17870.181030419782,
            19750.371447958536,
            21658.886233930545
        ]
    ]
}