{
    "thrust": [
        0.18566511742678918
    ],
    "time": [
        0.001
    ],
    "discharge_current": [
        13.663368818514233
    ],
    "z_normalized": [
        0.0,
        0.18999999999999997,
        0.38999999999999996,
        0.59,
        0.7899999999999999,
        0.99,
        1.19,
        1.3900000000000001,
        1.5899999999999999,
        1.7899999999999998,
        1.99
    ],
    "ion_velocity": [
        [
            -1341.6521644526679,
            -48.404152724133226,
            284.3111106438478,
            942.3543735995188,
            5348.571945468021,
            10148.00669015966,
            13451.474052658945,
            15884.06413326232,
            17929.290470985157,
            19663.833153645763,
            21414.028624123435
        ]
    ]
}