{
    "thrust": [
        0.1900864029808533
    ],
    "time": [
        0.001
    ],
    "discharge_current": [
        11.938530466153432
    ],
    "z_normalized": [
        0.0,
        0.18999999999999997,
        0.38999999999999996,
        0.59,
        0.7899999999999999,
        0.99,
        1.19,
        1.3900000000000001,
        1.5899999999999999,
        1.7899999999999998,
        1.99
    ],
    "ion_velocity": [
        [
            -1347.5447141500424,
            -69.24754115785912,
            264.92547401618896,
            548.9432186996326,
            3181.0571599399273,
            8562.7279924981,
            12361.522303812579,
            15155.768694747498,
            17499.321181595657,
            19456.929809559835,
            21405.849223790796
        ]
    ]
}