{
    "thrust": [
        0.18575333800733837
    ],
    "time": [
        0.001
    ],
    "discharge_current": [
        14.709655412132339
    ],
    "z_normalized": [
        0.0,
        0.18999999999999997,
        0.38999999999999996,
        0.59,
        0.7899999999999999,
        0.99,
        1.19,
        1.3900000000000001,
        1.5899999999999999,
        1.7899999999999998,
        1.99
    ],
    "ion_velocity": [
        [
            -1335.3576884711688,
            -56.72300554833662,
            292.73109848017276,
            1073.9215241825168,
            4580.624829708241,
            8734.011841004767,
            12349.580698467274,
            15159.392864500709,
            17487.407326111166,
            19429.909449754443,
            21409.125186304907
        ]
    ]
}