{
    "thrust": [
        0.18256063266496972
    ],
    "time": [
        0.001
    ],
    "discharge_current": [
        20.89013466209877
    ],
    "z_normalized": [
        0.0,
        0.18999999999999997,
        0.38999999999999996,
        0.59,
        0.7899999999999999,
        0.99,
        1.19,
        1.3900000000000001,
        1.5899999999999999,
        1.7899999999999998,
        1.99
    ],
    "ion_velocity": [
        [
            -1369.5464736984254,
            -41.85585002218818,
            374.05968111862455,
            1994.3496549151168,
            5061.583189622712,
            8620.137866447716,
            12205.01312874217,
            15073.977526385335,
            17422.141834758408,
            19375.95244883135,
            21417.503542528782
        ]
    ]
}