{
    "thrust": [
        0.16156646039224049
    ],
    "time": [
        0.001
    ],
    "discharge_current": [
        62.5687169234192
    ],
    "z_normalized": [
        0.0,
        0.18999999999999997,
        0.38999999999999996,
        0.59,
        0.7899999999999999,
        0.99,
        1.19,
        1.3900000000000001,
        1.5899999999999999,
        1.7899999999999998,
        1.99
    ],
    "ion_velocity": [
        [
            -2121.5597459779324,
            1407.3641016565134,
            2617.6305906942216,
            4829.253159270281,
            7942.687591699903,
            11009.469248186488,
            14005.145753688494,
            16370.38696958821,
            18388.082223104273,
            20074.493801009445,
            21797.373710751763
        ]
    ]
}