{
    "thrust": [
        0.19136057033964268
    ],
    "time": [
        0.001
    ],
    "discharge_current": [
        10.619493054976385
    ],
    "z_normalized": [
        0.0,
        0.18999999999999997,
        0.38999999999999996,
        0.59,
        0.7899999999999999,
        0.99,
        1.19,
        1.3900000000000001,
        1.5899999999999999,
        1.7899999999999998,
        1.99
    ],
    "ion_velocity": [
        [
            -1352.7948395695043,
            -60.734737887554715,
            253.8914265467434,
            435.12100064062645,
            2177.89992418712,
            9428.51462896179,
            13240.827948192346,
            15774.072010422906,
            17912.34787457321,
            19675.77630836527,
            21375.112716692558
        ]
    ]
}