{
    "thrust": [
        0.1891175811057978
    ],
    "time": [
        0.001
    ],
    "discharge_current": [
        10.507359664334174
    ],
    "z_normalized": [
        0.0,
        0.18999999999999997,
        0.38999999999999996,
        0.59,
        0.7899999999999999,
        0.99,
        1.19,
        1.3900000000000001,
        1.5899999999999999,
        1.7899999999999998,
        1.99
    ],
    "ion_velocity": [
        [
            -1337.8167424375597,
            -59.35859900269295,
            260.3867247000622,
            436.3947034646555,
            2197.850323676798,
            9442.269956769394,
            13218.299176894066,
            15733.72708595535,
            17881.698243355153,
            19667.42418451855,
            21400.983190659397
        ]
    ]
}