iteration,lambda1,lambda2,accepted
10,0.3037208130436473,-0.002063836968121456,T
