{
    "thrust": [
        0.19028237780257373
    ],
    "time": [
        0.001
    ],
    "discharge_current": [
        11.027522827713172
    ],
    "z_normalized": [
        0.0,
        0.18999999999999997,
        0.38999999999999996,
        0.59,
        0.7899999999999999,
        0.99,
        1.19,
        1.3900000000000001,
        1.5899999999999999,
        1.7899999999999998,
        1.99
    ],
    "ion_velocity": [
        [
            -1348.6588917081906,
            -63.31403674367598,
            251.6715889729129,
            446.60971239501623,
            2293.685217793988,
            9164.425706131125,
            12954.815792332216,
            15573.421247274051,
            17786.247998602725,
            19633.88433117394,
            21433.744401624444
        ]
    ]
}