{
    "thrust": [
        0.16962695290431268
    ],
    "time": [
        0.001
    ],
    "discharge_current": [
        50.541422083099825
    ],
    "z_normalized": [
        0.0,
        0.18999999999999997,
        0.38999999999999996,
        0.59,
        0.7899999999999999,
        0.99,
        1.19,
        1.3900000000000001,
        1.5899999999999999,
        1.7899999999999998,
        1.99
    ],
    "ion_velocity": [
        [
            -1893.5013986178528,
            1054.4656123035475,
            2071.6288367853754,
            3837.4912343174915,
            6530.6655104735955,
            9407.369089331047,
            12622.658536745324,
            15350.416839361545,
            17702.118221414927,
            19669.861396860797,
            21659.60183723244
        ]
    ]
}