{
    "thrust": [
        0.18901326132618174
    ],
    "time": [
        0.001
    ],
    "discharge_current": [
        10.871957971866253
    ],
    "z_normalized": [
        0.0,
        0.18999999999999997,
        0.38999999999999996,
        0.59,
        0.7899999999999999,
        0.99,
        1.19,
        1.3900000000000001,
        1.5899999999999999,
        1.7899999999999998,
        1.99
    ],
    "ion_velocity": [
        [
            -1346.0291171584352,
            -58.486303114674605,
            250.2241040975767,
            430.1145331506066,
            2212.197137448142,
            9597.799240981924,
            13285.1760198249,
            15788.545986381223,
            17911.544196965322,
            19690.780853896395,
            21425.11408485972
        ]
    ]
}