{
    "thrust": [
        0.18891655728570178
    ],
    "time": [
        0.001
    ],
    "discharge_current": [
        12.987698227263147
    ],
    "z_normalized": [
        0.0,
        0.18999999999999997,
        0.38999999999999996,
        0.59,
        0.7899999999999999,
        0.99,
        1.19,
        1.3900000000000001,
        1.5899999999999999,
        1.7899999999999998,
        1.99
    ],
    "ion_velocity": [
        [
            -1360.1050839562854,
            -46.83238696269072,
            272.856566395503,
            682.656782561976,
            4134.067999998032,
            8972.915370245746,
            12606.296794001806,
            15328.594358907609,
            17601.953753425038,
            19503.89570743569,
            21413.76043156889
        ]
    ]
}