{
    "thrust": [
        0.18842430169008612
    ],
    "time": [
        0.001
    ],
    "discharge_current": [
        11.595684867427334
    ],
    "z_normalized": [
        0.0,
        0.18999999999999997,
        0.38999999999999996,
        0.59,
        0.7899999999999999,
        0.99,
        1.19,
        1.3900000000000001,
        1.5899999999999999,
        1.7899999999999998,
        1.99
    ],
    "ion_velocity": [
        [
            -1341.519665031354,
            -59.180357663058714,
            257.98565453889336,
            520.9596734059647,
            3500.52038664287,
            9469.120171666344,
            13077.895238267001,
            15647.73891417047,
            17813.17301862182,
            19631.964517576223,
            21430.197539488367
        ]
    ]
}