{
    "thrust": [
        0.19037696278024557
    ],
    "time": [
        0.001
    ],
    "discharge_current": [
        10.785782659094046
    ],
    "z_normalized": [
        0.0,
        0.18999999999999997,
        0.38999999999999996,
        0.59,
        0.7899999999999999,
        0.99,
        1.19,
        1.3900000000000001,
        1.5899999999999999,
        1.7899999999999998,
        1.99
    ],
    "ion_velocity": [
        [
            -1334.3200322765683,
            -63.74446809939038,
            252.77104599185114,
            423.9684581766837,
            1731.170976237214,
            9028.99314445552,
            12932.66148133163,
            15549.673243001427,
            17752.22300144111,
            19595.215098788165,
            21403.89445473924
        ]
    ]
}