{
    "thrust": [
        0.1911360935110975
    ],
    "time": [
        0.001
    ],
    "discharge_current": [
        11.749365874345514
    ],
    "z_normalized": [
        0.0,
        0.18999999999999997,
        0.38999999999999996,
        0.59,
        0.7899999999999999,
        0.99,
        1.19,
        1.3900000000000001,
        1.5899999999999999,
        1.7899999999999998,
        1.99
    ],
    "ion_velocity": [
        [
            -1349.7750630777014,
            -63.23838582112145,
            258.94659354857146,
            518.362431575588,
            2953.3174336614607,
            8561.666474932537,
            12402.239357115217,
            15195.972048391663,
            17535.3558192979,
            19483.72997391008,
            21412.319142198303
        ]
    ]
}