{
    "thrust": [
        0.1956070240169905
    ],
    "time": [
        0.001
    ],
    "discharge_current": [
        11.473982740790282
    ],
    "z_normalized": [
        0.0,
        0.18999999999999997,
        0.38999999999999996,
        0.59,
        0.7899999999999999,
        0.99,
        1.19,
        1.3900000000000001,
        1.5899999999999999,
        1.7899999999999998,
        1.99
    ],
    "ion_velocity": [
        [
            -1344.0111628106433,
            -92.57843238247423,
            259.114615949749,
            482.00512350369917,
            1588.9272901517463,
            6459.827198040338,
            10857.75413146709,
            14166.117844352892,
            16914.82021173297,
            19166.001051199946,
            21386.55304651485
        ]
    ]
}