{
    "thrust": [
        0.1910399905775937
    ],
    "time": [
        0.001
    ],
    "discharge_current": [
        11.60245120451043
    ],
    "z_normalized": [
        0.0,
        0.18999999999999997,
        0.38999999999999996,
        0.59,
        0.7899999999999999,
        0.99,
        1.19,
        1.3900000000000001,
        1.5899999999999999,
        1.7899999999999998,
        1.99
    ],
    "ion_velocity": [
        [
            -1326.9489045343887,
            -63.55535307322767,
            258.8385949625978,
            506.0149897093939,
            2909.8195495060854,
            8718.864277190703,
            12535.21520679131,
            15288.026393705424,
            17597.149035505947,
            19519.229309068327,
            21413.200012954538
        ]
    ]
}