{
    "thrust": [
        0.18210492913615556
    ],
    "time": [
        0.001
    ],
    "discharge_current": [
        19.61624063050799
    ],
    "z_normalized": [
        0.0,
        0.18999999999999997,
        0.38999999999999996,
        0.59,
        0.7899999999999999,
        0.99,
        1.19,
        1.3900000000000001,
        1.5899999999999999,
        1.7899999999999998,
        1.99
    ],
    "ion_velocity": [
        [
            -1358.8816762182953,
            -35.43773244078884,
            371.1064008665002,
            2398.3786932082808,
            6626.498816214815,
            10737.295746527421,
            13811.474060178502,
            16116.159484388038,
            18044.518606655052,
            19701.310514373825,
            21417.151550267405
        ]
    ]
}