{
    "thrust": [
        0.19098970988624733
    ],
    "time": [
        0.001
    ],
    "discharge_current": [
        10.989964939483631
    ],
    "z_normalized": [
        0.0,
        0.18999999999999997,
        0.38999999999999996,
        0.59,
        0.7899999999999999,
        0.99,
        1.19,
        1.3900000000000001,
        1.5899999999999999,
        1.7899999999999998,
        1.99
    ],
    "ion_velocity": [
        [
            -1344.294748951444,
            -63.13044163624704,
            252.18332333758036,
            443.04798989357005,
            2063.6125106508457,
            8912.954431532498,
            12799.53943772312,
            15467.613185628716,
            17712.46758106614,
            19585.45356560982,
            21417.387081183348
        ]
    ]
}