{
    "thrust": [
        0.1874537252400131
    ],
    "time": [
        0.001
    ],
    "discharge_current": [
        13.841338782384467
    ],
    "z_normalized": [
        0.0,
        0.18999999999999997,
        0.38999999999999996,
        0.59,
        0.7899999999999999,
        0.99,
        1.19,
        1.3900000000000001,
        1.5899999999999999,
        1.7899999999999998,
        1.99
    ],
    "ion_velocity": [
        [
            -1311.6762701561727,
            -49.03764183300902,
            286.8724897738204,
            905.878657794284,
            4691.088969318496,
            9218.506033144487,
            12747.435484567952,
            15417.335156020996,
            17643.99010243567,
            19512.71308706483,
            21403.182172352816
        ]
    ]
}