{
    "thrust": [
        0.18950400908373005
    ],
    "time": [
        0.001
    ],
    "discharge_current": [
        12.272212532692757
    ],
    "z_normalized": [
        0.0,
        0.18999999999999997,
        0.38999999999999996,
        0.59,
        0.7899999999999999,
        0.99,
        1.19,
        1.3900000000000001,
        1.5899999999999999,
        1.7899999999999998,
        1.99
    ],
    "ion_velocity": [
        [
            -1335.8467001354095,
            -68.72685397894635,
            265.5445409468346,
            589.5756865576001,
            3357.253643853948,
            8337.77839080609,
            12161.080809381448,
            15035.377621467265,
            17433.01565188852,
            19426.033212681472,
            21414.776479230477
        ]
    ]
}