{
    "thrust": [
        0.18503189627904887
    ],
    "time": [
        0.001
    ],
    "discharge_current": [
        17.019633892551322
    ],
    "z_normalized": [
        0.0,
        0.18999999999999997,
        0.38999999999999996,
        0.59,
        0.7899999999999999,
        0.99,
        1.19,
        1.3900000000000001,
        1.5899999999999999,
        1.7899999999999998,
        1.99
    ],
    "ion_velocity": [
        [
            -1323.3495569405147,
            -39.814511123979585,
            327.13854025784286,
            1689.9514759954445,
            5568.9274481061875,
            9666.773361875945,
            13030.73256012432,
            15602.712610729473,
            17740.045697865742,
            19546.38323101685,
            21405.21951995364
        ]
    ]
}