{
    "last_iteration": 44,
    "last_c1_log": -2.203618373870862,
    "last_alpha_log": 0.39004125595092515,
    "last_c1": 0.11040295558758037,
    "last_alpha": 1.47704172938676
}