{
    "thrust": [
        1.877658831793359
    ],
    "time": [
        0.0008484848484848485
    ],
    "discharge_current": [
        8.610492465468287
    ],
    "z_normalized": [
        0.0,
        0.18999999999999997,
        0.38999999999999996,
        0.59,
        0.7899999999999999,
        0.99,
        1.19,
        1.3900000000000001,
        1.5899999999999999,
        1.7899999999999998,
        1.99
    ],
    "ion_velocity": [
        [
            -167.1309005184812,
            286.03176898892895,
            452.48967950877056,
            635.5813986329629,
            846.000329829865,
            1036.784629457467,
            219.03953362990342,
            245.69330698355324,
            502.5023204235177,
            1089.8646519520125,
            1660.3048311499515
        ]
    ]
}