{
    "thrust": [
        0.1867919407804638
    ],
    "time": [
        0.001
    ],
    "discharge_current": [
        23.959581640726093
    ],
    "z_normalized": [
        0.0,
        0.18999999999999997,
        0.38999999999999996,
        0.59,
        0.7899999999999999,
        0.99,
        1.19,
        1.3900000000000001,
        1.5899999999999999,
        1.7899999999999998,
        1.99
    ],
    "ion_velocity": [
        [
            -1337.15625605014,
            -59.55182136474067,
            403.1054655204902,
            1202.0841260588659,
            2089.2617149297307,
            3988.6064924861394,
            8430.699744333495,
            12683.405405313899,
            15997.009226593222,
            18650.436479069434,
            21374.1594441422
        ]
    ]
}