{
    "thrust": [
        0.20304591760664914
    ],
    "time": [
        0.001
    ],
    "discharge_current": [
        12.670755427064103
    ],
    "z_normalized": [
        0.0,
        0.18999999999999997,
        0.38999999999999996,
        0.59,
        0.7899999999999999,
        0.99,
        1.19,
        1.3900000000000001,
        1.5899999999999999,
        1.7899999999999998,
        1.99
    ],
    "ion_velocity": [
        [
            -1432.0441939289383,
            -97.83824794648095,
            261.37732003988253,
            467.20758520428325,
            752.2515857026327,
            2283.674754999243,
            6645.668660279391,
            11415.348136640509,
            15293.687584082427,
            18335.221623293277,
            21341.69806475324
        ]
    ]
}