{
    "thrust": [
        0.20324329247360384
    ],
    "time": [
        0.001
    ],
    "discharge_current": [
        12.741740381705387
    ],
    "z_normalized": [
        0.0,
        0.18999999999999997,
        0.38999999999999996,
        0.59,
        0.7899999999999999,
        0.99,
        1.19,
        1.3900000000000001,
        1.5899999999999999,
        1.7899999999999998,
        1.99
    ],
    "ion_velocity": [
        [
            -1383.8441256690223,
            -93.29307672971149,
            259.93522663900114,
            470.56526667769697,
            764.960613757605,
            2344.590557537303,
            6715.842031694643,
            11465.43449324411,
            15325.368473645063,
            18352.980115042177,
            21348.062353027715
        ]
    ]
}