{
    "thrust": [
        0.2034541155834119
    ],
    "time": [
        0.001
    ],
    "discharge_current": [
        12.719973502182723
    ],
    "z_normalized": [
        0.0,
        0.18999999999999997,
        0.38999999999999996,
        0.59,
        0.7899999999999999,
        0.99,
        1.19,
        1.3900000000000001,
        1.5899999999999999,
        1.7899999999999998,
        1.99
    ],
    "ion_velocity": [
        [
            -1370.001183198308,
            -93.3893959575409,
            259.2186005533823,
            470.546240094061,
            746.8884496483635,
            2229.7368859799785,
            6579.029346322026,
            11380.234624850831,
            15282.354801455636,
            18338.835534559494,
            21357.58789131061
        ]
    ]
}