{
    "thrust": [
        1.9295384793637769
    ],
    "time": [
        0.0008181818181818182
    ],
    "discharge_current": [
        8.348169866399045
    ],
    "z_normalized": [
        0.0,
        0.18999999999999997,
        0.38999999999999996,
        0.59,
        0.7899999999999999,
        0.99,
        1.19,
        1.3900000000000001,
        1.5899999999999999,
        1.7899999999999998,
        1.99
    ],
    "ion_velocity": [
        [
            -117.75624323651161,
            214.95386044732285,
            305.3984887034899,
            320.09564980574174,
            323.88270449009804,
            286.3536832812156,
            273.1012111424553,
            320.7114666409542,
            553.446495675932,
            1239.6401739986663,
            1638.2579921903252
        ]
    ]
}