{
    "thrust": [
        0.14714080049364706
    ],
    "time": [
        0.001
    ],
    "discharge_current": [
        9.4278442536647
    ],
    "z_normalized": [
        0.0,
        0.18999999999999997,
        0.38999999999999996,
        0.59,
        0.7899999999999999,
        0.99,
        1.19,
        1.3900000000000001,
        1.5899999999999999,
        1.7899999999999998,
        1.99
    ],
    "ion_velocity": [
        [
            -397.4114664766302,
            614.8598207221364,
            1290.065445283407,
            1734.7777078632487,
            1419.2454066015544,
            3186.9522735555447,
            5910.435278019155,
            8951.668842643325,
            11652.24897525262,
            14536.004443438696,
            17928.31809575699
        ]
    ]
}