{
    "thrust": [
        0.20633878924267643
    ],
    "time": [
        0.001
    ],
    "discharge_current": [
        12.120712907716683
    ],
    "z_normalized": [
        0.0,
        0.18999999999999997,
        0.38999999999999996,
        0.59,
        0.7899999999999999,
        0.99,
        1.19,
        1.3900000000000001,
        1.5899999999999999,
        1.7899999999999998,
        1.99
    ],
    "ion_velocity": [
        [
            -1381.7135877294634,
            -113.20684218795543,
            265.7954644123203,
            476.8491603965737,
            712.0664699657065,
            1900.7420627727406,
            6083.290370056894,
            11020.579017509783,
            15061.342103274324,
            18226.77345260406,
            21325.547573119064
        ]
    ]
}