{
    "iteration": 20,
    "c1_log": -0.6553125000000017,
    "alpha_log": 0.045312499999998826,
    "c1": 0.5192797623032289,
    "alpha": 1.0463547946958371,
    "neg_log_posterior_penalty": 1.8652132780673893
}