{
    "thrust": [
        0.1865762313582191
    ],
    "time": [
        0.001
    ],
    "discharge_current": [
        23.619814215445803
    ],
    "z_normalized": [
        0.0,
        0.18999999999999997,
        0.38999999999999996,
        0.59,
        0.7899999999999999,
        0.99,
        1.19,
        1.3900000000000001,
        1.5899999999999999,
        1.7899999999999998,
        1.99
    ],
    "ion_velocity": [
        [
            -1350.439647165214,
            -62.57725996305351,
            734.7824685226336,
            2052.629987350267,
            3696.4220079428014,
            6112.485912581719,
            10132.89381092198,
            13747.480694768507,
            16627.017153560933,
            18939.896387450724,
            21364.061654547335
        ]
    ]
}