{
    "thrust": [
        0.1864256709265823
    ],
    "time": [
        0.001
    ],
    "discharge_current": [
        25.78212594777904
    ],
    "z_normalized": [
        0.0,
        0.18999999999999997,
        0.38999999999999996,
        0.59,
        0.7899999999999999,
        0.99,
        1.19,
        1.3900000000000001,
        1.5899999999999999,
        1.7899999999999998,
        1.99
    ],
    "ion_velocity": [
        [
            -1284.9765035084365,
            -71.08094474816896,
            388.596128635318,
            1120.3890038495117,
            1917.0593844728576,
            3757.2954481902543,
            8230.890517022632,
            12508.685278981895,
            15856.288881950995,
            18568.78366441266,
            21324.619011591956
        ]
    ]
}