{
    "thrust": [
        0.2042918026124982
    ],
    "time": [
        0.001
    ],
    "discharge_current": [
        15.94449222116043
    ],
    "z_normalized": [
        0.0,
        0.18999999999999997,
        0.38999999999999996,
        0.59,
        0.7899999999999999,
        0.99,
        1.19,
        1.3900000000000001,
        1.5899999999999999,
        1.7899999999999998,
        1.99
    ],
    "ion_velocity": [
        [
            -1367.29017558817,
            -12.137607385078452,
            583.8741030840517,
            2325.5586606039496,
            4908.366090788659,
            8048.657625130971,
            11616.45591656511,
            14660.393976969117,
            17164.689764445,
            19232.092141708225,
            21352.05866170555
        ]
    ]
}