{
    "thrust": [
        0.1850354047159621
    ],
    "time": [
        0.001
    ],
    "discharge_current": [
        33.02828221176441
    ],
    "z_normalized": [
        0.0,
        0.18999999999999997,
        0.38999999999999996,
        0.59,
        0.7899999999999999,
        0.99,
        1.19,
        1.3900000000000001,
        1.5899999999999999,
        1.7899999999999998,
        1.99
    ],
    "ion_velocity": [
        [
            -1502.7708766282465,
            179.83076383806858,
            1289.1624284595891,
            2445.0814673101363,
            4110.756622657074,
            6543.937898651698,
            10444.985591129082,
            13819.128802683284,
            16674.58322677162,
            19036.649479403684,
            21431.594131036454
        ]
    ]
}