{
    "thrust": [
        0.19987156042327814
    ],
    "time": [
        0.001
    ],
    "discharge_current": [
        16.905286842917146
    ],
    "z_normalized": [
        0.0,
        0.18999999999999997,
        0.38999999999999996,
        0.59,
        0.7899999999999999,
        0.99,
        1.19,
        1.3900000000000001,
        1.5899999999999999,
        1.7899999999999998,
        1.99
    ],
    "ion_velocity": [
        [
            -1442.8483850722153,
            -19.963869660246242,
            715.4171858706148,
            2541.1062066472946,
            5089.106232290169,
            8209.233596476302,
            11755.520847969581,
            14767.380356252865,
            17240.80351407288,
            19284.78912140681,
            21391.25787059989
        ]
    ]
}