{
    "thrust": [
        0.18698651248256795
    ],
    "time": [
        0.001
    ],
    "discharge_current": [
        22.28562791872738
    ],
    "z_normalized": [
        0.0,
        0.18999999999999997,
        0.38999999999999996,
        0.59,
        0.7899999999999999,
        0.99,
        1.19,
        1.3900000000000001,
        1.5899999999999999,
        1.7899999999999998,
        1.99
    ],
    "ion_velocity": [
        [
            -1379.8148864781454,
            -50.666811903331315,
            935.0124820539999,
            2506.872123565807,
            4589.74922656724,
            7356.935817550037,
            11102.213675845593,
            14363.638952871475,
            16995.58774161988,
            19140.93841965216,
            21392.360175778216
        ]
    ]
}