{
    "thrust": [
        0.186764868495659
    ],
    "time": [
        0.001
    ],
    "discharge_current": [
        27.942284423808722
    ],
    "z_normalized": [
        0.0,
        0.18999999999999997,
        0.38999999999999996,
        0.59,
        0.7899999999999999,
        0.99,
        1.19,
        1.3900000000000001,
        1.5899999999999999,
        1.7899999999999998,
        1.99
    ],
    "ion_velocity": [
        [
            -1309.3322920016478,
            -57.75242917630185,
            806.1464664475071,
            1952.367658234177,
            3374.0674857905415,
            5620.5619339146315,
            9765.413052498681,
            13433.609055679564,
            16405.656497860535,
            18835.846154576884,
            21329.030636561358
        ]
    ]
}