{
    "thrust": [
        0.18594789281338886
    ],
    "time": [
        0.001
    ],
    "discharge_current": [
        26.778467479077065
    ],
    "z_normalized": [
        0.0,
        0.18999999999999997,
        0.38999999999999996,
        0.59,
        0.7899999999999999,
        0.99,
        1.19,
        1.3900000000000001,
        1.5899999999999999,
        1.7899999999999998,
        1.99
    ],
    "ion_velocity": [
        [
            -1309.672902372265,
            -48.06913103502255,
            1269.4249913792205,
            2898.141909416612,
            5197.372215662941,
            8128.776797736852,
            11713.018675333928,
            14716.269128422127,
            17172.620600405997,
            19199.332310553666,
            21334.590107513533
        ]
    ]
}