{
    "thrust": [
        0.18613246653201862
    ],
    "time": [
        0.001
    ],
    "discharge_current": [
        26.556585676232288
    ],
    "z_normalized": [
        0.0,
        0.18999999999999997,
        0.38999999999999996,
        0.59,
        0.7899999999999999,
        0.99,
        1.19,
        1.3900000000000001,
        1.5899999999999999,
        1.7899999999999998,
        1.99
    ],
    "ion_velocity": [
        [
            -1296.2731812169661,
            -59.347194275031754,
            1206.121085137447,
            2800.3255644015294,
            5024.442196646996,
            7898.855544210261,
            11531.348193778878,
            14599.752205940797,
            17100.744794634214,
            19159.476706051635,
            21327.055658906756
        ]
    ]
}