{
    "thrust": 0.09717042352209539,
    "discharge_current": 49.65345582820285,
    "ion_velocity": [
        -2283.034610060561,
        1807.2336533775185,
        4086.2605664176813,
        7901.0372536178675,
        12072.014986425465,
        15785.875334896204,
        18526.374188652182,
        20221.461089370954,
        21157.792625307946,
        21614.89928031913,
        21844.42824998353
    ],
    "z_normalized": [
        0.0,
        0.0076,
        0.0156,
        0.0236,
        0.0316,
        0.039599999999999996,
        0.0476,
        0.0556,
        0.0636,
        0.0716,
        0.0796
    ]
}