{
    "thrust": 0.10444858426031313,
    "discharge_current": 20.113189658110315,
    "ion_velocity": [
        -1637.6647175869027,
        822.1983390457456,
        3289.717421940474,
        7173.4009097280095,
        11815.286147388088,
        15605.219878845679,
        18241.360887688345,
        19930.9563299927,
        20860.928607880414,
        21300.71445076337,
        21503.03477782878
    ],
    "z_normalized": [
        0.0,
        0.0076,
        0.0156,
        0.0236,
        0.0316,
        0.039599999999999996,
        0.0476,
        0.0556,
        0.0636,
        0.0716,
        0.0796
    ]
}