{
    "thrust": 0.09538072207475427,
    "discharge_current": 58.519427778668344,
    "ion_velocity": [
        -2425.6597654120396,
        1938.4923706584689,
        4230.596939229249,
        7988.454748823651,
        12138.15764715061,
        15841.416975751039,
        18585.217462658744,
        20288.92716325958,
        21225.78503683874,
        21685.136844213543,
        21919.994762016264
    ],
    "z_normalized": [
        0.0,
        0.0076,
        0.0156,
        0.0236,
        0.0316,
        0.039599999999999996,
        0.0476,
        0.0556,
        0.0636,
        0.0716,
        0.0796
    ]
}