{
    "thrust": 0.09678258424005039,
    "discharge_current": 52.15351961975665,
    "ion_velocity": [
        -2322.0866873808486,
        1841.5533013883514,
        4112.277400376116,
        7891.480534831588,
        12059.43878357805,
        15782.087515436659,
        18532.79987921759,
        20235.503295395254,
        21174.28970673186,
        21633.132630878124,
        21864.703952269963
    ],
    "z_normalized": [
        0.0,
        0.0076,
        0.0156,
        0.0236,
        0.0316,
        0.039599999999999996,
        0.0476,
        0.0556,
        0.0636,
        0.0716,
        0.0796
    ]
}