{
    "thrust": [
        0.19590854192609033
    ],
    "time": [
        0.001
    ],
    "discharge_current": [
        12.416808216202254
    ],
    "z_normalized": [
        0.0,
        0.18999999999999997,
        0.38999999999999996,
        0.59,
        0.7899999999999999,
        0.99,
        1.19,
        1.3900000000000001,
        1.5899999999999999,
        1.7899999999999998,
        1.99
    ],
    "ion_velocity": [
        [
            -1373.05761660847,
            -89.41392502493338,
            257.44377640843317,
            525.1189282713221,
            1668.7436726483957,
            5215.478754588224,
            9585.130546713428,
            13341.417265044676,
            16426.833352471203,
            18914.315264907877,
            21386.45246973946
        ]
    ]
}