{
    "thrust": [
        0.20455591451773814
    ],
    "time": [
        0.001
    ],
    "discharge_current": [
        15.849470827519934
    ],
    "z_normalized": [
        0.0,
        0.18999999999999997,
        0.38999999999999996,
        0.59,
        0.7899999999999999,
        0.99,
        1.19,
        1.3900000000000001,
        1.5899999999999999,
        1.7899999999999998,
        1.99
    ],
    "ion_velocity": [
        [
            -1381.6246362842041,
            -11.10524948709311,
            571.6069161523006,
            2301.7468484277883,
            4893.136383470961,
            8039.749745336877,
            11608.866762106927,
            14653.90370380217,
            17159.95284355257,
            19228.8658638825,
            21349.261239440846
        ]
    ]
}