{
    "thrust": [
        0.18660425490418772
    ],
    "time": [
        0.001
    ],
    "discharge_current": [
        15.923324817786844
    ],
    "z_normalized": [
        0.0,
        0.18999999999999997,
        0.38999999999999996,
        0.59,
        0.7899999999999999,
        0.99,
        1.19,
        1.3900000000000001,
        1.5899999999999999,
        1.7899999999999998,
        1.99
    ],
    "ion_velocity": [
        [
            -1343.3829712378256,
            -59.226115209074784,
            302.7995274086079,
            1089.7288131448472,
            3712.51154857584,
            7100.579852394084,
            10999.429995410566,
            14286.121448750704,
            16966.930955258198,
            19156.141382991733,
            21400.480094502997
        ]
    ]
}