{
    "thrust": [
        0.1931193111534077
    ],
    "time": [
        0.001
    ],
    "discharge_current": [
        13.029436787279346
    ],
    "z_normalized": [
        0.0,
        0.18999999999999997,
        0.38999999999999996,
        0.59,
        0.7899999999999999,
        0.99,
        1.19,
        1.3900000000000001,
        1.5899999999999999,
        1.7899999999999998,
        1.99
    ],
    "ion_velocity": [
        [
            -1341.1297821060944,
            -72.92593115044977,
            269.0250353757019,
            601.5093870529723,
            2317.7750575959894,
            5916.936910297166,
            10104.119695765678,
            13688.69659139604,
            16628.504404847383,
            19008.674470083464,
            21393.381900008248
        ]
    ]
}