{
    "thrust": [
        0.1985722287926041
    ],
    "time": [
        0.001
    ],
    "discharge_current": [
        17.117070257202432
    ],
    "z_normalized": [
        0.0,
        0.18999999999999997,
        0.38999999999999996,
        0.59,
        0.7899999999999999,
        0.99,
        1.19,
        1.3900000000000001,
        1.5899999999999999,
        1.7899999999999998,
        1.99
    ],
    "ion_velocity": [
        [
            -1454.2137585357978,
            -23.137571998210422,
            744.1755124759004,
            2582.105151864515,
            5126.989503495726,
            8246.576119702111,
            11789.383226229207,
            14794.049253612764,
            17260.564649979933,
            19299.298656335257,
            21403.028292438546
        ]
    ]
}