{
    "thrust": [
        0.1913861414529441
    ],
    "time": [
        0.001
    ],
    "discharge_current": [
        13.96282074848075
    ],
    "z_normalized": [
        0.0,
        0.18999999999999997,
        0.38999999999999996,
        0.59,
        0.7899999999999999,
        0.99,
        1.19,
        1.3900000000000001,
        1.5899999999999999,
        1.7899999999999998,
        1.99
    ],
    "ion_velocity": [
        [
            -1292.3133151919537,
            -61.56060025111543,
            279.8560417707858,
            717.5522635553386,
            2945.877863653921,
            6469.766551221838,
            10518.418146221864,
            13963.944684105361,
            16783.507017878645,
            19074.98792666768,
            21392.12067686464
        ]
    ]
}