{
    "thrust": [
        0.14372469135017651
    ],
    "time": [
        0.001
    ],
    "discharge_current": [
        111.28365557047317
    ],
    "z_normalized": [
        0.0,
        0.18999999999999997,
        0.38999999999999996,
        0.59,
        0.7899999999999999,
        0.99,
        1.19,
        1.3900000000000001,
        1.5899999999999999,
        1.7899999999999998,
        1.99
    ],
    "ion_velocity": [
        [
            -2684.4942624700275,
            1859.346804445392,
            2610.148833677889,
            3990.676093350293,
            5921.743974327255,
            8284.382683395394,
            12100.146226529781,
            15130.271938235774,
            17695.173021709965,
            19848.374083850384,
            22081.33682688878
        ]
    ]
}