{
    "thrust": [
        0.1444842147737584
    ],
    "time": [
        0.001
    ],
    "discharge_current": [
        109.2306374470858
    ],
    "z_normalized": [
        0.0,
        0.18999999999999997,
        0.38999999999999996,
        0.59,
        0.7899999999999999,
        0.99,
        1.19,
        1.3900000000000001,
        1.5899999999999999,
        1.7899999999999998,
        1.99
    ],
    "ion_velocity": [
        [
            -2662.0462286493785,
            1841.9797467681433,
            2595.343008789808,
            3980.9893694234056,
            5922.189110259363,
            8287.276722025188,
            12091.897810524415,
            15120.404751902954,
            17685.220597825682,
            19838.346708694546,
            22068.94894027014
        ]
    ]
}