{
    "thrust": [
        0.18595722456283517
    ],
    "time": [
        0.001
    ],
    "discharge_current": [
        25.35742982822348
    ],
    "z_normalized": [
        0.0,
        0.18999999999999997,
        0.38999999999999996,
        0.59,
        0.7899999999999999,
        0.99,
        1.19,
        1.3900000000000001,
        1.5899999999999999,
        1.7899999999999998,
        1.99
    ],
    "ion_velocity": [
        [
            -1262.3495558801692,
            -72.43275705124091,
            1265.9172222004172,
            3016.712708403644,
            5482.8400287197,
            8539.52644218997,
            12031.990687403057,
            14927.390453763472,
            17285.3355587787,
            19244.274729849978,
            21311.655828637708
        ]
    ]
}