{
    "thrust": [
        0.18296113600198757
    ],
    "time": [
        0.001
    ],
    "discharge_current": [
        27.516656264208635
    ],
    "z_normalized": [
        0.0,
        0.18999999999999997,
        0.38999999999999996,
        0.59,
        0.7899999999999999,
        0.99,
        1.19,
        1.3900000000000001,
        1.5899999999999999,
        1.7899999999999998,
        1.99
    ],
    "ion_velocity": [
        [
            -1325.0133481496193,
            -44.503191604021275,
            597.3370791545794,
            2366.5370467806033,
            4931.902388573895,
            8106.199970678901,
            11758.630734893328,
            14736.53123015943,
            17194.514602697498,
            19223.23796670515,
            21352.615719722562
        ]
    ]
}