{
    "thrust": [
        0.19316779452440955
    ],
    "time": [
        0.001
    ],
    "discharge_current": [
        13.032619931562737
    ],
    "z_normalized": [
        0.0,
        0.18999999999999997,
        0.38999999999999996,
        0.59,
        0.7899999999999999,
        0.99,
        1.19,
        1.3900000000000001,
        1.5899999999999999,
        1.7899999999999998,
        1.99
    ],
    "ion_velocity": [
        [
            -1357.7504734238955,
            -74.3049413081297,
            269.5815471332766,
            600.5175484172901,
            2305.2830136535176,
            5905.541227040066,
            10094.639359203478,
            13681.065906908843,
            16622.884309781428,
            19004.91818472441,
            21391.43489237728
        ]
    ]
}