{
    "thrust": [
        0.19406240421670096
    ],
    "time": [
        0.001
    ],
    "discharge_current": [
        12.93492700794791
    ],
    "z_normalized": [
        0.0,
        0.18999999999999997,
        0.38999999999999996,
        0.59,
        0.7899999999999999,
        0.99,
        1.19,
        1.3900000000000001,
        1.5899999999999999,
        1.7899999999999998,
        1.99
    ],
    "ion_velocity": [
        [
            -1357.238893275946,
            -71.92950454567534,
            267.9947312025495,
            584.849351590604,
            2197.2069275943218,
            5801.660388871422,
            10019.16426129006,
            13632.924931632342,
            16597.403320426805,
            18995.282634384344,
            21393.461678770196
        ]
    ]
}