{
    "thrust": [
        0.19553184882352667
    ],
    "time": [
        0.001
    ],
    "discharge_current": [
        12.52517517766824
    ],
    "z_normalized": [
        0.0,
        0.18999999999999997,
        0.38999999999999996,
        0.59,
        0.7899999999999999,
        0.99,
        1.19,
        1.3900000000000001,
        1.5899999999999999,
        1.7899999999999998,
        1.99
    ],
    "ion_velocity": [
        [
            -1378.5212080634167,
            -85.15085409614595,
            258.8186657311366,
            535.0242637388998,
            1765.165733334071,
            5336.232438876621,
            9674.542647057177,
            13400.875211690285,
            16460.36195315732,
            18928.42464467871,
            21384.151295292293
        ]
    ]
}