{
    "thrust": [
        0.18625273020834063
    ],
    "time": [
        0.001
    ],
    "discharge_current": [
        22.075522598063337
    ],
    "z_normalized": [
        0.0,
        0.18999999999999997,
        0.38999999999999996,
        0.59,
        0.7899999999999999,
        0.99,
        1.19,
        1.3900000000000001,
        1.5899999999999999,
        1.7899999999999998,
        1.99
    ],
    "ion_velocity": [
        [
            -1373.1799376753793,
            -51.62798424991592,
            1141.8099141789357,
            2939.5557747105227,
            5423.019171848979,
            8498.940954016307,
            12007.256791057693,
            14935.111076464678,
            17324.111460833934,
            19305.303535128023,
            21384.759171560927
        ]
    ]
}