{
    "thrust": [
        0.20209294356752652
    ],
    "time": [
        0.001
    ],
    "discharge_current": [
        16.514804999013027
    ],
    "z_normalized": [
        0.0,
        0.18999999999999997,
        0.38999999999999996,
        0.59,
        0.7899999999999999,
        0.99,
        1.19,
        1.3900000000000001,
        1.5899999999999999,
        1.7899999999999998,
        1.99
    ],
    "ion_velocity": [
        [
            -1403.2957676685903,
            -15.166245685944842,
            661.2295759915507,
            2461.6857761653096,
            5024.1637559326255,
            8152.114653111385,
            11703.594868314083,
            14724.693081530668,
            17207.877845363295,
            19259.566077567757,
            21369.512960475025
        ]
    ]
}