{
    "thrust": [
        0.2064431610452061
    ],
    "time": [
        0.001
    ],
    "discharge_current": [
        15.072728682356612
    ],
    "z_normalized": [
        0.0,
        0.18999999999999997,
        0.38999999999999996,
        0.59,
        0.7899999999999999,
        0.99,
        1.19,
        1.3900000000000001,
        1.5899999999999999,
        1.7899999999999998,
        1.99
    ],
    "ion_velocity": [
        [
            -1448.5833328425797,
            12.7461254041178,
            488.39631977768056,
            2058.7996318420824,
            4683.633889135069,
            7861.025412714336,
            11461.050321144423,
            14543.206117534135,
            17083.98082254873,
            19179.221146795142,
            21318.046500905533
        ]
    ]
}