{
    "thrust": [
        0.18847211171220518
    ],
    "time": [
        0.001
    ],
    "discharge_current": [
        20.47598944145852
    ],
    "z_normalized": [
        0.0,
        0.18999999999999997,
        0.38999999999999996,
        0.59,
        0.7899999999999999,
        0.99,
        1.19,
        1.3900000000000001,
        1.5899999999999999,
        1.7899999999999998,
        1.99
    ],
    "ion_velocity": [
        [
            -1374.1559165008366,
            -43.91369213998889,
            1050.2296001020784,
            2872.652006390758,
            5364.607489216114,
            8447.501709659306,
            11961.751350422617,
            14905.954659513807,
            17311.802998477862,
            19305.49342145572,
            21389.264989715284
        ]
    ]
}