{
    "thrust": [
        0.1856453216368172
    ],
    "time": [
        0.001
    ],
    "discharge_current": [
        27.04159712217409
    ],
    "z_normalized": [
        0.0,
        0.18999999999999997,
        0.38999999999999996,
        0.59,
        0.7899999999999999,
        0.99,
        1.19,
        1.3900000000000001,
        1.5899999999999999,
        1.7899999999999998,
        1.99
    ],
    "ion_velocity": [
        [
            -1329.9671860219437,
            -19.124984035541843,
            1387.4814504102753,
            3099.876531894119,
            5563.2645020857835,
            8616.71752268796,
            12099.087990352047,
            14967.798325399663,
            17325.551590857092,
            19281.953805270667,
            21346.531456375735
        ]
    ]
}