{
    "thrust": [
        0.2045713346987376
    ],
    "time": [
        0.001
    ],
    "discharge_current": [
        15.827765002762286
    ],
    "z_normalized": [
        0.0,
        0.18999999999999997,
        0.38999999999999996,
        0.59,
        0.7899999999999999,
        0.99,
        1.19,
        1.3900000000000001,
        1.5899999999999999,
        1.7899999999999998,
        1.99
    ],
    "ion_velocity": [
        [
            -1404.2587722385597,
            -11.134058725952576,
            566.98870194524,
            2291.563094901532,
            4884.685703447422,
            8032.622851516763,
            11603.062228869589,
            14649.811856805803,
            17157.486615067864,
            19227.615862360075,
            21348.78440570225
        ]
    ]
}