{
    "thrust": [
        0.19341454195220958
    ],
    "time": [
        0.001
    ],
    "discharge_current": [
        13.011373980524398
    ],
    "z_normalized": [
        0.0,
        0.18999999999999997,
        0.38999999999999996,
        0.59,
        0.7899999999999999,
        0.99,
        1.19,
        1.3900000000000001,
        1.5899999999999999,
        1.7899999999999998,
        1.99
    ],
    "ion_velocity": [
        [
            -1339.1457297416691,
            -74.10219771081736,
            268.3854337487167,
            600.749605714666,
            2303.348275802407,
            5903.648692155192,
            10093.195725595124,
            13680.411837482712,
            16623.140065935546,
            19005.83467840716,
            21392.67981238243
        ]
    ]
}