{
    "thrust": [
        0.20440663011001048
    ],
    "time": [
        0.001
    ],
    "discharge_current": [
        15.8839874301929
    ],
    "z_normalized": [
        0.0,
        0.18999999999999997,
        0.38999999999999996,
        0.59,
        0.7899999999999999,
        0.99,
        1.19,
        1.3900000000000001,
        1.5899999999999999,
        1.7899999999999998,
        1.99
    ],
    "ion_velocity": [
        [
            -1398.5070115870205,
            -11.456924499950768,
            574.3620742190574,
            2307.41811108546,
            4898.016932999684,
            8044.005146403405,
            11612.341170785814,
            14656.368792390573,
            17161.446112343077,
            19229.60671544272,
            21349.428816627045
        ]
    ]
}