{
    "thrust": [
        0.2055572184381138
    ],
    "time": [
        0.001
    ],
    "discharge_current": [
        15.622542983835196
    ],
    "z_normalized": [
        0.0,
        0.18999999999999997,
        0.38999999999999996,
        0.59,
        0.7899999999999999,
        0.99,
        1.19,
        1.3900000000000001,
        1.5899999999999999,
        1.7899999999999998,
        1.99
    ],
    "ion_velocity": [
        [
            -1419.3440345216893,
            -7.586108755010943,
            541.6725678853223,
            2229.402738930056,
            4833.848088296672,
            7990.335057521189,
            11568.370337669941,
            14624.450025986114,
            17140.78985967489,
            19217.333662953057,
            21342.491439236328
        ]
    ]
}