{
    "thrust": [
        0.19808086122572383
    ],
    "time": [
        0.001
    ],
    "discharge_current": [
        17.205207661465998
    ],
    "z_normalized": [
        0.0,
        0.18999999999999997,
        0.38999999999999996,
        0.59,
        0.7899999999999999,
        0.99,
        1.19,
        1.3900000000000001,
        1.5899999999999999,
        1.7899999999999998,
        1.99
    ],
    "ion_velocity": [
        [
            -1458.1462233855757,
            -24.690756449541997,
            755.5645181614767,
            2597.06632179515,
            5139.75904877202,
            8258.432268580646,
            11800.542194347863,
            14803.32906080084,
            17267.89912250296,
            19305.12934913101,
            21408.37136760193
        ]
    ]
}