{
    "thrust": [
        0.17695272890533856
    ],
    "time": [
        0.001
    ],
    "discharge_current": [
        41.28384542714161
    ],
    "z_normalized": [
        0.0,
        0.18999999999999997,
        0.38999999999999996,
        0.59,
        0.7899999999999999,
        0.99,
        1.19,
        1.3900000000000001,
        1.5899999999999999,
        1.7899999999999998,
        1.99
    ],
    "ion_velocity": [
        [
            -1730.502905436249,
            900.5607607462904,
            1932.2260328310556,
            3513.0935983922723,
            5929.605670136265,
            8851.961130744985,
            12113.67336794944,
            14962.396551331909,
            17424.1610681536,
            19478.236568661265,
            21562.34829013103
        ]
    ]
}