{
    "thrust": [
        0.14534366266872614
    ],
    "time": [
        0.001
    ],
    "discharge_current": [
        106.68375187369797
    ],
    "z_normalized": [
        0.0,
        0.18999999999999997,
        0.38999999999999996,
        0.59,
        0.7899999999999999,
        0.99,
        1.19,
        1.3900000000000001,
        1.5899999999999999,
        1.7899999999999998,
        1.99
    ],
    "ion_velocity": [
        [
            -2636.4488612994332,
            1820.0705608647665,
            2576.343559944036,
            3967.6848557010867,
            5925.9508058441115,
            8293.747047085442,
            12083.794455021702,
            15110.278847249843,
            17675.005764592413,
            19828.05787676935,
            22055.711902191284
        ]
    ]
}