{
    "thrust": [
        0.19132814305536647
    ],
    "time": [
        0.001
    ],
    "discharge_current": [
        19.25224669865943
    ],
    "z_normalized": [
        0.0,
        0.18999999999999997,
        0.38999999999999996,
        0.59,
        0.7899999999999999,
        0.99,
        1.19,
        1.3900000000000001,
        1.5899999999999999,
        1.7899999999999998,
        1.99
    ],
    "ion_velocity": [
        [
            -1403.3794044337897,
            -32.87802771972688,
            972.7117057487874,
            2809.779779141895,
            5311.22243517199,
            8401.082068863321,
            11919.709860983596,
            14879.053923525855,
            17300.650268203288,
            19306.07290074415,
            21393.702269299058
        ]
    ]
}