{
    "thrust": [
        0.19199870125391885
    ],
    "time": [
        0.001
    ],
    "discharge_current": [
        13.31882458102281
    ],
    "z_normalized": [
        0.0,
        0.18999999999999997,
        0.38999999999999996,
        0.59,
        0.7899999999999999,
        0.99,
        1.19,
        1.3900000000000001,
        1.5899999999999999,
        1.7899999999999998,
        1.99
    ],
    "ion_velocity": [
        [
            -1356.2844163808154,
            -70.71209096491603,
            277.4154191042884,
            643.3477912964574,
            2575.540628171732,
            6151.485287802857,
            10277.102489908912,
            13803.472699924849,
            16694.526679294442,
            19039.40543675458,
            21396.769171769847
        ]
    ]
}