{
    "thrust": [
        0.14511491261241988
    ],
    "time": [
        0.001
    ],
    "discharge_current": [
        107.34860791609009
    ],
    "z_normalized": [
        0.0,
        0.18999999999999997,
        0.38999999999999996,
        0.59,
        0.7899999999999999,
        0.99,
        1.19,
        1.3900000000000001,
        1.5899999999999999,
        1.7899999999999998,
        1.99
    ],
    "ion_velocity": [
        [
            -2643.2229149002387,
            1825.8608726778416,
            2581.3579519738655,
            3971.191893495748,
            5924.992405968862,
            8292.072368793377,
            12085.977015317863,
            15112.992906077858,
            17677.737262188788,
            19830.80273576527,
            22059.234059611153
        ]
    ]
}