{
    "thrust": [
        0.18886412586694334
    ],
    "time": [
        0.001
    ],
    "discharge_current": [
        14.88772359458665
    ],
    "z_normalized": [
        0.0,
        0.18999999999999997,
        0.38999999999999996,
        0.59,
        0.7899999999999999,
        0.99,
        1.19,
        1.3900000000000001,
        1.5899999999999999,
        1.7899999999999998,
        1.99
    ],
    "ion_velocity": [
        [
            -1333.6856595016302,
            -57.023255572199304,
            295.2261371304285,
            893.5297786034689,
            3382.8222022659475,
            6827.306003782712,
            10785.9916582566,
            14140.07507395858,
            16880.59766694681,
            19114.054326923713,
            21388.255044774076
        ]
    ]
}