{
    "thrust": [
        0.20416428274740184
    ],
    "time": [
        0.001
    ],
    "discharge_current": [
        15.954094179247223
    ],
    "z_normalized": [
        0.0,
        0.18999999999999997,
        0.38999999999999996,
        0.59,
        0.7899999999999999,
        0.99,
        1.19,
        1.3900000000000001,
        1.5899999999999999,
        1.7899999999999998,
        1.99
    ],
    "ion_velocity": [
        [
            -1400.0474262507005,
            -12.14998926960977,
            582.9777420346246,
            2325.344917012467,
            4912.530221969067,
            8056.354757978785,
            11622.854376451647,
            14664.36998837171,
            17166.98664936744,
            19233.244010566617,
            21351.795964246143
        ]
    ]
}