{
    "thrust": [
        0.19849266446121913
    ],
    "time": [
        0.001
    ],
    "discharge_current": [
        17.13079484610216
    ],
    "z_normalized": [
        0.0,
        0.18999999999999997,
        0.38999999999999996,
        0.59,
        0.7899999999999999,
        0.99,
        1.19,
        1.3900000000000001,
        1.5899999999999999,
        1.7899999999999998,
        1.99
    ],
    "ion_velocity": [
        [
            -1449.979722560158,
            -23.575383508387677,
            746.9845320370691,
            2585.8824927325177,
            5130.2999238407565,
            8249.805361844936,
            11792.538731899722,
            14796.76288091035,
            17262.75535590011,
            19301.038407311655,
            21404.574904951376
        ]
    ]
}