{
    "thrust": [
        0.1912421093109402
    ],
    "time": [
        0.001
    ],
    "discharge_current": [
        19.3069601119025
    ],
    "z_normalized": [
        0.0,
        0.18999999999999997,
        0.38999999999999996,
        0.59,
        0.7899999999999999,
        0.99,
        1.19,
        1.3900000000000001,
        1.5899999999999999,
        1.7899999999999998,
        1.99
    ],
    "ion_velocity": [
        [
            -1383.6256042600626,
            -34.31376642876225,
            977.6022202618261,
            2814.0945640022073,
            5314.919680909651,
            8404.47290204634,
            11923.184421710537,
            14881.804691214906,
            17302.599007711582,
            19307.411309149073,
            21394.973598358254
        ]
    ]
}