{
    "thrust": [
        0.20306923813972244
    ],
    "time": [
        0.001
    ],
    "discharge_current": [
        12.532372910536662
    ],
    "z_normalized": [
        0.0,
        0.18999999999999997,
        0.38999999999999996,
        0.59,
        0.7899999999999999,
        0.99,
        1.19,
        1.3900000000000001,
        1.5899999999999999,
        1.7899999999999998,
        1.99
    ],
    "ion_velocity": [
        [
            -1424.0726172446452,
            -95.05142598203639,
            263.95013062246414,
            460.51193333571007,
            738.5856836637104,
            2272.1931156849123,
            6636.995731195363,
            11396.611915029229,
            15269.948794471284,
            18309.341093337862,
            21312.871143375185
        ]
    ]
}