{
    "thrust": [
        0.15392258307662435
    ],
    "time": [
        0.001
    ],
    "discharge_current": [
        87.14728377260923
    ],
    "z_normalized": [
        0.0,
        0.18999999999999997,
        0.38999999999999996,
        0.59,
        0.7899999999999999,
        0.99,
        1.19,
        1.3900000000000001,
        1.5899999999999999,
        1.7899999999999998,
        1.99
    ],
    "ion_velocity": [
        [
            -2405.216505429507,
            1612.33204152068,
            2352.8329177256874,
            3709.9928023254975,
            5705.8695905088625,
            8011.96741135596,
            11715.592030961432,
            14804.547896429498,
            17443.795089370324,
            19661.203345331207,
            21926.581312198894
        ]
    ]
}