{
    "thrust": [
        0.20340704376747742
    ],
    "time": [
        0.001
    ],
    "discharge_current": [
        12.420874944851485
    ],
    "z_normalized": [
        0.0,
        0.18999999999999997,
        0.38999999999999996,
        0.59,
        0.7899999999999999,
        0.99,
        1.19,
        1.3900000000000001,
        1.5899999999999999,
        1.7899999999999998,
        1.99
    ],
    "ion_velocity": [
        [
            -1404.747473953738,
            -96.47056079736353,
            268.9037897413827,
            457.32547339104275,
            726.2199979213011,
            2195.251282244774,
            6543.039151091355,
            11328.951623844916,
            15228.764858798637,
            18289.098871255257,
            21308.893094161507
        ]
    ]
}