{
    "thrust": [
        0.1565451178977425
    ],
    "time": [
        0.001
    ],
    "discharge_current": [
        82.19966989125695
    ],
    "z_normalized": [
        0.0,
        0.18999999999999997,
        0.38999999999999996,
        0.59,
        0.7899999999999999,
        0.99,
        1.19,
        1.3900000000000001,
        1.5899999999999999,
        1.7899999999999998,
        1.99
    ],
    "ion_velocity": [
        [
            -2341.315307133972,
            1542.123884558149,
            2248.8478566613853,
            3537.28942657384,
            5464.719902517047,
            7711.271288678058,
            11418.825083523094,
            14580.043979680475,
            17291.00044259327,
            19569.960553747416,
            21889.22923978262
        ]
    ]
}