{
    "thrust": [
        0.20327293863059887
    ],
    "time": [
        0.001
    ],
    "discharge_current": [
        12.670483698201705
    ],
    "z_normalized": [
        0.0,
        0.18999999999999997,
        0.38999999999999996,
        0.59,
        0.7899999999999999,
        0.99,
        1.19,
        1.3900000000000001,
        1.5899999999999999,
        1.7899999999999998,
        1.99
    ],
    "ion_velocity": [
        [
            -1399.2276044405983,
            -93.14331981777705,
            260.98337791729256,
            469.6411761393392,
            745.3436944067759,
            2223.81996796538,
            6569.935106438528,
            11369.01387183122,
            15273.334776630269,
            18334.004680175618,
            21356.69665261346
        ]
    ]
}