{
    "thrust": [
        0.20311502120356786
    ],
    "time": [
        0.001
    ],
    "discharge_current": [
        12.493077045871004
    ],
    "z_normalized": [
        0.0,
        0.18999999999999997,
        0.38999999999999996,
        0.59,
        0.7899999999999999,
        0.99,
        1.19,
        1.3900000000000001,
        1.5899999999999999,
        1.7899999999999998,
        1.99
    ],
    "ion_velocity": [
        [
            -1415.9412199132746,
            -98.45969162366733,
            263.65650346249714,
            465.22137240766824,
            734.0903720057748,
            2167.799109281128,
            6499.279021366192,
            11315.459833595123,
            15239.018995021432,
            18315.517917231005,
            21348.897541583847
        ]
    ]
}