{
    "last_iteration": 922,
    "last_c1_log": -0.2,
    "last_alpha_log": 0.5,
    "last_c1": 0.8187307530779818,
    "last_alpha": 1.6487212707001282
}