{
    "thrust": [
        0.18824059121062228
    ],
    "time": [
        0.001
    ],
    "discharge_current": [
        10.432336704595315
    ],
    "z_normalized": [
        0.0,
        0.18999999999999997,
        0.38999999999999996,
        0.59,
        0.7899999999999999,
        0.99,
        1.19,
        1.3900000000000001,
        1.5899999999999999,
        1.7899999999999998,
        1.99
    ],
    "ion_velocity": [
        [
            -1345.7073063534747,
            -56.71814312297169,
            259.1697952019714,
            431.34031945631455,
            2243.2162981994784,
            9564.180267182051,
            13291.083558927467,
            15774.591960724614,
            17898.18809976642,
            19660.01191827723,
            21385.493351181278
        ]
    ]
}