{
    "thrust": [
        0.1867495491814111
    ],
    "time": [
        0.001
    ],
    "discharge_current": [
        15.990717494135566
    ],
    "z_normalized": [
        0.0,
        0.18999999999999997,
        0.38999999999999996,
        0.59,
        0.7899999999999999,
        0.99,
        1.19,
        1.3900000000000001,
        1.5899999999999999,
        1.7899999999999998,
        1.99
    ],
    "ion_velocity": [
        [
            -1331.8548110682852,
            -44.933299552160435,
            310.44285221557266,
            1342.4223368253222,
            4956.185605416968,
            9014.898287577433,
            12543.09894456855,
            15279.478737690562,
            17545.816148420898,
            19444.35504611099,
            21389.64039286128
        ]
    ]
}