{
    "thrust": [
        0.1885794396920346
    ],
    "time": [
        0.001
    ],
    "discharge_current": [
        10.340830700887569
    ],
    "z_normalized": [
        0.0,
        0.18999999999999997,
        0.38999999999999996,
        0.59,
        0.7899999999999999,
        0.99,
        1.19,
        1.3900000000000001,
        1.5899999999999999,
        1.7899999999999998,
        1.99
    ],
    "ion_velocity": [
        [
            -1343.877203654937,
            -35.75708198620594,
            253.1031114116194,
            427.9342289545523,
            2440.9397923157403,
            10216.891776679004,
            13810.357535138237,
            16136.701381864656,
            18108.554760164494,
            19766.747166526402,
            21395.87770796863
        ]
    ]
}