{
    "thrust": [
        0.1893053029579706
    ],
    "time": [
        0.001
    ],
    "discharge_current": [
        11.229943318470996
    ],
    "z_normalized": [
        0.0,
        0.18999999999999997,
        0.38999999999999996,
        0.59,
        0.7899999999999999,
        0.99,
        1.19,
        1.3900000000000001,
        1.5899999999999999,
        1.7899999999999998,
        1.99
    ],
    "ion_velocity": [
        [
            -1330.2001833528846,
            -54.50252030036855,
            254.9543893251927,
            463.8533524279112,
            2924.6033580353965,
            9614.182952759262,
            13252.433035177379,
            15759.615185430326,
            17865.986977333057,
            19632.995764041505,
            21379.007138947556
        ]
    ]
}