{
    "thrust": [
        0.1900453245090587
    ],
    "time": [
        0.001
    ],
    "discharge_current": [
        10.570514833180155
    ],
    "z_normalized": [
        0.0,
        0.18999999999999997,
        0.38999999999999996,
        0.59,
        0.7899999999999999,
        0.99,
        1.19,
        1.3900000000000001,
        1.5899999999999999,
        1.7899999999999998,
        1.99
    ],
    "ion_velocity": [
        [
            -1334.23875255214,
            -61.9595567017319,
            254.61291961243535,
            435.8824591383278,
            2305.9834562377237,
            9622.49436192125,
            13330.65528848303,
            15808.81056705783,
            17925.54998006129,
            19687.24650568513,
            21398.877921004492
        ]
    ]
}