{
    "thrust": [
        0.18855232102363909
    ],
    "time": [
        0.001
    ],
    "discharge_current": [
        12.017541875784438
    ],
    "z_normalized": [
        0.0,
        0.18999999999999997,
        0.38999999999999996,
        0.59,
        0.7899999999999999,
        0.99,
        1.19,
        1.3900000000000001,
        1.5899999999999999,
        1.7899999999999998,
        1.99
    ],
    "ion_velocity": [
        [
            -1355.5860211309214,
            -65.12959139781744,
            263.40249397164257,
            567.2063872254564,
            3564.2399828928114,
            8948.467311795157,
            12651.460677469964,
            15360.570321786803,
            17629.690373414447,
            19526.997010870087,
            21415.38024734311
        ]
    ]
}