{
    "thrust": [
        0.18674393173208684
    ],
    "time": [
        0.001
    ],
    "discharge_current": [
        13.06641112323082
    ],
    "z_normalized": [
        0.0,
        0.18999999999999997,
        0.38999999999999996,
        0.59,
        0.7899999999999999,
        0.99,
        1.19,
        1.3900000000000001,
        1.5899999999999999,
        1.7899999999999998,
        1.99
    ],
    "ion_velocity": [
        [
            -1330.112512094798,
            -47.09548651695975,
            278.68196547090326,
            784.5154447096623,
            5155.9876087872635,
            10204.90856502342,
            13515.152722013332,
            15927.206985709669,
            17959.251296997198,
            19681.692427508304,
            21410.169665615267
        ]
    ]
}