{
    "thrust": [
        0.19137497632452893
    ],
    "time": [
        0.001
    ],
    "discharge_current": [
        10.522750059497255
    ],
    "z_normalized": [
        0.0,
        0.18999999999999997,
        0.38999999999999996,
        0.59,
        0.7899999999999999,
        0.99,
        1.19,
        1.3900000000000001,
        1.5899999999999999,
        1.7899999999999998,
        1.99
    ],
    "ion_velocity": [
        [
            -1348.5307961233627,
            -70.38448228387341,
            258.5715351989595,
            433.41924041987215,
            1839.9536855984352,
            8814.725413552664,
            12805.61396280492,
            15455.659930830267,
            17700.023891889836,
            19555.79487146399,
            21363.20227938752
        ]
    ]
}