{
    "thrust": [
        0.18158698613947474
    ],
    "time": [
        0.001
    ],
    "discharge_current": [
        30.435348018425994
    ],
    "z_normalized": [
        0.0,
        0.18999999999999997,
        0.38999999999999996,
        0.59,
        0.7899999999999999,
        0.99,
        1.19,
        1.3900000000000001,
        1.5899999999999999,
        1.7899999999999998,
        1.99
    ],
    "ion_velocity": [
        [
            -1463.9547296530511,
            5.228176672118754,
            1150.2642835176612,
            3556.5635912543567,
            7160.4497487734525,
            10839.018847790056,
            13811.208610736358,
            16102.45847972877,
            18042.697561176446,
            19694.951766602804,
            21435.500989747776
        ]
    ]
}