{
    "thrust": [
        0.1931743821254011
    ],
    "time": [
        0.001
    ],
    "discharge_current": [
        11.469765113175725
    ],
    "z_normalized": [
        0.0,
        0.18999999999999997,
        0.38999999999999996,
        0.59,
        0.7899999999999999,
        0.99,
        1.19,
        1.3900000000000001,
        1.5899999999999999,
        1.7899999999999998,
        1.99
    ],
    "ion_velocity": [
        [
            -1354.8632305541373,
            -77.28022651069652,
            253.49308763480593,
            478.41982825852097,
            2025.9938250696275,
            7533.337605688626,
            11682.789135370393,
            14713.673682444383,
            17244.085723451477,
            19335.315722919753,
            21399.170071735913
        ]
    ]
}