{
    "thrust": [
        0.19056261960416152
    ],
    "time": [
        0.001
    ],
    "discharge_current": [
        12.705613640796052
    ],
    "z_normalized": [
        0.0,
        0.18999999999999997,
        0.38999999999999996,
        0.59,
        0.7899999999999999,
        0.99,
        1.19,
        1.3900000000000001,
        1.5899999999999999,
        1.7899999999999998,
        1.99
    ],
    "ion_velocity": [
        [
            -1349.639030873071,
            -67.86857057971278,
            271.5488571107557,
            620.196453839078,
            3060.6828673994646,
            7464.860896372539,
            11438.555762233564,
            14561.794754987173,
            17146.715312224747,
            19273.692064395203,
            21404.179084144882
        ]
    ]
}