{
    "thrust": [
        0.18705644124567594
    ],
    "time": [
        0.001
    ],
    "discharge_current": [
        10.279572729022307
    ],
    "z_normalized": [
        0.0,
        0.18999999999999997,
        0.38999999999999996,
        0.59,
        0.7899999999999999,
        0.99,
        1.19,
        1.3900000000000001,
        1.5899999999999999,
        1.7899999999999998,
        1.99
    ],
    "ion_velocity": [
        [
            -1335.6272645769654,
            -52.59331488086478,
            260.53343870730924,
            433.291343667236,
            2427.838833187406,
            9892.607250247536,
            13527.528745122678,
            15940.917999672469,
            18014.558145542418,
            19730.06599856268,
            21403.496373462724
        ]
    ]
}