{
    "thrust": [
        0.18896430857329766
    ],
    "time": [
        0.001
    ],
    "discharge_current": [
        11.11705881287335
    ],
    "z_normalized": [
        0.0,
        0.18999999999999997,
        0.38999999999999996,
        0.59,
        0.7899999999999999,
        0.99,
        1.19,
        1.3900000000000001,
        1.5899999999999999,
        1.7899999999999998,
        1.99
    ],
    "ion_velocity": [
        [
            -1340.9128669443737,
            -60.30093518956261,
            251.81517079316066,
            455.884170381203,
            2662.360308046977,
            9476.268472256554,
            13144.943402240711,
            15678.26276626134,
            17827.88960283907,
            19644.169622167636,
            21434.136687743146
        ]
    ]
}