{
    "thrust": [
        0.2058255349154251
    ],
    "time": [
        0.001
    ],
    "discharge_current": [
        15.579598415611192
    ],
    "z_normalized": [
        0.0,
        0.18999999999999997,
        0.38999999999999996,
        0.59,
        0.7899999999999999,
        0.99,
        1.19,
        1.3900000000000001,
        1.5899999999999999,
        1.7899999999999998,
        1.99
    ],
    "ion_velocity": [
        [
            -1406.6556645178623,
            -6.487844690734006,
            536.6888016003653,
            2216.983324847945,
            4823.384752379259,
            7981.483148562786,
            11561.100943755828,
            14619.028616373253,
            17137.078411575207,
            19214.90051123146,
            21340.98784953726
        ]
    ]
}