{
    "thrust": [
        0.20580896723082878
    ],
    "time": [
        0.001
    ],
    "discharge_current": [
        15.585071161324139
    ],
    "z_normalized": [
        0.0,
        0.18999999999999997,
        0.38999999999999996,
        0.59,
        0.7899999999999999,
        0.99,
        1.19,
        1.3900000000000001,
        1.5899999999999999,
        1.7899999999999998,
        1.99
    ],
    "ion_velocity": [
        [
            -1406.4176496777372,
            -6.68864907651394,
            537.5491804945012,
            2219.3874846726144,
            4825.345222253137,
            7983.135170143431,
            11562.516961953012,
            14620.161570128932,
            17137.93621090916,
            19215.540134269984,
            21341.468345464364
        ]
    ]
}