{
    "thrust": [
        0.19409170349432436
    ],
    "time": [
        0.001
    ],
    "discharge_current": [
        18.43689235688184
    ],
    "z_normalized": [
        0.0,
        0.18999999999999997,
        0.38999999999999996,
        0.59,
        0.7899999999999999,
        0.99,
        1.19,
        1.3900000000000001,
        1.5899999999999999,
        1.7899999999999998,
        1.99
    ],
    "ion_velocity": [
        [
            -1371.380601395503,
            -25.219203847700612,
            909.8232225819881,
            2752.5933088760853,
            5262.498438893823,
            8357.813004664285,
            11880.373569935286,
            14851.5154496957,
            17285.336631265905,
            19299.947832363192,
            21390.849079829182
        ]
    ]
}