{
    "thrust": [
        0.1887039518664486
    ],
    "time": [
        0.001
    ],
    "discharge_current": [
        20.40154127302087
    ],
    "z_normalized": [
        0.0,
        0.18999999999999997,
        0.38999999999999996,
        0.59,
        0.7899999999999999,
        0.99,
        1.19,
        1.3900000000000001,
        1.5899999999999999,
        1.7899999999999998,
        1.99
    ],
    "ion_velocity": [
        [
            -1372.381887613206,
            -42.93287785441477,
            1046.372604857639,
            2869.3562390932193,
            5361.361478569861,
            8444.127380250271,
            11958.218569992245,
            14903.00468350404,
            17309.57503973531,
            19303.866135467786,
            21387.77415260587
        ]
    ]
}