{
    "thrust": [
        0.15417048675806744
    ],
    "time": [
        0.001
    ],
    "discharge_current": [
        85.53108706564423
    ],
    "z_normalized": [
        0.0,
        0.18999999999999997,
        0.38999999999999996,
        0.59,
        0.7899999999999999,
        0.99,
        1.19,
        1.3900000000000001,
        1.5899999999999999,
        1.7899999999999998,
        1.99
    ],
    "ion_velocity": [
        [
            -2389.234599334377,
            1595.6039403329232,
            2383.8629799721466,
            3832.1115154192657,
            5940.760383041796,
            8340.755635281701,
            11986.557530921673,
            14996.436589765282,
            17564.21389448896,
            19720.105813295108,
            21922.374662352144
        ]
    ]
}