{
    "thrust": [
        0.16697198509711142
    ],
    "time": [
        0.001
    ],
    "discharge_current": [
        57.21160049675444
    ],
    "z_normalized": [
        0.0,
        0.18999999999999997,
        0.38999999999999996,
        0.59,
        0.7899999999999999,
        0.99,
        1.19,
        1.3900000000000001,
        1.5899999999999999,
        1.7899999999999998,
        1.99
    ],
    "ion_velocity": [
        [
            -2002.6844758379075,
            1254.647389214049,
            2141.3408565888367,
            3670.572216390414,
            5996.322776113818,
            8631.055092847122,
            12006.24993245278,
            14934.575302055073,
            17459.291806431112,
            19576.762455907086,
            21709.07336816262
        ]
    ]
}