{
    "thrust": [
        0.18869755595707638
    ],
    "time": [
        0.001
    ],
    "discharge_current": [
        20.431960687503178
    ],
    "z_normalized": [
        0.0,
        0.18999999999999997,
        0.38999999999999996,
        0.59,
        0.7899999999999999,
        0.99,
        1.19,
        1.3900000000000001,
        1.5899999999999999,
        1.7899999999999998,
        1.99
    ],
    "ion_velocity": [
        [
            -1360.713890135764,
            -43.62837860292446,
            1048.9768816549,
            2871.5902236314587,
            5363.5967890517195,
            8446.493030200441,
            11960.73149486123,
            14905.152604475341,
            17311.24363050278,
            19305.13781660147,
            21388.969596371095
        ]
    ]
}