{
    "thrust": [
        0.19482589645783496
    ],
    "time": [
        0.001
    ],
    "discharge_current": [
        17.880571514312894
    ],
    "z_normalized": [
        0.0,
        0.18999999999999997,
        0.38999999999999996,
        0.59,
        0.7899999999999999,
        0.99,
        1.19,
        1.3900000000000001,
        1.5899999999999999,
        1.7899999999999998,
        1.99
    ],
    "ion_velocity": [
        [
            -1483.8726181244813,
            -29.683841237393988,
            838.0455877885879,
            2690.4229543595616,
            5218.797105725387,
            8329.859969399497,
            11864.916187351122,
            14852.841709677889,
            17302.30761960894,
            19327.947352225554,
            21426.064595722615
        ]
    ]
}