{
    "thrust": [
        0.18659684067093907
    ],
    "time": [
        0.001
    ],
    "discharge_current": [
        21.887488624637932
    ],
    "z_normalized": [
        0.0,
        0.18999999999999997,
        0.38999999999999996,
        0.59,
        0.7899999999999999,
        0.99,
        1.19,
        1.3900000000000001,
        1.5899999999999999,
        1.7899999999999998,
        1.99
    ],
    "ion_velocity": [
        [
            -1369.689913812418,
            -49.21575080464617,
            1136.4882994124343,
            2936.160066861053,
            5420.833455991648,
            8498.05132721794,
            12007.143170365736,
            14937.017541218685,
            17327.922905100222,
            19310.477864840803,
            21390.63033945106
        ]
    ]
}