{
    "thrust": [
        0.19798497458075712
    ],
    "time": [
        0.001
    ],
    "discharge_current": [
        17.214816348184385
    ],
    "z_normalized": [
        0.0,
        0.18999999999999997,
        0.38999999999999996,
        0.59,
        0.7899999999999999,
        0.99,
        1.19,
        1.3900000000000001,
        1.5899999999999999,
        1.7899999999999998,
        1.99
    ],
    "ion_velocity": [
        [
            -1468.7008456717933,
            -24.679005186175484,
            755.2440758902418,
            2596.6581005715316,
            5139.403363693602,
            8258.103211818167,
            11800.23971167884,
            14803.087401683495,
            17267.71990910057,
            19305.00142180372,
            21408.26852310829
        ]
    ]
}