{
    "thrust": [
        0.16440589190319915
    ],
    "time": [
        0.001
    ],
    "discharge_current": [
        62.66788478591744
    ],
    "z_normalized": [
        0.0,
        0.18999999999999997,
        0.38999999999999996,
        0.59,
        0.7899999999999999,
        0.99,
        1.19,
        1.3900000000000001,
        1.5899999999999999,
        1.7899999999999998,
        1.99
    ],
    "ion_velocity": [
        [
            -2085.0704899211423,
            1339.2497557739155,
            2198.6863392523123,
            3711.074874449373,
            6002.018540585306,
            8562.384228918965,
            11991.443318010872,
            14939.940499906139,
            17476.76379153232,
            19605.367800712807,
            21753.502738419265
        ]
    ]
}