{
    "thrust": [
        0.19954946292770387
    ],
    "time": [
        0.001
    ],
    "discharge_current": [
        16.95534518213563
    ],
    "z_normalized": [
        0.0,
        0.18999999999999997,
        0.38999999999999996,
        0.59,
        0.7899999999999999,
        0.99,
        1.19,
        1.3900000000000001,
        1.5899999999999999,
        1.7899999999999998,
        1.99
    ],
    "ion_velocity": [
        [
            -1424.8165979864084,
            -20.839256244738092,
            725.9842829681558,
            2557.0311691187976,
            5105.083104823802,
            8225.909573623921,
            11770.152265630835,
            14778.264697139495,
            17248.378739132924,
            19289.94393666654,
            21394.890410300064
        ]
    ]
}