{
    "thrust": [
        0.14960434699661118
    ],
    "time": [
        0.001
    ],
    "discharge_current": [
        95.80407046434533
    ],
    "z_normalized": [
        0.0,
        0.18999999999999997,
        0.38999999999999996,
        0.59,
        0.7899999999999999,
        0.99,
        1.19,
        1.3900000000000001,
        1.5899999999999999,
        1.7899999999999998,
        1.99
    ],
    "ion_velocity": [
        [
            -2515.4476038225357,
            1719.390323446975,
            2490.38497182499,
            3908.658422403937,
            5939.400385728353,
            8322.196759941751,
            12043.184764391812,
            15059.773203130346,
            17624.085010858435,
            19776.906886795736,
            21990.457825740847
        ]
    ]
}