{
    "thrust": [
        0.18755747605394613
    ],
    "time": [
        0.001
    ],
    "discharge_current": [
        20.760438802118323
    ],
    "z_normalized": [
        0.0,
        0.18999999999999997,
        0.38999999999999996,
        0.59,
        0.7899999999999999,
        0.99,
        1.19,
        1.3900000000000001,
        1.5899999999999999,
        1.7899999999999998,
        1.99
    ],
    "ion_velocity": [
        [
            -1385.7394524052745,
            -47.533692232613475,
            1062.210955674993,
            2882.868625486399,
            5374.5097540389215,
            8457.50757380275,
            11972.0451043035,
            14914.044845268212,
            17317.36611298911,
            19309.099203780774,
            21392.736137085987
        ]
    ]
}