{
    "thrust": [
        0.16084220491603982
    ],
    "time": [
        0.001
    ],
    "discharge_current": [
        71.2617417731234
    ],
    "z_normalized": [
        0.0,
        0.18999999999999997,
        0.38999999999999996,
        0.59,
        0.7899999999999999,
        0.99,
        1.19,
        1.3900000000000001,
        1.5899999999999999,
        1.7899999999999998,
        1.99
    ],
    "ion_velocity": [
        [
            -2210.154482777267,
            1460.5788812230176,
            2284.919943666259,
            3771.189796083514,
            5997.617027896303,
            8478.566232651623,
            11990.925391627843,
            14964.362595477754,
            17514.0482146977,
            19654.35390485672,
            21822.081706262667
        ]
    ]
}