{
    "thrust": [
        0.18889967530416824
    ],
    "time": [
        0.001
    ],
    "discharge_current": [
        12.641816154662498
    ],
    "z_normalized": [
        0.0,
        0.18999999999999997,
        0.38999999999999996,
        0.59,
        0.7899999999999999,
        0.99,
        1.19,
        1.3900000000000001,
        1.5899999999999999,
        1.7899999999999998,
        1.99
    ],
    "ion_velocity": [
        [
            -1339.7543692548031,
            -67.29404058243655,
            265.69885327218094,
            626.2449399435035,
            3658.705889015355,
            8508.3966051569,
            12268.05761022615,
            15100.088764165454,
            17459.257199573323,
            19424.334372857076,
            21394.33633062568
        ]
    ]
}