{
    "thrust": [
        0.18855098900924883
    ],
    "time": [
        0.001
    ],
    "discharge_current": [
        15.00413279086683
    ],
    "z_normalized": [
        0.0,
        0.18999999999999997,
        0.38999999999999996,
        0.59,
        0.7899999999999999,
        0.99,
        1.19,
        1.3900000000000001,
        1.5899999999999999,
        1.7899999999999998,
        1.99
    ],
    "ion_velocity": [
        [
            -1336.368953771343,
            -55.31536798313915,
            296.1123113553675,
            928.6773024876682,
            3526.6924787977177,
            7040.591625983805,
            10966.570431135284,
            14257.386711879602,
            16949.08457774761,
            19148.226630867222,
            21389.835887471974
        ]
    ]
}