{
    "thrust": [
        0.15179863314929903
    ],
    "time": [
        0.001
    ],
    "discharge_current": [
        91.37459906194765
    ],
    "z_normalized": [
        0.0,
        0.18999999999999997,
        0.38999999999999996,
        0.59,
        0.7899999999999999,
        0.99,
        1.19,
        1.3900000000000001,
        1.5899999999999999,
        1.7899999999999998,
        1.99
    ],
    "ion_velocity": [
        [
            -2459.0955939177743,
            1664.2924192689725,
            2417.986979311151,
            3802.5365050988003,
            5812.722593437802,
            8150.134902354728,
            11865.30449553369,
            14921.866056704524,
            17527.1076303443,
            19715.22598653625,
            21957.641379230874
        ]
    ]
}