{
    "thrust": [
        0.1916803530003749
    ],
    "time": [
        0.001
    ],
    "discharge_current": [
        11.226984862166542
    ],
    "z_normalized": [
        0.0,
        0.18999999999999997,
        0.38999999999999996,
        0.59,
        0.7899999999999999,
        0.99,
        1.19,
        1.3900000000000001,
        1.5899999999999999,
        1.7899999999999998,
        1.99
    ],
    "ion_velocity": [
        [
            -1349.4864896860227,
            -69.07366729298192,
            254.01688027700843,
            463.4321420270984,
            2166.091084488437,
            8377.143004463866,
            12352.472823405817,
            15159.291548068826,
            17517.054184718945,
            19481.04759733637,
            21413.833359665234
        ]
    ]
}