{
    "thrust": [
        0.1907934463454975
    ],
    "time": [
        0.001
    ],
    "discharge_current": [
        10.773079411797804
    ],
    "z_normalized": [
        0.0,
        0.18999999999999997,
        0.38999999999999996,
        0.59,
        0.7899999999999999,
        0.99,
        1.19,
        1.3900000000000001,
        1.5899999999999999,
        1.7899999999999998,
        1.99
    ],
    "ion_velocity": [
        [
            -1338.4606505437703,
            -59.643939970511774,
            251.1715699420603,
            422.08653830893695,
            1685.9688334819245,
            8966.293438323997,
            12889.454885135383,
            15521.488270288868,
            17743.54955050757,
            19599.952138592955,
            21409.28010923579
        ]
    ]
}