{
    "thrust": [
        0.18966450830817352
    ],
    "time": [
        0.001
    ],
    "discharge_current": [
        10.714887047485854
    ],
    "z_normalized": [
        0.0,
        0.18999999999999997,
        0.38999999999999996,
        0.59,
        0.7899999999999999,
        0.99,
        1.19,
        1.3900000000000001,
        1.5899999999999999,
        1.7899999999999998,
        1.99
    ],
    "ion_velocity": [
        [
            -1352.0144739482382,
            -64.0798462037458,
            254.0847675303477,
            426.48186944898504,
            1849.7338716412396,
            9120.541556888742,
            12990.31936016164,
            15574.490034003036,
            17762.917960349696,
            19608.43575928479,
            21424.855977770967
        ]
    ]
}