{
    "thrust": [
        0.03751155736080339
    ],
    "time": [
        0.001
    ],
    "discharge_current": [
        8.640513783862621
    ],
    "z_normalized": [
        0.0,
        0.18999999999999997,
        0.38999999999999996,
        0.59,
        0.7899999999999999,
        0.99,
        1.19,
        1.3900000000000001,
        1.5899999999999999,
        1.7899999999999998,
        1.99
    ],
    "ion_velocity": [
        [
            -791.2136902218426,
            382.1939467808643,
            857.8483834841069,
            1565.1103481223793,
            2360.335872676599,
            3869.3957749424007,
            6462.252348246085,
            9202.363090829174,
            11540.948753812447,
            13547.650133020084,
            15644.848640941447
        ]
    ]
}