{
    "thrust": [
        0.18937082820440798
    ],
    "time": [
        0.001
    ],
    "discharge_current": [
        12.018484588432525
    ],
    "z_normalized": [
        0.0,
        0.18999999999999997,
        0.38999999999999996,
        0.59,
        0.7899999999999999,
        0.99,
        1.19,
        1.3900000000000001,
        1.5899999999999999,
        1.7899999999999998,
        1.99
    ],
    "ion_velocity": [
        [
            -1346.9284058397461,
            -64.59036404341467,
            262.80315882872793,
            562.2321805244002,
            3392.901682059284,
            8717.054549700042,
            12478.514238969074,
            15247.286857091605,
            17564.26730859964,
            19496.548304811997,
            21417.28890561565
        ]
    ]
}