{
    "thrust": [
        0.18524204872353062
    ],
    "time": [
        0.001
    ],
    "discharge_current": [
        19.018898004832305
    ],
    "z_normalized": [
        0.0,
        0.18999999999999997,
        0.38999999999999996,
        0.59,
        0.7899999999999999,
        0.99,
        1.19,
        1.3900000000000001,
        1.5899999999999999,
        1.7899999999999998,
        1.99
    ],
    "ion_velocity": [
        [
            -1353.4541278277848,
            -33.65605676012969,
            352.7127642742669,
            1772.4379361466708,
            4941.422531309027,
            8592.004957687495,
            12188.80053439938,
            15058.208891300132,
            17412.69138935518,
            19372.15985332683,
            21406.824760342202
        ]
    ]
}