{
    "thrust": [
        0.19037213069278275
    ],
    "time": [
        0.001
    ],
    "discharge_current": [
        11.644501344610992
    ],
    "z_normalized": [
        0.0,
        0.18999999999999997,
        0.38999999999999996,
        0.59,
        0.7899999999999999,
        0.99,
        1.19,
        1.3900000000000001,
        1.5899999999999999,
        1.7899999999999998,
        1.99
    ],
    "ion_velocity": [
        [
            -1343.4588713701687,
            -58.643289855101784,
            258.54452859737506,
            510.50118115962994,
            3055.7237726096832,
            8896.664430978126,
            12668.904825606955,
            15370.02905647648,
            17632.660946202468,
            19524.37232658915,
            21401.722332762918
        ]
    ]
}