{
    "thrust": [
        0.18690948390103243
    ],
    "time": [
        0.001
    ],
    "discharge_current": [
        14.00107487952495
    ],
    "z_normalized": [
        0.0,
        0.18999999999999997,
        0.38999999999999996,
        0.59,
        0.7899999999999999,
        0.99,
        1.19,
        1.3900000000000001,
        1.5899999999999999,
        1.7899999999999998,
        1.99
    ],
    "ion_velocity": [
        [
            -1323.6493644608727,
            -49.887657022557164,
            287.9544013925073,
            951.7587171669722,
            4793.414544654822,
            9292.842277012207,
            12799.78541975273,
            15452.984726390665,
            17665.591410199,
            19523.867535814017,
            21405.688822333505
        ]
    ]
}