{
    "thrust": [
        0.19155098620517474
    ],
    "time": [
        0.001
    ],
    "discharge_current": [
        11.690633010812208
    ],
    "z_normalized": [
        0.0,
        0.18999999999999997,
        0.38999999999999996,
        0.59,
        0.7899999999999999,
        0.99,
        1.19,
        1.3900000000000001,
        1.5899999999999999,
        1.7899999999999998,
        1.99
    ],
    "ion_velocity": [
        [
            -1339.9271926093875,
            -63.606787693429226,
            260.0431127664081,
            507.5078929239028,
            2708.6082026414397,
            8291.183050031304,
            12210.414913133482,
            15067.056048934863,
            17453.450858215176,
            19435.49110475603,
            21399.36181823987
        ]
    ]
}