{
    "thrust": [
        0.18401344904513425
    ],
    "time": [
        0.001
    ],
    "discharge_current": [
        35.896382314951055
    ],
    "z_normalized": [
        0.0,
        0.18999999999999997,
        0.38999999999999996,
        0.59,
        0.7899999999999999,
        0.99,
        1.19,
        1.3900000000000001,
        1.5899999999999999,
        1.7899999999999998,
        1.99
    ],
    "ion_velocity": [
        [
            -1595.4594254343526,
            466.2810074616307,
            1415.3616583048258,
            2510.339150302375,
            4137.882422332199,
            6533.656346043673,
            10399.902413499269,
            13781.978860375973,
            16669.54174540982,
            19068.084019565904,
            21481.89805936339
        ]
    ]
}