{
    "thrust": [
        0.19001827540218177
    ],
    "time": [
        0.001
    ],
    "discharge_current": [
        11.303969341513643
    ],
    "z_normalized": [
        0.0,
        0.18999999999999997,
        0.38999999999999996,
        0.59,
        0.7899999999999999,
        0.99,
        1.19,
        1.3900000000000001,
        1.5899999999999999,
        1.7899999999999998,
        1.99
    ],
    "ion_velocity": [
        [
            -1357.293167982782,
            -62.119453919543496,
            254.13160673171248,
            472.4099802443126,
            2782.2654804566705,
            9198.670775021785,
            12930.113493592675,
            15550.146681415928,
            17759.310033973747,
            19608.221138115576,
            21423.051336661123
        ]
    ]
}