{
    "thrust": [
        0.19379162601864786
    ],
    "time": [
        0.001
    ],
    "discharge_current": [
        12.751719927945105
    ],
    "z_normalized": [
        0.0,
        0.18999999999999997,
        0.38999999999999996,
        0.59,
        0.7899999999999999,
        0.99,
        1.19,
        1.3900000000000001,
        1.5899999999999999,
        1.7899999999999998,
        1.99
    ],
    "ion_velocity": [
        [
            -1345.961806087304,
            -79.0013460966801,
            264.9365155092557,
            573.1047284117291,
            2209.804530487321,
            5987.043201801775,
            10203.729300597863,
            13748.278521138805,
            16661.493544217017,
            19024.487788095747,
            21386.334637127733
        ]
    ]
}