{
    "thrust": [
        0.1751732173358424
    ],
    "time": [
        0.001
    ],
    "discharge_current": [
        45.3207440461212
    ],
    "z_normalized": [
        0.0,
        0.18999999999999997,
        0.38999999999999996,
        0.59,
        0.7899999999999999,
        0.99,
        1.19,
        1.3900000000000001,
        1.5899999999999999,
        1.7899999999999998,
        1.99
    ],
    "ion_velocity": [
        [
            -1793.133153143182,
            887.5252698809218,
            1580.7337335646437,
            2593.113507607008,
            4126.408022301854,
            6412.4555885295795,
            10217.218900840846,
            13654.012360677305,
            16623.729133374458,
            19110.25314843943,
            21588.88220695833
        ]
    ]
}