{
    "thrust": [
        0.18593606433911247
    ],
    "time": [
        0.001
    ],
    "discharge_current": [
        23.071690752650678
    ],
    "z_normalized": [
        0.0,
        0.18999999999999997,
        0.38999999999999996,
        0.59,
        0.7899999999999999,
        0.99,
        1.19,
        1.3900000000000001,
        1.5899999999999999,
        1.7899999999999998,
        1.99
    ],
    "ion_velocity": [
        [
            -1329.14317828748,
            -60.56522420010268,
            1179.0869617505482,
            2963.0882360979017,
            5439.921457389886,
            8508.841401603437,
            12012.21216579938,
            14929.303241247906,
            17307.957947211424,
            19281.799523921218,
            21357.463884033965
        ]
    ]
}