{
    "thrust": [
        0.18496941687362287
    ],
    "time": [
        0.001
    ],
    "discharge_current": [
        29.780279263228028
    ],
    "z_normalized": [
        0.0,
        0.18999999999999997,
        0.38999999999999996,
        0.59,
        0.7899999999999999,
        0.99,
        1.19,
        1.3900000000000001,
        1.5899999999999999,
        1.7899999999999998,
        1.99
    ],
    "ion_velocity": [
        [
            -1432.3426365122577,
            155.08111940513658,
            1556.6781556161302,
            3219.09444235175,
            5677.028013335112,
            8722.222184360786,
            12165.566964028276,
            14987.300081519603,
            17366.75490867609,
            19337.923033268056,
            21400.750975713872
        ]
    ]
}