{
    "thrust": [
        0.2037506766296803
    ],
    "time": [
        0.001
    ],
    "discharge_current": [
        16.080280429552648
    ],
    "z_normalized": [
        0.0,
        0.18999999999999997,
        0.38999999999999996,
        0.59,
        0.7899999999999999,
        0.99,
        1.19,
        1.3900000000000001,
        1.5899999999999999,
        1.7899999999999998,
        1.99
    ],
    "ion_velocity": [
        [
            -1389.6221344356245,
            -12.353777807375463,
            602.080972262055,
            2361.705534653795,
            4942.561153437675,
            8082.042153261792,
            11644.114618574691,
            14679.821410085478,
            17176.912593346162,
            19238.99670859934,
            21354.79247566677
        ]
    ]
}