{
    "thrust": [
        0.1940258036088219
    ],
    "time": [
        0.001
    ],
    "discharge_current": [
        18.44555092705034
    ],
    "z_normalized": [
        0.0,
        0.18999999999999997,
        0.38999999999999996,
        0.59,
        0.7899999999999999,
        0.99,
        1.19,
        1.3900000000000001,
        1.5899999999999999,
        1.7899999999999998,
        1.99
    ],
    "ion_velocity": [
        [
            -1378.2995052657018,
            -25.224550088151542,
            909.5749329394043,
            2752.357817689227,
            5262.304539396586,
            8357.643602782175,
            11880.224639307171,
            14851.409062542143,
            17285.276038849246,
            19299.921496935076,
            21390.84334609882
        ]
    ]
}