{
    "thrust": [
        0.15615058597179826
    ],
    "time": [
        0.001
    ],
    "discharge_current": [
        81.40729078040097
    ],
    "z_normalized": [
        0.0,
        0.18999999999999997,
        0.38999999999999996,
        0.59,
        0.7899999999999999,
        0.99,
        1.19,
        1.3900000000000001,
        1.5899999999999999,
        1.7899999999999998,
        1.99
    ],
    "ion_velocity": [
        [
            -2341.2258648410975,
            1575.5236027295505,
            2372.1591444394503,
            3829.099698972056,
            5972.367603093834,
            8395.894789548427,
            12002.053776126008,
            14997.700737389316,
            17556.505651202897,
            19704.612508690658,
            21894.539327175808
        ]
    ]
}