{
    "thrust": [
        0.20688622983643437
    ],
    "time": [
        0.001
    ],
    "discharge_current": [
        15.328112752956518
    ],
    "z_normalized": [
        0.0,
        0.18999999999999997,
        0.38999999999999996,
        0.59,
        0.7899999999999999,
        0.99,
        1.19,
        1.3900000000000001,
        1.5899999999999999,
        1.7899999999999998,
        1.99
    ],
    "ion_velocity": [
        [
            -1410.426933665998,
            2.1143659015429557,
            509.41834342465853,
            2134.6458550966895,
            4753.100998713114,
            7922.086051622619,
            11512.299832471213,
            14582.88796522666,
            17112.731523744143,
            19199.4363591432,
            21331.627270180743
        ]
    ]
}