{
    "thrust": [
        0.20477258263620593
    ],
    "time": [
        0.001
    ],
    "discharge_current": [
        15.764955921489994
    ],
    "z_normalized": [
        0.0,
        0.18999999999999997,
        0.38999999999999996,
        0.59,
        0.7899999999999999,
        0.99,
        1.19,
        1.3900000000000001,
        1.5899999999999999,
        1.7899999999999998,
        1.99
    ],
    "ion_velocity": [
        [
            -1414.8180337633744,
            -10.86998652961728,
            559.7262671950847,
            2275.197007731374,
            4871.583493768895,
            8022.006356753366,
            11594.505608212974,
            14643.647032797984,
            17153.45848394573,
            19225.101374552258,
            21347.08666013999
        ]
    ]
}