{
    "thrust": [
        0.19457815965421016
    ],
    "time": [
        0.001
    ],
    "discharge_current": [
        17.929285508548638
    ],
    "z_normalized": [
        0.0,
        0.18999999999999997,
        0.38999999999999996,
        0.59,
        0.7899999999999999,
        0.99,
        1.19,
        1.3900000000000001,
        1.5899999999999999,
        1.7899999999999998,
        1.99
    ],
    "ion_velocity": [
        [
            -1492.2018636114597,
            -29.556449890643773,
            843.3307167113634,
            2695.4880861788583,
            5222.566927900635,
            8332.70383848826,
            11867.127482601196,
            14854.115431825174,
            17302.70813667879,
            19327.728859300107,
            21425.552922948136
        ]
    ]
}