{
    "thrust": [
        0.20549115936516488
    ],
    "time": [
        0.001
    ],
    "discharge_current": [
        15.632011675431977
    ],
    "z_normalized": [
        0.0,
        0.18999999999999997,
        0.38999999999999996,
        0.59,
        0.7899999999999999,
        0.99,
        1.19,
        1.3900000000000001,
        1.5899999999999999,
        1.7899999999999998,
        1.99
    ],
    "ion_velocity": [
        [
            -1403.8423906149178,
            -8.282442157507186,
            544.0560860433391,
            2235.9411263102784,
            4839.245990985249,
            7994.9672176491185,
            11572.349505347238,
            14627.53315566731,
            17142.995591186784,
            19218.848972113232,
            21343.531115177804
        ]
    ]
}