{
    "thrust": [
        0.18527470127696444
    ],
    "time": [
        0.001
    ],
    "discharge_current": [
        29.097393392279233
    ],
    "z_normalized": [
        0.0,
        0.18999999999999997,
        0.38999999999999996,
        0.59,
        0.7899999999999999,
        0.99,
        1.19,
        1.3900000000000001,
        1.5899999999999999,
        1.7899999999999998,
        1.99
    ],
    "ion_velocity": [
        [
            -1399.6203263986997,
            67.07744054684115,
            1438.9691762499808,
            3036.6259688381465,
            5362.324612558756,
            8311.465079181726,
            11851.053288551195,
            14779.93539444977,
            17233.93320966878,
            19261.510984284654,
            21381.936703664986
        ]
    ]
}